experiment,train_cohorts,test_cohort,subject_id,study,true_label,e_HC,e_PD,alpha_HC,alpha_PD,P_HC,P_PD,uncertainty,predicted_label,is_correct,seed
1,Ga+Ju,Si,SiCo01,Si,0,1.0022892206907272,2.577627331018448,2.002289228141308,3.577627340952555,0.3594680049767096,0.6405319944024086,0.3586985468864441,1,0,42
1,Ga+Ju,Si,SiCo03,Si,0,1.2343183656533558,1.805287569761276,2.2343183805545173,2.805287584662437,0.4438568403323491,0.5561431633929411,0.3970253585527341,1,0,42
1,Ga+Ju,Si,SiCo04,Si,0,1.45657392218709,1.615366980433464,2.456573923428853,2.615366990367572,0.483607488994797,0.5163925023128589,0.3946436196565628,1,0,42
1,Ga+Ju,Si,SiCo05,Si,0,1.565451669196288,2.131308818856875,2.565451671679815,3.131308813889821,0.4502622044334809,0.5497378005335728,0.351210964222749,1,0,42
1,Ga+Ju,Si,SiCo06,Si,0,1.4006824965278308,2.538756417731444,2.400682511428992,3.538756415247917,0.405036103601257,0.5949638908108076,0.3372847766925891,1,0,42
1,Ga+Ju,Si,SiCo07,Si,0,2.484849746028582,1.2116783286134405,3.484849746028582,2.211678331096967,0.6116950331876675,0.3883049686749776,0.3514726186792056,0,1,42
1,Ga+Ju,Si,SiCo08,Si,0,1.0129232921948037,1.575186502188444,2.0129233077168465,2.575186495979627,0.4423687411472201,0.5576312461247047,0.4373397094508012,1,0,42
1,Ga+Ju,Si,SiCo09,Si,0,1.2274871841073036,2.549121464292208,2.2274872014919915,3.549121464292208,0.3867488047108054,0.6132511980831623,0.3466375141094128,1,0,42
1,Ga+Ju,Si,SiCo10,Si,0,1.319707711537679,2.299814400573572,2.3197077264388404,3.2998144129912057,0.4128644733379285,0.5871355260411898,0.3559972736984491,1,0,42
1,Ga+Ju,Si,SiCo11,Si,0,1.8743067532777784,2.623382401963075,2.874306763211886,3.623382409413656,0.4428736089418332,0.5571263898164034,0.3081585429608822,1,0,42
1,Ga+Ju,Si,SiCo12,Si,0,1.3041401865581672,2.513990824421247,2.304140200217565,3.513990819454193,0.3963463002194961,0.603653701643149,0.3438916051139434,1,0,42
1,Ga+Ju,Si,SiCo13,Si,0,2.255563333630562,1.2913086153566835,3.255563338597616,2.291308611631393,0.586758337294062,0.4132416564971208,0.3608977248271306,0,1,42
1,Ga+Ju,Si,SiCo14,Si,0,0.7331721968948841,2.4766786148150763,1.7331721956531208,3.4766786098480225,0.3334892733643452,0.666510726014773,0.3842895453174909,1,0,42
1,Ga+Ju,Si,SiCo15,Si,0,0.8308874458695451,2.0288945908347764,1.8308874517679212,3.028894603252411,0.3798348956430952,0.6201650947332382,0.4126556490858395,1,0,42
1,Ga+Ju,Si,SiCo16,Si,0,0.5750718122969071,3.481195037563642,1.575071816643079,4.481195032596588,0.2605798607692122,0.7394201345741749,0.3304815099885066,1,0,42
1,Ga+Ju,Si,SiCo17,Si,0,0.8287704270333052,2.326972911755244,1.8287704288959503,3.326972891887029,0.3563099640111128,0.6436900272965431,0.3886127316703399,1,0,42
1,Ga+Ju,Si,SiCo18,Si,0,3.4517549375693,0.8384673918286959,4.451754892865817,1.8384673992792768,0.7072283402085304,0.2927716669316093,0.3181688170880079,0,1,42
1,Ga+Ju,Si,SiCo19,Si,0,1.5817846196393173,1.425585168103377,2.581784630815188,2.425585153202216,0.5130101082225641,0.4869898892939091,0.400301178296407,0,1,42
1,Ga+Ju,Si,SiCo20,Si,0,0.618952339903141,3.0379814505577087,1.6189523413777351,4.037981445590655,0.2917375648394227,0.7082624410589536,0.356923045280079,1,0,42
1,Ga+Ju,Si,SiCo21,Si,0,1.2462654300034046,2.83920660118262,2.2462654262781143,3.839206581314405,0.3694386972735325,0.6305613045891126,0.3289491323133309,1,0,42
1,Ga+Ju,Si,SiCo22,Si,0,1.763162871201833,1.7762525454163551,2.763162871201833,2.7762525578339896,0.4979524382700522,0.5020475629717112,0.3613005150109529,1,0,42
1,Ga+Ju,Si,SiCo23,Si,0,0.7008239105343819,2.6436452766259517,1.700823922952016,3.643645266691844,0.3192043509334326,0.6807956447203954,0.3749746245642503,1,0,42
1,Ga+Ju,Si,SiCo24,Si,0,0.328163111815229,3.855200047294298,1.328163102269173,4.855200042327245,0.2166241124893228,0.7833758828540643,0.3250860590487718,1,0,42
1,Ga+Ju,Si,SiCo25,Si,0,1.2188263839731617,1.893705395360788,2.218826395769914,2.893705407778422,0.434838755056262,0.5651612461855015,0.3917579197635253,1,0,42
1,Ga+Ju,Si,SiCo26,Si,0,1.0112426715592544,2.584541837374369,2.0112426752845445,3.584541842341423,0.359773946305116,0.6402260512113571,0.3576274638374646,1,0,42
1,Ga+Ju,Si,SiCo27,Si,0,0.6042461842298508,3.903088296453158,1.6042461842298508,4.903088301420212,0.2467304620270927,0.7532695382833481,0.3074742530783017,1,0,42
1,Ga+Ju,Si,SiCo28,Si,0,0.2289697701732317,3.4782136181990304,1.2289697701732318,4.478213573495547,0.2158525700991352,0.7841474289695421,0.3509457533558209,1,0,42
1,Ga+Ju,Si,SiCo29,Si,0,1.258345212166508,2.1052316228548684,2.258345199127992,3.1052316228548684,0.4212817798058192,0.5787182245403528,0.3730916008353233,1,0,42
1,Ga+Ju,Si,SiCo30,Si,0,1.682765985528628,1.559115434686343,2.682765988012155,2.5591154446204505,0.5090321619063616,0.4909678374727567,0.3826846983283758,0,1,42
1,Ga+Ju,Si,SiPt02,Si,1,0.1500090348999947,6.338316977024078,1.1500090286135674,7.338316977024078,0.1372223830160995,0.8627776193122069,0.2373131240407625,1,1,42
1,Ga+Ju,Si,SiPt04,Si,1,1.9977125450968745,1.188671227544546,2.997712552547455,2.1886712312698364,0.5769371334463358,0.4230628684163093,0.3860546393940846,0,0,42
1,Ga+Ju,Si,SiPt05,Si,1,1.8354965761924784,2.450804599871238,2.835496574640274,3.450804611047109,0.4893535970089336,0.5106463997314373,0.3316466960435112,1,1,42
1,Ga+Ju,Si,SiPt07,Si,1,0.2373424069955945,4.860191871722539,1.2373424048225086,5.860191871722539,0.174972395102183,0.825027604897817,0.2823632583022117,1,1,42
1,Ga+Ju,Si,SiPt08,Si,1,0.5993833071552217,2.916232670346896,1.5993833070000012,3.9162326951821647,0.298421454615891,0.7015785351395607,0.3675330427164833,1,1,42
1,Ga+Ju,Si,SiPt09,Si,1,1.4749887151022751,1.6323295856515567,2.474988723794619,2.63232958316803,0.4855397300173839,0.5144602749496698,0.3918231166899204,1,1,42
1,Ga+Ju,Si,SiPt10,Si,1,1.1055253737916548,2.515459438165029,2.105525361994902,3.515459438165029,0.3778621703386307,0.6221378309031328,0.356983953466018,1,1,42
1,Ga+Ju,Si,SiPt12,Si,1,0.1255533051832268,4.815045237541199,1.1255533049503963,5.815045237541199,0.1630920995958149,0.8369079008698463,0.2892734746759136,1,1,42
1,Ga+Ju,Si,SiPt13,Si,1,0.7916992697864771,3.1974696467320123,1.7916992704073589,4.197469611962636,0.3006097224230568,0.6993902822335561,0.3346214896688859,1,1,42
1,Ga+Ju,Si,SiPt14,Si,1,0.9088116101920604,2.590762043992678,1.908811608950297,3.5907620390256247,0.3503813787053029,0.6496186200529337,0.3646957197537024,1,1,42
1,Ga+Ju,Si,SiPt15,Si,1,0.1539052026346326,4.157156725724538,1.1539052079121273,5.157156735658646,0.1851851749233901,0.8148148283362389,0.3195695262402296,1,1,42
1,Ga+Ju,Si,SiPt16,Si,1,1.83315126846234,1.2124303753177326,2.833151270945867,2.212430387735367,0.5615591549625,0.4384408462792635,0.3967292519907157,0,0,42
1,Ga+Ju,Si,SiPt17,Si,1,2.0647345508138337,1.2068584834535916,3.064734548330307,2.206858483453592,0.5811960343271494,0.4188039675354957,0.3799981356908877,0,0,42
1,Ga+Ju,Si,SiPt18,Si,1,1.1543331515664856,1.7919904217123983,2.1543331518769264,2.791990429162979,0.4401841356108586,0.5598158600429693,0.4062655338396628,1,1,42
1,Ga+Ju,Si,SiPt19,Si,1,0.6370451155429085,2.5111892223358154,1.6370451201995213,3.5111892273028693,0.3267448336506883,0.6732551616926988,0.3931808546185493,1,1,42
1,Ga+Ju,Si,SiPt20,Si,1,0.6013719389835993,3.1599501023689904,1.6013719389835994,4.1599501470724745,0.2784566404297948,0.7215433642268181,0.3476010505110025,1,1,42
1,Ga+Ju,Si,SiPt21,Si,1,0.9223094396293164,2.435358894368013,1.9223094259699185,3.4353588918844857,0.3598656520868341,0.6401343494653702,0.373814212779204,1,1,42
1,Ga+Ju,Si,SiPt22,Si,1,0.2429573993819455,4.7069428116083145,1.2429574007789297,5.706942816575368,0.179864063548545,0.8201359324157238,0.2886039093136787,1,1,42
1,Ga+Ju,Si,SiPt23,Si,1,0.4313677201668421,4.186045880119006,1.4313677176833153,5.186045875151952,0.2175902463495731,0.7824097561339537,0.3029605528960625,1,1,42
1,Ga+Ju,Si,SiPt24,Si,1,0.9115868620574474,2.994707067807516,1.911586868266265,3.994707067807516,0.3256076844409108,0.674392311523358,0.3393373178939025,1,1,42
1,Ga+Ju,Si,SiPt25,Si,1,0.9959452877131602,2.298041192193826,1.9959452773133917,3.298041194677353,0.3810642582053939,0.6189357402424017,0.3794919271022081,1,1,42
1,Ga+Ju,Si,SiPt27,Si,1,0.211894156721731,4.192828973134358,1.2118941495815914,5.192828993002574,0.1909305630251765,0.8090694372852644,0.313706973567605,1,1,42
1,Ga+Ju,Si,SiPt28,Si,1,0.7971772840246558,2.780250959098339,1.7971772849559784,3.7802509516477594,0.3250326129297415,0.6749673895537853,0.359451238065958,1,1,42
1,Ga+Ju,Si,SiPt29,Si,1,0.2181927474836508,3.6712331970532737,1.2181927462418871,4.67123319208622,0.2078304678822557,0.7921695398787657,0.3408574896554152,1,1,42
1,Ga+Ju,Si,SiPt30,Si,1,0.7639027213056883,2.3955593407154083,1.7639027163386345,3.3955593407154083,0.3429349573949973,0.6570650438467661,0.3882792393366496,1,1,42
1,Ga+Ju,Si,SiPt31,Si,1,0.4286513784900307,3.2355728844801583,1.4286513800422351,4.235572864611943,0.2547142943367362,0.745285709698995,0.3546655693401893,1,1,42
1,Ga+Ju,Si,SiPt32,Si,1,1.1386931166052818,1.5650435214241345,2.138693121572336,2.5650435288747158,0.4561385860045751,0.5438614139954249,0.4258340516438086,1,1,42
1,Ga+Ju,Si,SiPt33,Si,1,1.3927989738682909,1.5054416594405968,2.392798990011215,2.505441650748253,0.4888263369599978,0.5111736667652925,0.4090085501472155,1,1,42
1,Ga+Ju,Si,SiPt34,Si,1,1.7970821484923365,1.0318195174137752,2.7970821460088096,2.031819519897302,0.5774958630402883,0.4225041382014751,0.4146091633786757,0,0,42
1,Ga+Ju,Si,SiPt35,Si,1,2.724774546921253,1.2528023434182007,3.724774559338888,2.2528023396929107,0.6207235424468914,0.3792764668663342,0.3352759790917237,0,0,42
1,Ga+Ju,Si,SiPt36,Si,1,0.7945650890469551,3.195810285707315,1.7945650964975357,4.195810317993164,0.3016976636524002,0.698302336037159,0.3347618971019983,1,1,42
1,Ga+Ju,Si,SiPt37,Si,1,1.2204672840113442,2.322734624147415,2.220467286805312,3.322734609246254,0.4073800258338451,0.5926199698199829,0.3629543619851271,1,1,42
1,Ga+Ju,Si,SiPt38,Si,1,1.2879150323569777,2.178195277849833,2.287915028631687,3.1781952679157257,0.420053668320179,0.5799463304380575,0.366405092800657,1,1,42
1,Ga+Ju,Si,SiPt39,Si,1,0.4964235424995422,2.957152997454008,1.4964235424995422,3.957153002421061,0.2764121626193325,0.7235878395537535,0.3679966523001591,1,1,42
1,Ga+Ju,Si,SiPt40,Si,1,1.135742712765932,2.0485711470246315,2.135742704073588,3.048571139574051,0.4120347114900748,0.5879652947187424,0.3860518274207909,1,1,42
2,Ga+Si,Ju,JuCo01,Ju,0,0.6316679290362767,0.3738232588484174,1.6316679261979603,1.3738232396897816,0.5430471882933662,0.4569528060300009,0.6656619736126491,0,1,42
2,Ga+Si,Ju,JuCo02,Ju,0,0.9778047576546668,0.3035933980718255,1.9778047874569893,1.3035933896899223,0.6016571242362261,0.3983428832143545,0.6098411232233047,0,1,42
2,Ga+Si,Ju,JuCo03,Ju,0,0.3609572891145944,1.0528197847306728,1.3609572872519493,2.0528197810053825,0.4003958981484175,0.5996041111648083,0.5873920191079378,1,0,42
2,Ga+Si,Ju,JuCo04,Ju,0,0.7602818186084429,0.3714543730020523,1.7602818210919695,1.3714543614122603,0.5622796027196778,0.4377203981081645,0.6389218734370338,0,1,42
2,Ga+Si,Ju,JuCo05,Ju,0,0.8205052392823355,0.4831408304827554,1.820505254609244,1.483140822819301,0.550857755116054,0.4491422465869358,0.6055506655148097,0,1,42
2,Ga+Si,Ju,JuCo06,Ju,0,0.1562923900378139,2.083534922288812,1.1562923970429793,3.0835349352463437,0.2776987206028855,0.7223012771295465,0.4781946701847989,1,0,42
2,Ga+Si,Ju,JuCo07,Ju,0,1.5645857211202383,0.0827940366580151,2.5645857341587543,1.0827940367162228,0.6993974670767784,0.3006025329232216,0.5528191467747092,0,1,42
2,Ga+Si,Ju,JuCo08,Ju,0,1.1288773051717065,0.1912190941247073,2.128877292979847,1.1912190878030025,0.6395694848262903,0.3604305124644077,0.6038952975562124,0,1,42
2,Ga+Si,Ju,JuCo09,Ju,0,0.519521999743677,0.2391956049588418,1.5195219901300243,1.2391956083236202,0.5506325892863735,0.4493674049454351,0.7252913021272228,0,1,42
2,Ga+Si,Ju,JuCo11,Ju,0,0.3286926816735003,0.8603737122482724,1.32869267794821,1.8603737188710108,0.4198066219687462,0.5801933821704652,0.6295105732149548,1,0,42
2,Ga+Si,Ju,JuCo12,Ju,0,0.1913177633756085,1.7148340893419165,1.1913177716104608,2.71483410032172,0.312313544907068,0.6876864496030306,0.5202352279110959,1,0,42
2,Ga+Si,Ju,JuCo13,Ju,0,1.37882485654619,0.1665696520358324,2.378824839989344,1.166569646861818,0.6683199769920773,0.3316800155573421,0.566517759528425,0,1,42
2,Ga+Si,Ju,JuCo14,Ju,0,0.1174516677856445,2.220894382845971,1.1174516754765664,3.220894390536893,0.2585253037752644,0.7414746938213226,0.4621738839534021,1,0,42
2,Ga+Si,Ju,JuCo15,Ju,0,0.9809275170167288,0.0865056835528877,1.980927540196313,1.086505674653583,0.6442770212888718,0.3557229787111282,0.653963127070003,0,1,42
2,Ga+Si,Ju,JuCo16,Ju,0,1.377424787481626,0.2516713174680868,2.3774248043696087,1.2516713261604309,0.6516354540983836,0.3483645508686701,0.5529541730880737,0,1,42
2,Ga+Si,Ju,JuCo17,Ju,0,1.8639852958066123,0.0892316516089652,2.863985295806612,1.0892316443579535,0.7199886249644416,0.2800113814217703,0.5108792207070759,0,1,42
2,Ga+Si,Ju,JuCo18,Ju,0,0.6269674334261153,0.540453317678637,1.6269674234920075,1.540453314781189,0.5149400797155168,0.4850599219401677,0.6328816446993086,0,1,42
2,Ga+Si,Ju,JuCo19,Ju,0,0.6428093857624951,0.388105473755037,1.6428093840094171,1.3881054590730106,0.5431122841203914,0.4568877088672974,0.6609031154828913,0,1,42
2,Ga+Si,Ju,JuCo20,Ju,0,0.2306904333333174,1.527601060413179,1.2306904367038185,2.527601051898229,0.3334252419216292,0.6665747534661066,0.5378850130807786,1,0,42
2,Ga+Si,Ju,JuCo21,Ju,0,0.6465574322562468,0.6404065928961101,1.6465574314719753,1.6404065960331966,0.5021997729414388,0.4978002372540925,0.6094453774000469,0,1,42
2,Ga+Si,Ju,JuCo22,Ju,0,0.4702332235480609,0.5177565946390754,1.4702332176660236,1.517756593854804,0.49318927526474,0.5068107286566182,0.669982765850268,1,0,42
2,Ga+Si,Ju,JuCo23,Ju,0,0.4768112055384196,0.7353486724388905,1.4768112164277296,1.7353486617406209,0.4696286645455238,0.5303713350723951,0.6313007061298077,1,0,42
2,Ga+Si,Ju,JuCo24,Ju,0,1.6340213157236576,0.0576487496146,2.6340213119983678,1.0576487518846989,0.7104866839945316,0.2895133192650974,0.5457540899515152,0,1,42
2,Ga+Si,Ju,JuCo25,Ju,0,0.6212664621345925,0.4735181810277881,1.6212664698109482,1.4735181801246875,0.5222765315662731,0.4777234702399283,0.6477047096599232,0,1,42
2,Ga+Si,Ju,JuCo26,Ju,0,1.2288094377145171,0.2053621446248144,2.2288094349205494,1.205362144857645,0.6479338789358735,0.3520661108195781,0.5834772475063801,0,1,42
2,Ga+Si,Ju,JuPt01,Ju,1,0.4500107783299023,0.8558069032990571,1.4500107774581004,1.855806901588812,0.4431677166844812,0.5568322806184179,0.6105243701879915,1,1,42
2,Ga+Si,Ju,JuPt02,Ju,1,0.407779122787443,0.7815654928034003,1.40777911381288,1.7815655090592124,0.4508179087530483,0.5491820926016028,0.634647317908027,1,1,42
2,Ga+Si,Ju,JuPt03,Ju,1,0.085345200148035,2.7214027207995217,1.0853452010475688,3.721402710385248,0.2297167579813153,0.7702832431372942,0.4212846379246514,1,1,42
2,Ga+Si,Ju,JuPt04,Ju,1,0.0242313509061932,4.893033323287964,1.0242313432693482,5.893033332824707,0.1490334075689315,0.8509665966033936,0.2908615285158157,1,1,42
2,Ga+Si,Ju,JuPt05,Ju,1,0.565842248061124,0.4344355744474074,1.5658422428018903,1.4344355569166296,0.5227342055124395,0.4772658032529494,0.6671380575965432,0,0,42
2,Ga+Si,Ju,JuPt06,Ju,1,0.1505199048904441,1.3108700019506865,1.1505199024035715,2.310870001628001,0.3374986688986593,0.6625013286693644,0.5839474684344416,1,1,42
2,Ga+Si,Ju,JuPt07,Ju,1,0.8128854946957694,0.481693937546677,1.8128855029741924,1.4816939565870495,0.5502306355370415,0.4497693611515893,0.6071547700299157,0,0,42
2,Ga+Si,Ju,JuPt08,Ju,1,0.2882955705418306,0.7501979680622325,1.2882955705418306,1.7501979785806991,0.4248882584712085,0.5751117380226359,0.659056800253251,1,1,42
2,Ga+Si,Ju,JuPt09,Ju,1,0.1452625311588605,2.7716960294592825,1.145262531123994,3.7716960298984015,0.2352109296380557,0.7647890712969694,0.4093610987593331,1,1,42
2,Ga+Si,Ju,JuPt10,Ju,1,0.5462092810170943,0.6065828179037079,1.5462092802646177,1.6065828187682236,0.4956053861925404,0.5043946161542184,0.6379447985751627,1,1,42
2,Ga+Si,Ju,JuPt11,Ju,1,0.1993107140249308,1.3522423235923404,1.1993107131983258,2.35224232397714,0.3437896887875382,0.6562103106381715,0.568743215383819,1,1,42
2,Ga+Si,Ju,JuPt12,Ju,1,0.1098944726280677,1.799359605862544,1.1098944774040809,2.799359599749247,0.2888596673042346,0.7111403346061707,0.5185334865863507,1,1,42
2,Ga+Si,Ju,JuPt13,Ju,1,0.052093189367308,3.442978921303382,1.0520931904132549,4.442978917635404,0.1940638157037588,0.8059361842962411,0.3681659139119662,1,1,42
2,Ga+Si,Ju,JuPt14,Ju,1,0.1237167626460816,2.779393254442418,1.123716762725343,3.7793932569787856,0.2384030257767819,0.7615969726379882,0.4187404735291258,1,1,42
2,Ga+Si,Ju,JuPt15,Ju,1,0.6660164235335228,0.2934853427617924,1.666016422452678,1.293485346988786,0.5627647855742112,0.4372352121850127,0.6764769052731575,0,0,42
2,Ga+Si,Ju,JuPt16,Ju,1,0.2542020181814829,0.8973956955106634,1.254202014521549,1.897395694464968,0.400681615921489,0.599318384078511,0.6373046186932346,1,1,42
2,Ga+Si,Ju,JuPt17,Ju,1,0.3271112873366004,1.816309655967512,1.3271112881208722,2.816309649693338,0.3247068500832507,0.675293145995391,0.4864657238910073,1,1,42
2,Ga+Si,Ju,JuPt18,Ju,1,0.0391590542780856,2.662748722803025,1.039159059524536,3.662748729614985,0.2255839169025421,0.7744160856519426,0.433456319854373,1,1,42
2,Ga+Si,Ju,JuPt19,Ju,1,0.3253263756632805,1.285845948232187,1.325326378281052,2.285845940177505,0.3734506038395134,0.6265494034097001,0.5594126823786143,1,1,42
2,Ga+Si,Ju,JuPt20,Ju,1,0.6956973302547087,1.115428185795265,1.695697326760616,2.1154281893188416,0.4546045274644457,0.5453954732777249,0.5297642486801748,1,1,42
2,Ga+Si,Ju,JuPt21,Ju,1,0.1250066859677283,1.6870697561615338,1.1250066827262557,2.6870697566929844,0.2993511233492154,0.7006488766861623,0.5299451818574089,1,1,42
2,Ga+Si,Ju,JuPt22,Ju,1,0.2171001473770422,2.159841642660253,1.2171001469387728,3.159841635647942,0.2822378374197903,0.7177621634567485,0.4614896739230436,1,1,42
2,Ga+Si,Ju,JuPt23,Ju,1,1.0501039884390653,0.5665131626073259,2.050103988851247,1.566513162951895,0.566609916337608,0.4333900830276865,0.5559547058005972,0,0,42
2,Ga+Si,Ju,JuPt24,Ju,1,0.5258214455097914,0.6143114481008414,1.5258214469208862,1.614311447649291,0.4944723969974527,0.5055276023111108,0.6443682345702793,1,1,42
2,Ga+Si,Ju,JuPt25,Ju,1,0.0827660681918645,2.349245779025249,1.0827660744006815,3.349245792780167,0.2518675212676708,0.7481324794964913,0.4618179232646257,1,1,42
2,Ga+Si,Ju,JuPt26,Ju,1,0.1337064408509509,1.684346506197013,1.1337064369525722,2.684346507918514,0.3034503715281202,0.6965496306484367,0.5325299139235495,1,1,42
2,Ga+Si,Ju,JuPt27,Ju,1,0.4465963013470173,0.899558960646391,1.4465962946414948,1.899558961391449,0.4429138448089361,0.5570861533284187,0.6050897739827633,1,1,42
2,Ga+Si,Ju,JuPt28,Ju,1,0.0644736689656113,2.3613463654446067,1.0644736657090372,3.361346360993076,0.2484596470033175,0.7515403547121217,0.4646180978647014,1,1,42
2,Ga+Si,Ju,JuPt29,Ju,1,0.6510790162685228,0.8280587263904102,1.651079017781082,1.8280587248170876,0.4817057939721845,0.5182942072685229,0.5788792554662322,1,1,42
3,Ju+Si,Ga,GaCo01,Ga,0,5.390467885838007,3.650089841504572,6.390467889606953,4.650089845061302,0.544319256907329,0.4556807437911629,0.1954618732755383,0,1,42
3,Ju+Si,Ga,GaCo02,Ga,0,36.50854134559631,1.4044869738233602e-06,37.50854136546453,1.0000013994673886,0.973189399888118,0.0268106056416096,0.0536210923067604,0,1,42
3,Ju+Si,Ga,GaCo03,Ga,0,14.910830809424322,0.9617596930788844,15.910830805699032,1.961759696404139,0.8673218414187431,0.1326781682049234,0.1183853604986021,0,1,42
3,Ju+Si,Ga,GaCo04,Ga,0,2.931262952532052,5.517642360859705,3.931262943893671,6.517642356455326,0.4078790675460672,0.5921209342777729,0.2002699663862586,1,0,42
3,Ju+Si,Ga,GaCo05,Ga,0,6.962378149259231e-06,39.51845516761144,1.0000069588422775,40.51845516761144,0.0248039047971057,0.9751960964252552,0.049607309163548,1,0,42
3,Ju+Si,Ga,GaCo06,Ga,0,0.0453120831563973,19.45072321701741,1.0453120806402918,20.450723229111105,0.0598415133620922,0.9401584873380868,0.1076433572317541,1,0,42
3,Ju+Si,Ga,GaCo07,Ga,0,1.846169807495254e-07,42.76371282339096,1.0000001788139343,43.76371282339096,0.0229555802458586,0.9770444228003424,0.0459111484233289,1,0,42
3,Ju+Si,Ga,GaCo08,Ga,0,1.7088229129800233e-08,44.32934784889221,1.0000000161429248,45.32934784889221,0.0219131345511414,0.978086868301034,0.0438262681321551,1,0,42
3,Ju+Si,Ga,GaCo09,Ga,0,5.848090928123675e-06,35.57634675502777,1.000005841255188,36.576346695423126,0.0272699134269108,0.9727300920834144,0.0545394094660878,1,0,42
3,Ju+Si,Ga,GaCo10,Ga,0,0.0100238070015762,26.195742617050804,1.010023801277081,27.195742626984917,0.0393418444825025,0.9606581566234428,0.0764621332054957,1,0,42
3,Ju+Si,Ga,GaCo11,Ga,0,25.129553598662216,0.1263730989506949,26.12955367565155,1.1263730997840564,0.945688900227348,0.0543110955040901,0.0812278102772931,0,1,42
3,Ju+Si,Ga,GaCo12,Ga,0,13.42331314086914,0.3532888614481197,14.42331318060557,1.3532888640960057,0.8899044537295898,0.1100955441749344,0.1424513306313505,0,1,42
3,Ju+Si,Ga,GaCo13,Ga,0,19.955151281832247,1.264754278355613,20.955151255723937,2.2647542692540923,0.8192993689481404,0.1807006309360067,0.1341347112477833,0,1,42
3,Ju+Si,Ga,GaCo14,Ga,0,14.78943591042318,0.6909470824539055,15.789435871773298,1.6909470823076036,0.8828417235054076,0.11715827923682,0.1231716739841633,0,1,42
3,Ju+Si,Ga,GaCo15,Ga,0,1.6535419066868538e-07,39.44226353698306,1.000000160601404,40.44226356347402,0.024527825272849,0.975472175826629,0.0490556392663468,1,0,42
3,Ju+Si,Ga,GaCo16,Ga,0,3.8595103898243592,8.072828774003655,4.859510361651579,9.072828795678086,0.3928012323565781,0.6071987645079692,0.1559147847505907,1,0,42
3,Ju+Si,Ga,GaCo17,Ga,0,26.529938606752285,0.0354290325889555,27.5299386166864,1.035429032312499,0.9543957217699952,0.0456042787344712,0.082190792930002,0,1,42
3,Ju+Si,Ga,GaCo22,Ga,0,2.8352536342985566,14.500513970069807,3.835253634800513,15.500513977060717,0.2214076024247333,0.7785924000587935,0.1091108371814092,1,0,42
3,Ju+Si,Ga,GaPt03,Ga,1,1.1383990677732404e-08,42.81887420018514,1.0000000099341075,43.81887416044871,0.0227163491848235,0.9772836491465569,0.0454326978263755,1,1,42
3,Ju+Si,Ga,GaPt04,Ga,1,1.8135316145652625e-07,35.90813533465067,1.0000001639127731,36.90813537438711,0.0268011546771352,0.9731988459825516,0.0536022988768915,1,1,42
3,Ju+Si,Ga,GaPt05,Ga,1,4.238430507903104,4.861180232527356,5.238430514931679,5.861180238425732,0.4805424732621759,0.5194575325585902,0.1823442769236862,1,1,42
3,Ju+Si,Ga,GaPt06,Ga,1,5.768195404706906,4.180002331646999,6.768195415536563,5.180002351601918,0.5682639150569836,0.4317360783461481,0.1772655439563095,0,0,42
3,Ju+Si,Ga,GaPt07,Ga,1,0.0324223356233684,28.53809717297554,1.032422335197528,29.53809717297554,0.0370875535688052,0.9629124477505684,0.0694255333704253,1,1,42
3,Ju+Si,Ga,GaPt08,Ga,1,1.310446902066523e-07,38.20488063494365,1.0000001254181066,39.20488061507543,0.025298424239736,0.9747015759348868,0.0505968403303995,1,1,42
3,Ju+Si,Ga,GaPt09,Ga,1,1.8254998090559472e-05,49.08982653419177,1.000018255164226,50.08982652425766,0.0208213331740504,0.9791786689311266,0.0416406068446425,1,1,42
3,Ju+Si,Ga,GaPt12,Ga,1,1.7773231495495526e-07,37.51833351453145,1.0000001651545365,38.51833351453145,0.0256517803451667,0.974348223457734,0.0513035505233953,1,1,42
3,Ju+Si,Ga,GaPt13,Ga,1,9.597139392716063e-11,58.5911512904697,1.0,59.591151316960655,0.0166263438812974,0.9833736568689346,0.0332526877625948,1,1,42
3,Ju+Si,Ga,GaPt14,Ga,1,0.0988669853034171,29.33597403888901,1.098866984248161,30.335973992943764,0.0479346658620569,0.9520653279291258,0.0772693609404895,1,1,42
3,Ju+Si,Ga,GaPt15,Ga,1,0.0874209774359941,19.62481474876404,1.087420984274811,20.62481477525499,0.0553127640677202,0.9446872348586718,0.0977996657085087,1,1,42
3,Ju+Si,Ga,GaPt16,Ga,1,0.0401997210981225,22.0809374915229,1.040199717713727,23.0809374915229,0.0482799737817711,0.9517200270460712,0.0893148453130076,1,1,42
3,Ju+Si,Ga,GaPt17,Ga,1,1.7528452254729545e-05,36.32521800200144,1.0000175245934064,37.32521797551049,0.0278755511778096,0.9721244474252064,0.0557492846726543,1,1,42
3,Ju+Si,Ga,GaPt18,Ga,1,2.32815004455928,14.636271666940756,3.328150048851967,15.63627165555954,0.2977439299122327,0.702256067837071,0.1529625089218219,1,1,42
3,Ju+Si,Ga,GaPt19,Ga,1,25.834991776280933,0.091819426794108,26.834991736544502,1.0918194279074669,0.9498362276289196,0.0501637706248503,0.0830740944689346,0,0,42
3,Ju+Si,Ga,GaPt20,Ga,1,4.0576855952476457e-07,33.4971778260337,1.0000004015035098,34.49717779954275,0.0287748649328326,0.9712251333726776,0.0575497000892129,1,1,42
3,Ju+Si,Ga,GaPt21,Ga,1,0.2398007361003225,18.57374370098114,1.239800744586521,19.57374369104703,0.0667664653414653,0.9332335347102748,0.1006040026226805,1,1,42
3,Ju+Si,Ga,GaPt22,Ga,1,0.5271490213560936,9.557297698661891,1.5271490224533613,10.557297691702844,0.1624664154110683,0.8375335846406718,0.1863991135420898,1,1,42
3,Ju+Si,Ga,GaPt23,Ga,1,0.1353788994762369,20.31498462955157,1.135378903812832,21.314984665976628,0.0632654284256407,0.9367345710181528,0.099401622907155,1,1,42
3,Ju+Si,Ga,GaPt24,Ga,1,0.407903361140183,12.311290464881395,1.4079033616516323,13.311290459500418,0.1210065754389183,0.8789934220516847,0.1522028765434192,1,1,42
3,Ju+Si,Ga,GaPt25,Ga,1,18.986359982026947,0.1441467340119014,19.986359960503048,1.1441467296746042,0.933330227000018,0.0666697711114668,0.1023282739333808,0,0,42
3,Ju+Si,Ga,GaPt26,Ga,1,0.1908124096897517,11.05623398721218,1.1908124080962603,12.056233993007076,0.1219417379082491,0.8780582611345582,0.1857185053846074,1,1,42
3,Ju+Si,Ga,GaPt27,Ga,1,30.5338506632381,0.0075272699982081,31.533850663238105,1.007527269423008,0.9676243716643916,0.0323756320738337,0.0638813708081013,0,0,42
3,Ju+Si,Ga,GaPt28,Ga,1,20.7451186760817,0.6165460789074765,21.745118683411015,1.6165460778607263,0.9163416933475268,0.0836583049191782,0.0912620478775352,0,0,42
3,Ju+Si,Ga,GaPt29,Ga,1,6.7206485090603865,3.088610578511887,7.720648518866963,4.088610582053661,0.6553086681394941,0.3446913293769789,0.1821878464478585,0,0,42
3,Ju+Si,Ga,GaPt30,Ga,1,1.3340706336217636,14.28251725766394,2.334070631199413,15.2825172510412,0.1413445256184786,0.8586554736312891,0.1154614816833701,1,1,42
3,Ju+Si,Ga,GaPt31,Ga,1,3.532093755656243e-05,25.097312251726787,1.0000353223747676,26.097312251726787,0.037738337000418,0.9622616598175632,0.075473272966014,1,1,42
3,Ju+Si,Ga,GaPt32,Ga,1,5.425684347709853e-08,42.50426276524862,1.0000000521540642,43.50426277849409,0.0229006448450187,0.9770993548962806,0.0458012862234479,1,1,42
3,Ju+Si,Ga,GaPt33,Ga,1,1.1989382208760736e-08,44.07141300042471,1.0000000074505806,45.07141297393376,0.0220634274753845,0.9779365758101144,0.0441268544851078,1,1,42
1,Ga+Ju,Si,SiCo01,Si,0,0.8690770293275515,3.528750111659368,1.8690770342946053,4.528750121593475,0.2924216181660692,0.7075783796608448,0.3127860445529222,1,0,43
1,Ga+Ju,Si,SiCo03,Si,0,1.2283426634967327,2.03318797548612,2.2283426597714424,3.033187990387281,0.4239231658478578,0.5760768316686153,0.3803546254833539,1,0,43
1,Ga+Ju,Si,SiCo04,Si,0,1.3948075026273727,1.8300645475586252,2.394807515045007,2.8300645450750985,0.4588124578197797,0.5411875459055105,0.383148221919934,1,0,43
1,Ga+Ju,Si,SiCo05,Si,0,0.6833204608410597,2.2064959655205407,1.6833204577366512,3.2064959704875946,0.3444099090993404,0.6555900933841864,0.4091666222860415,1,0,43
1,Ga+Ju,Si,SiCo06,Si,0,1.1176704950630665,2.875109940767288,2.1176705037554107,3.8751099358002334,0.3532934878021478,0.6467065090934435,0.3340604851643244,1,0,43
1,Ga+Ju,Si,SiCo07,Si,0,1.9902692480633657,1.3148007057607174,2.990269256134828,2.314800704518954,0.56388825767984,0.4361117482185364,0.3777998704463243,0,1,43
1,Ga+Ju,Si,SiCo08,Si,0,1.2469206464787324,1.9473448072870567,2.246920630335808,2.947344794869423,0.4317721035331487,0.5682278933624426,0.3858254893372456,1,0,43
1,Ga+Ju,Si,SiCo09,Si,0,1.205626683930556,2.2397665977478027,2.2056266789635024,3.2397665977478027,0.406218308955431,0.5937816848357519,0.3680430855602026,1,0,43
1,Ga+Ju,Si,SiCo10,Si,0,1.735626898705959,2.1369971558451653,2.735626901189486,3.136997158328692,0.4663824786742528,0.5336175250510374,0.3408903858313958,1,0,43
1,Ga+Ju,Si,SiCo11,Si,0,2.267122535655896,1.6120090633630753,3.267122541864713,2.612009068330129,0.5541630343844494,0.4458369699617227,0.3405853783090909,0,1,43
1,Ga+Ju,Si,SiCo12,Si,0,1.284138847142458,2.1623594984412198,2.284138838450114,3.1623594959576926,0.4193950109183788,0.5806049903233846,0.3674210285147031,1,0,43
1,Ga+Ju,Si,SiCo13,Si,0,2.5914182712634406,1.831896608074506,3.5914182712634406,2.8318966229756675,0.558638426164786,0.4413615707308054,0.3116316900899012,0,1,43
1,Ga+Ju,Si,SiCo14,Si,0,0.903351125617822,2.4228685970107717,1.9033511206507685,3.422868604461352,0.3582003408422072,0.6417996572951475,0.3760773297399282,1,0,43
1,Ga+Ju,Si,SiCo15,Si,0,1.121088359504938,2.8449878046909967,2.121088365713755,3.8449878096580505,0.3563718119015296,0.6436281862358252,0.3357373798886935,1,0,43
1,Ga+Ju,Si,SiCo16,Si,0,0.1291346329574783,5.008223821719487,1.1291346301635106,6.008223821719487,0.1585980489229162,0.8414019495248795,0.2806483668585618,1,0,43
1,Ga+Ju,Si,SiCo17,Si,0,0.653005405018727,3.650460774699847,1.6530054087440174,4.650460789601008,0.2632962766413887,0.7367037236690521,0.3181075503428777,1,0,43
1,Ga+Ju,Si,SiCo18,Si,0,2.4549614215890565,1.657759465277195,3.454961424072584,2.6577594627936683,0.5656536805133024,0.4343463182449341,0.3275673991690079,0,1,43
1,Ga+Ju,Si,SiCo19,Si,0,1.1411366934577625,2.622925572097301,2.14113670339187,3.622925574580828,0.3721989598125219,0.6278010358413061,0.3475903999060392,1,0,43
1,Ga+Ju,Si,SiCo20,Si,0,0.6427806088080009,2.7450241297483444,1.6427806094288826,3.745024129748344,0.3062218610818187,0.6937781336406866,0.371815958370765,1,0,43
1,Ga+Ju,Si,SiCo21,Si,0,1.779094114899635,2.0716495364904404,2.7790941298007965,3.071649546424548,0.4745089566955964,0.5254910339911779,0.3419312095890442,1,0,43
1,Ga+Ju,Si,SiCo22,Si,0,2.4857327242692318,2.642304867506027,3.4857327292362847,3.642304872473081,0.4885364392151435,0.5114635620266199,0.2807591414699952,1,0,43
1,Ga+Ju,Si,SiCo23,Si,0,1.2052097829679649,1.7361011852820714,2.205209791660309,2.736101175347964,0.4474592333038648,0.5525407685587803,0.4052685542653004,1,0,43
1,Ga+Ju,Si,SiCo24,Si,0,1.1579478743175666,2.123537304500738,2.1579478656252227,3.123537306984266,0.4092009005447228,0.5907990944882234,0.379026544590791,1,0,43
1,Ga+Ju,Si,SiCo25,Si,0,1.8280619755387304,1.7683570260802906,2.82806196808815,2.768357033530871,0.5054996280620495,0.4945003762841224,0.3578594283511241,0,1,43
1,Ga+Ju,Si,SiCo26,Si,0,1.294719325999419,1.4823945686221125,2.294719328482946,2.4823945860068,0.4802796940008799,0.5197203066200018,0.4188505386312802,1,0,43
1,Ga+Ju,Si,SiCo27,Si,0,0.4033340960741043,4.120826706290245,1.4033340911070509,5.120826721191406,0.2155888077492515,0.7844111906985441,0.3069357002774874,1,0,43
1,Ga+Ju,Si,SiCo28,Si,0,0.505007037272056,3.746554523706436,1.5050070335467656,4.746554543574651,0.2411190647011002,0.7588809380928675,0.3202046932031711,1,0,43
1,Ga+Ju,Si,SiCo29,Si,0,1.4426243230700493,1.4897648145755131,2.442624328037103,2.4897648245096207,0.4946933587392171,0.5053066443651915,0.4057547009239594,1,0,43
1,Ga+Ju,Si,SiCo30,Si,0,1.5785982807477317,1.4259233971436818,2.578598270813624,2.425923397143682,0.5155871845781803,0.4844128116965294,0.4000849928706884,0,1,43
1,Ga+Ju,Si,SiPt02,Si,1,0.1061745036082963,4.773888180653255,1.106174496312936,5.773888180653255,0.1629506920774777,0.8370493029554685,0.2930109600226084,1,1,43
1,Ga+Ju,Si,SiPt04,Si,1,1.035404436911146,3.248307396968206,2.0354044437408447,4.2483073969682055,0.3252539044866959,0.6747460998594761,0.3188015396396319,1,1,43
1,Ga+Ju,Si,SiPt05,Si,1,1.1234022606319438,4.0965032031138735,2.1234022627274194,5.09650319814682,0.3052404353705545,0.6947595725456873,0.2813327300051848,1,1,43
1,Ga+Ju,Si,SiPt07,Si,1,0.5960392753283182,3.687483191490173,1.596039277811845,4.687483201424281,0.255261798389256,0.7447381988167763,0.3191040251404047,1,1,43
1,Ga+Ju,Si,SiPt08,Si,1,0.4963111917798717,4.07789263377587,1.4963111877441406,5.077892601490021,0.2329200130576888,0.7670799866318703,0.3070754427462816,1,1,43
1,Ga+Ju,Si,SiPt09,Si,1,1.5779368759443362,2.502677453060945,2.5779368778069816,3.5026774307092032,0.4245868967846036,0.5754131053884824,0.3291452421496312,1,1,43
1,Ga+Ju,Si,SiPt10,Si,1,1.0504036645094554,3.2204606433709464,2.050403674443563,4.220460633436839,0.3292267341166734,0.6707732702294985,0.319589185838898,1,1,43
1,Ga+Ju,Si,SiPt12,Si,1,0.2314979772393902,3.5041831682125726,1.2314979806542397,4.5041831731796265,0.215930209805568,0.7840697901944319,0.3496492076665163,1,1,43
1,Ga+Ju,Si,SiPt13,Si,1,0.6790264640003443,4.4036265561978025,1.6790264596541722,5.403626541296641,0.2381852750355998,0.7618147321045399,0.2827580627053976,1,1,43
1,Ga+Ju,Si,SiPt14,Si,1,0.4027865286916494,3.3067187666893005,1.402786525587241,4.306718796491623,0.2492806753143668,0.7507193225125471,0.3526468972365061,1,1,43
1,Ga+Ju,Si,SiPt15,Si,1,0.0956174250071247,4.44713116188844,1.0956174284219742,5.447131166855495,0.16836011223495,0.8316398921112219,0.3068792689591646,1,1,43
1,Ga+Ju,Si,SiPt16,Si,1,0.9899764383832612,2.1979408661524453,1.9899764383832612,3.197940876086553,0.3843550930420558,0.6156449081997076,0.385744072496891,1,1,43
1,Ga+Ju,Si,SiPt17,Si,1,1.6168842415014903,1.9303364604711533,2.6168842489520707,2.9303364604711533,0.473864729826649,0.5261352701733509,0.3612981786330541,1,1,43
1,Ga+Ju,Si,SiPt18,Si,1,0.7097408970197042,3.345497637987137,1.709740899503231,4.345497613151868,0.2840183622514208,0.7159816374381384,0.3314524708936612,1,1,43
1,Ga+Ju,Si,SiPt19,Si,1,0.6472398618546625,2.319752968847752,1.6472398589054744,3.319752966364225,0.3372204812864462,0.6627795224388441,0.40554229170084,1,1,43
1,Ga+Ju,Si,SiPt20,Si,1,0.5494654638071855,2.4831716095407805,1.5494654600818951,3.4831716070572534,0.3085175690551598,0.6914824297030767,0.3979870503147443,1,1,43
1,Ga+Ju,Si,SiPt21,Si,1,0.2636449473599593,3.931333959102631,1.2636449510852497,4.931333939234416,0.2047114654754599,0.7952885329723358,0.3236758181204398,1,1,43
1,Ga+Ju,Si,SiPt22,Si,1,0.4590608974297841,3.2765406519174576,1.459060902396838,4.276540637016296,0.255597496094803,0.7444024980068207,0.3493908612678448,1,1,43
1,Ga+Ju,Si,SiPt23,Si,1,0.5900046036889156,5.107457300027211,1.5900046055515606,6.107457300027211,0.2073792771746715,0.7926207246879736,0.2603080940122406,1,1,43
1,Ga+Ju,Si,SiPt24,Si,1,0.6617310220996538,2.728719840447108,1.661731022099654,3.728719830513001,0.3091496260215838,0.6908503783245882,0.3717546643068393,1,1,43
1,Ga+Ju,Si,SiPt25,Si,1,0.6262056039025387,2.9332217822472253,1.6262056107322376,3.933221777280172,0.2944239095474283,0.705576092004776,0.3609722914795081,1,1,43
1,Ga+Ju,Si,SiPt27,Si,1,0.2511632627186675,3.1371900737285614,1.251163254181544,4.137190068761508,0.2346094778428475,0.765390525261561,0.3734897921482722,1,1,43
1,Ga+Ju,Si,SiPt28,Si,1,0.8133313562721014,4.301868428786595,1.813331348200639,5.301868428786595,0.2569630577539404,0.7430369357268015,0.2817479521036148,1,1,43
1,Ga+Ju,Si,SiPt29,Si,1,0.3131803665310144,3.5387727171182632,1.3131803646683693,4.53877271215121,0.2254743625720342,0.7745256361862024,0.3427031406511863,1,1,43
1,Ga+Ju,Si,SiPt30,Si,1,1.4641087005535762,1.6870830580592155,2.464108703037103,2.6870830804109573,0.4785117482145627,0.5214882499227921,0.3888167509188254,1,1,43
1,Ga+Ju,Si,SiPt31,Si,1,0.3070866077517469,4.272396047910054,1.3070866018533709,5.272396047910054,0.1996343635643521,0.8003656429549059,0.3046892285346985,1,1,43
1,Ga+Ju,Si,SiPt32,Si,1,1.792208154996236,1.4807950432101886,2.7922081549962363,2.4807950258255005,0.530133061731855,0.4698669419934352,0.3795662671327591,0,0,43
1,Ga+Ju,Si,SiPt33,Si,1,1.5195004666845005,2.177025941510996,2.51950045923392,3.177025948961576,0.4416175130754709,0.5583824881662925,0.3515246498088042,1,1,43
1,Ga+Ju,Si,SiPt34,Si,1,1.824061634639899,1.9847490638494487,2.824061637123426,2.9847490588823957,0.4878339165200789,0.5121660847216845,0.3449517035235961,1,1,43
1,Ga+Ju,Si,SiPt35,Si,1,0.8333788507928451,2.7024081672231355,1.8333788464466727,3.702408189574877,0.3335287123918533,0.6664712963004907,0.362193739041686,1,1,43
1,Ga+Ju,Si,SiPt36,Si,1,0.8045921350518862,3.6868222753206887,1.804592122634252,4.686822285254796,0.2787396516650915,0.7212603439887365,0.3086220907668273,1,1,43
1,Ga+Ju,Si,SiPt37,Si,1,1.167205963904659,2.108258699377378,2.16720595707496,3.108258694410324,0.4152478765075405,0.5847521219402552,0.3805365990847349,1,1,43
1,Ga+Ju,Si,SiPt38,Si,1,1.7532390505075457,2.099205945928892,2.7532390654087067,3.099205945928892,0.4703912809491157,0.5296087147047123,0.3418859249601761,1,1,43
1,Ga+Ju,Si,SiPt39,Si,1,0.2108199095043043,4.451014995574951,1.2108199074864388,5.451015005509059,0.1827253739659985,0.8172746238609155,0.3011480023463567,1,1,43
1,Ga+Ju,Si,SiPt40,Si,1,0.856310285627842,3.656957889596621,1.8563102930784223,4.656957904497783,0.285019749465088,0.7149802471200625,0.3072364249577125,1,1,43
2,Ga+Si,Ju,JuCo01,Ju,0,1.49389606430417,1.3542012089774722,2.4938960643041703,2.3542012033008395,0.5134623150030772,0.4865376878352392,0.4130523658934094,0,1,43
2,Ga+Si,Ju,JuCo02,Ju,0,2.060461886227131,0.9461681768298148,3.0604618936777115,1.9461681619286535,0.6108613200485706,0.3891386874020099,0.3998482581228018,0,1,43
2,Ga+Si,Ju,JuCo03,Ju,0,1.136103916913271,1.7055528908967972,2.136103928089142,2.705552861094475,0.442764587700367,0.5572354160249233,0.413818709552288,1,0,43
2,Ga+Si,Ju,JuCo04,Ju,0,2.54472898112403,1.00241922835509,3.544728974501292,2.002419216765298,0.6383537774284681,0.3616462325056394,0.3612072393298149,0,1,43
2,Ga+Si,Ju,JuCo05,Ju,0,2.3612777607781545,1.7876115151814052,3.3612777641841345,2.787611539023263,0.546184595142092,0.4538154074123927,0.3258477509021759,0,1,43
2,Ga+Si,Ju,JuCo06,Ju,0,0.97941178990447,1.609521560046984,1.9794117937917293,2.609521560046984,0.4316569262224695,0.5683430757211603,0.4362972158452738,1,0,43
2,Ga+Si,Ju,JuCo07,Ju,0,2.529166094958782,1.899779200553894,3.529166094958782,2.899779208004474,0.5488099930807948,0.4511899929493665,0.3114988273009658,0,1,43
2,Ga+Si,Ju,JuCo08,Ju,0,1.8159102201461792,1.727772922226877,2.815910238208193,2.727772922226877,0.5077229367964196,0.4922770586880771,0.3612474383729877,0,1,43
2,Ga+Si,Ju,JuCo09,Ju,0,2.2361234503407634,1.1105522071161578,3.236123446495302,2.1105522071161578,0.6045389425370001,0.3954610545789042,0.3745197961407323,0,1,43
2,Ga+Si,Ju,JuCo11,Ju,0,0.4253671069939931,3.3121551871299744,1.425367100371255,4.312155173884498,0.2492345757782459,0.750765418012937,0.3493202552199363,1,0,43
2,Ga+Si,Ju,JuCo12,Ju,0,0.4446555183906304,3.3142608655126478,1.4446555093715066,4.314260846690128,0.2513227670600539,0.7486772349006251,0.3476324881377973,1,0,43
2,Ga+Si,Ju,JuCo13,Ju,0,2.2351073722044625,1.6155900723404355,3.2351073622703552,2.6155900756518045,0.5525449497832192,0.4474550568395191,0.3426213843954934,0,1,43
2,Ga+Si,Ju,JuCo14,Ju,0,0.9492159005134336,2.906651512269051,1.949215896667973,3.906651504578129,0.3327234175897414,0.6672765785647977,0.341722572042096,1,0,43
2,Ga+Si,Ju,JuCo15,Ju,0,1.250891904036204,1.722793218162325,2.2508919106589422,2.7227931949827404,0.4521846349040667,0.5478153659237756,0.4024264638622601,1,0,43
2,Ga+Si,Ju,JuCo16,Ju,0,1.5091984430948893,1.098746116956075,2.5091984351476038,2.098746116956075,0.5440266817808151,0.4559733122587204,0.4345250745614369,0,1,43
2,Ga+Si,Ju,JuCo17,Ju,0,2.130250871181488,0.9100876642124992,3.130250871181488,1.9100876663412367,0.6205896288156509,0.379410371184349,0.3973585462995938,0,1,43
2,Ga+Si,Ju,JuCo18,Ju,0,1.7185691595077517,1.5070952673753102,2.718569176064597,2.5070952508184643,0.5197241008281708,0.4802758983439869,0.3837749221258693,0,1,43
2,Ga+Si,Ju,JuCo19,Ju,0,2.0676111894495346,1.1382997106103336,3.0676111894495346,2.1382996965857117,0.5886815882780972,0.4113184143515194,0.3847188081811456,0,1,43
2,Ga+Si,Ju,JuCo20,Ju,0,0.8918655585675013,1.8805821396055675,1.891865554310027,2.8805821452822005,0.3961878780807767,0.6038121126946949,0.4194060266017914,1,0,43
2,Ga+Si,Ju,JuCo21,Ju,0,1.3268662251924213,2.191760524323112,2.326866225192421,3.191760533734372,0.421885999409776,0.5781140045115822,0.3627337876119111,1,0,43
2,Ga+Si,Ju,JuCo22,Ju,0,1.0880240092152045,1.752789280916515,2.0880240201950078,2.7527892777794287,0.4314035898760745,0.5685964038497523,0.4134102353924199,1,0,43
2,Ga+Si,Ju,JuCo23,Ju,0,2.5355864518728013,1.3377565114926069,3.5355864488161526,2.3377565023226614,0.6016400425862043,0.3983599474796882,0.3412377322331453,0,1,43
2,Ga+Si,Ju,JuCo24,Ju,0,1.6876933593302963,2.347591806203127,2.687693327665329,3.347591817378998,0.4451875779777765,0.5548124294728041,0.3316987622529268,1,0,43
2,Ga+Si,Ju,JuCo25,Ju,0,2.523926503730543,1.3093101472565625,3.523926503730543,2.309310140031757,0.6038078394803134,0.3961921641320893,0.3430996492053523,0,1,43
2,Ga+Si,Ju,JuCo26,Ju,0,1.7991493195295334,1.9956141784787176,2.7991493083536625,2.995614178478718,0.4827868239954114,0.5172131834551692,0.3455918403342366,1,0,43
2,Ga+Si,Ju,JuPt01,Ju,1,1.6616796241978256,1.335333837574362,2.6616796249743166,2.3353338341634027,0.533811813307134,0.4661881854448781,0.4025174323029803,0,0,43
2,Ga+Si,Ju,JuPt02,Ju,1,0.3324721089818261,4.0638216950676656,1.332472102208571,5.063821705904874,0.2092743793671781,0.7907256213101473,0.3134709257971156,1,1,43
2,Ga+Si,Ju,JuPt03,Ju,1,1.1050271848560105,2.0862134955196536,2.1050271823520323,3.086213501487943,0.4051672331308576,0.5948327705112927,0.3862135064162279,1,1,43
2,Ga+Si,Ju,JuPt04,Ju,1,0.7191378974914551,3.5553423309326173,1.719137897491455,4.55534236907959,0.2747191953659058,0.7252807950973511,0.3192317759990692,1,1,43
2,Ga+Si,Ju,JuPt05,Ju,1,0.8109195933622473,2.155253810041091,1.810919586349936,3.15525380302878,0.364834981806138,0.6351650006630841,0.4029336606754976,1,1,43
2,Ga+Si,Ju,JuPt06,Ju,1,2.106565045142507,1.3847669041654502,3.1065650482244687,2.384766902590453,0.5652131945714459,0.4347868038689171,0.3648736656659551,0,0,43
2,Ga+Si,Ju,JuPt07,Ju,1,0.9063271052307552,1.7955106695493062,1.9063271085421245,2.7955106761720447,0.4061680336793263,0.5938319663206736,0.4257707413699891,1,1,43
2,Ga+Si,Ju,JuPt08,Ju,1,1.1022442509146295,1.9556323850856108,2.102244229877696,2.9556323780733,0.4168563257245457,0.5831436620039099,0.3957818168051102,1,1,43
2,Ga+Si,Ju,JuPt09,Ju,1,1.0570312340208503,1.3724492362104703,2.0570312357444367,2.3724492257999943,0.464022565283841,0.5359774287753652,0.4517162274078498,1,1,43
2,Ga+Si,Ju,JuPt10,Ju,1,0.8616371080567019,2.495800981783717,1.861637108840973,3.4958009813355617,0.3503069236247769,0.6496930765054304,0.3745172634869178,1,1,43
2,Ga+Si,Ju,JuPt11,Ju,1,2.385750086722718,2.218724186260504,3.385750087298613,3.218724184805754,0.5123268305284091,0.4876731679685587,0.303193467850252,0,0,43
2,Ga+Si,Ju,JuPt12,Ju,1,1.248072284918565,2.1962630473650417,2.248072318541698,3.1962630504216905,0.4142356942861508,0.5857643049496871,0.3679270033652966,1,1,43
2,Ga+Si,Ju,JuPt13,Ju,1,0.268224029128368,4.234462822400607,1.2682240302746113,5.234462811396672,0.1955091015650676,0.8044909009566674,0.3080079358357649,1,1,43
2,Ga+Si,Ju,JuPt14,Ju,1,0.4816384879832572,2.416033780321162,1.481638472130958,3.416033775248426,0.3033679124522716,0.6966320859624985,0.4088365245372691,1,1,43
2,Ga+Si,Ju,JuPt15,Ju,1,1.6883351077078086,1.787415502162066,2.688335106679688,2.787415498814083,0.4917580432817505,0.5082419552419736,0.3658628522334822,1,1,43
2,Ga+Si,Ju,JuPt16,Ju,1,1.1054028335370516,2.285616397857666,2.1054028377198337,3.285616397857666,0.3905940468896899,0.6094059578159399,0.3711881031069839,1,1,43
2,Ga+Si,Ju,JuPt17,Ju,1,0.8183392403941405,1.6715923986936871,1.8183392443154984,2.671592398693687,0.4054596988778365,0.5945403042592501,0.445865041331241,1,1,43
2,Ga+Si,Ju,JuPt18,Ju,1,1.045301315046492,3.174238886151995,2.045301312492007,4.174238872528076,0.3298982593275252,0.6701017430850438,0.3224930513472784,1,1,43
2,Ga+Si,Ju,JuPt19,Ju,1,1.933469450151598,2.0350022670385,2.9334694501515983,3.0350022702603727,0.4921137658325401,0.5078862373893326,0.3359951207766661,1,1,43
2,Ga+Si,Ju,JuPt20,Ju,1,0.948753135216634,1.8377711875300933,1.9487531334087305,2.8377711895328805,0.4077901371298665,0.5922098634529563,0.4188282962676946,1,1,43
2,Ga+Si,Ju,JuPt21,Ju,1,1.6749789103284225,2.32425168358669,2.674978918959291,3.324251683603461,0.4456915999808304,0.5543084024666493,0.3342625510907663,1,1,43
2,Ga+Si,Ju,JuPt22,Ju,1,0.7491267954601961,2.2560220465940586,1.749126795460196,3.2560220465940586,0.3496731844018487,0.6503268182277679,0.3997745513916015,1,1,43
2,Ga+Si,Ju,JuPt23,Ju,1,1.984742869932737,1.757432205419,2.984742876003943,2.7574322031067475,0.5194587476623062,0.4805412512924421,0.3496617490939569,0,0,43
2,Ga+Si,Ju,JuPt24,Ju,1,0.6294310576649327,3.5917423576342338,1.629431057269826,4.591742364068826,0.2826672964023821,0.7173327031460675,0.3422853407083135,1,1,43
2,Ga+Si,Ju,JuPt25,Ju,1,0.4051203032334645,3.51995334869776,1.405120299412654,4.519953373150948,0.2391151610093239,0.7608848397548382,0.338707739726091,1,1,43
2,Ga+Si,Ju,JuPt26,Ju,1,0.5602543886573542,2.599550475024864,1.5602543890496794,3.5995504754917467,0.3028858642900469,0.6971141367369146,0.3880318744883219,1,1,43
2,Ga+Si,Ju,JuPt27,Ju,1,1.4559378251433372,1.686453777551651,2.4559378206729887,2.686453801393509,0.4775119818747043,0.5224880106747151,0.3893897667527198,1,1,43
2,Ga+Si,Ju,JuPt28,Ju,1,1.3043598701351584,1.8875349548681652,2.3043598728481207,2.887534958850425,0.4458334675513141,0.5541665295682804,0.3859604795173026,1,1,43
2,Ga+Si,Ju,JuPt29,Ju,1,0.2947071105671055,4.1200479174724345,1.294707109834104,5.120047928232848,0.2030530754985355,0.7969469239348187,0.3127685008102875,1,1,43
3,Ju+Si,Ga,GaCo01,Ga,0,0.0352131343000413,8.695857306321463,1.035213142633438,9.69585731625557,0.1031541341605285,0.896845872203509,0.1945971511304378,1,0,43
3,Ju+Si,Ga,GaCo02,Ga,0,11.185015534361202,0.0065151800401205,12.185015524427095,1.0065151825547218,0.9203984743605056,0.0796015247469767,0.1576201278561105,0,1,43
3,Ju+Si,Ga,GaCo03,Ga,0,6.5503486288428885,0.4975312545078244,7.550348602235317,1.497531252602736,0.8276309182401747,0.172369076559941,0.2362438148508469,0,1,43
3,Ju+Si,Ga,GaCo04,Ga,0,0.1025722026388393,5.164919597407182,1.102572205166022,6.164919588714838,0.1633886040654033,0.8366113991166155,0.2874923438454667,1,0,43
3,Ju+Si,Ga,GaCo05,Ga,0,0.0019624933098754,13.124953841169676,1.0019624928633373,14.124953890840212,0.0689080356775472,0.9310919673492511,0.1374624940411498,1,0,43
3,Ju+Si,Ga,GaCo06,Ga,0,0.1062696236268127,9.184432051400991,1.106269626945689,10.184432049160415,0.1329215145248083,0.867078477314309,0.2199069074577773,1,0,43
3,Ju+Si,Ga,GaCo07,Ga,0,0.0267977497708784,11.973456218838692,1.0267977515856426,12.973456194003422,0.078228632453829,0.9217713673909504,0.1491075980787476,1,0,43
3,Ju+Si,Ga,GaCo08,Ga,0,0.0020140933364321,12.993763342499731,1.0020140893757343,13.993763347466786,0.0684743832486371,0.9315256072829168,0.1366309813844661,1,0,43
3,Ju+Si,Ga,GaCo09,Ga,0,0.0455282899071486,9.510716039687397,1.0455282864471276,10.510716024786234,0.101842058977733,0.8981579405566056,0.1872952065896242,1,0,43
3,Ju+Si,Ga,GaCo10,Ga,0,0.0409558712344733,6.83157546321551,1.040955868860086,7.831575453281403,0.1236633460503071,0.8763366534064213,0.2352380837934712,1,0,43
3,Ju+Si,Ga,GaCo11,Ga,0,10.236741041143736,0.0160618164512319,11.236741036176682,1.016061820089817,0.9106769238909086,0.0893230753329892,0.1740339367340008,0,1,43
3,Ju+Si,Ga,GaCo12,Ga,0,2.6623602506394186,0.9449444193548212,3.6623602708180742,1.9449444139997163,0.6404985599219799,0.3595014344900846,0.3665093863382935,0,1,43
3,Ju+Si,Ga,GaCo13,Ga,0,6.925356011953574,1.2996688950384423,7.925356022437701,2.2996689111426254,0.6902400697176546,0.3097599264535747,0.2573030077568862,0,1,43
3,Ju+Si,Ga,GaCo14,Ga,0,3.5556852283059723,1.1192043678925578,4.555685247812007,2.119204365544849,0.6626202177463306,0.3373797829780313,0.30828107551982,0,1,43
3,Ju+Si,Ga,GaCo15,Ga,0,0.0004045027955665,15.880087865723503,1.0004045027825568,16.880087898837196,0.057810018537566,0.9421899790565172,0.1155623469191293,1,0,43
3,Ju+Si,Ga,GaCo16,Ga,0,1.853291618142329,2.4216194577437515,2.8532916267712918,3.421619461973508,0.4741507334841623,0.5258492706653972,0.3368018321279022,1,0,43
3,Ju+Si,Ga,GaCo17,Ga,0,7.274072803608658,0.2274148603743621,8.27407282176945,1.2274148621492915,0.8421155956780745,0.1578844063915312,0.2362754056230187,0,1,43
3,Ju+Si,Ga,GaCo22,Ga,0,3.815938589007904,0.477816318491629,4.815938582022985,1.4778163184722266,0.7372330281262596,0.262766967061907,0.3352246514211098,0,1,43
3,Ju+Si,Ga,GaPt03,Ga,1,0.2133955764584243,6.872688926833992,1.2133955756823225,7.872688877085845,0.1436974072518448,0.8563025891780853,0.227102638532718,1,1,43
3,Ju+Si,Ga,GaPt04,Ga,1,0.0006740253805546,16.193021178245544,1.0006740192572277,17.193021198113758,0.0568277794712533,0.943172218898932,0.1135463354488213,1,1,43
3,Ju+Si,Ga,GaPt05,Ga,1,0.1922669002281812,5.910720864931743,1.1922669137517612,6.910720862448216,0.1641800870808462,0.8358199167996645,0.2596317722151677,1,1,43
3,Ju+Si,Ga,GaPt06,Ga,1,1.1071836648819346,2.536179597799977,2.1071836774547896,3.536179612080256,0.3842445186649759,0.6157554856811961,0.3586088009178638,1,1,43
3,Ju+Si,Ga,GaPt07,Ga,1,0.4943465389211876,5.66763699054718,1.4943465404212477,6.667637009173632,0.2235573042028894,0.7764426973493149,0.2708609088634451,1,1,43
3,Ju+Si,Ga,GaPt08,Ga,1,0.0030627404530605,10.37184439599514,1.003062735001246,11.37184438109398,0.0827622653838867,0.9172377350429692,0.1649585956086715,1,1,43
3,Ju+Si,Ga,GaPt09,Ga,1,0.0011413393316009,14.984612678488094,1.0011413395404816,15.98461268345515,0.0604983230975146,0.9395016798128684,0.1207760793622583,1,1,43
3,Ju+Si,Ga,GaPt12,Ga,1,0.0016365732159376,13.786206538478533,1.0016365746657052,14.786206558346748,0.0659163524008666,0.934083644921581,0.1315502203069627,1,1,43
3,Ju+Si,Ga,GaPt13,Ga,1,0.0002985934051006,16.768695758448708,1.0002985936072135,17.768695765071445,0.0545226579480287,0.9454773399564956,0.1089982200000021,1,1,43
3,Ju+Si,Ga,GaPt14,Ga,1,0.0042787210304785,14.066745575931336,1.0042787227365706,15.066745546129011,0.0648494352224386,0.935150565786494,0.1288520901774366,1,1,43
3,Ju+Si,Ga,GaPt15,Ga,1,4.040131034483137,0.7943010906973441,5.040131024188466,1.7943010917968218,0.7134177398660945,0.2865822592025829,0.3110314233021603,0,0,43
3,Ju+Si,Ga,GaPt16,Ga,1,0.032243308473173,7.382398166590266,1.0322433039546013,8.382398181491427,0.1146244858391583,0.8853755158682665,0.2205207648997505,1,1,43
3,Ju+Si,Ga,GaPt17,Ga,1,0.0044726005712081,14.314986576636633,1.0044726009170215,15.31498659319348,0.0684291488853179,0.9315708486570252,0.1359279130895932,1,1,43
3,Ju+Si,Ga,GaPt18,Ga,1,0.5427647867784344,5.4857122246176,1.5427647878726325,6.485712234344747,0.2758647235265622,0.7241352783102127,0.3217508990007142,1,1,43
3,Ju+Si,Ga,GaPt19,Ga,1,7.929390660590595,0.0183402153173422,8.92939066555765,1.0183402101198833,0.8945443274246322,0.1054556734032101,0.2063590032565924,0,0,43
3,Ju+Si,Ga,GaPt20,Ga,1,0.0812216047587652,8.711605283121267,1.0812216036849551,9.711605264080896,0.112227912992239,0.8877720886634455,0.1968947848201625,1,1,43
3,Ju+Si,Ga,GaPt21,Ga,1,1.564363260132571,1.3892532532465538,2.5643632552689977,2.389253258705139,0.5183555296518737,0.4816444720038109,0.4093038234859705,0,0,43
3,Ju+Si,Ga,GaPt22,Ga,1,1.066954992025987,2.4932653740462327,2.066954978638225,3.493265377150641,0.3895224220015936,0.610477577481005,0.3671532244318061,1,1,43
3,Ju+Si,Ga,GaPt23,Ga,1,0.5119807505689096,3.895813542599272,1.5119807488388484,4.895813547902637,0.2654961575753987,0.7345038410276175,0.3321331256172723,1,1,43
3,Ju+Si,Ga,GaPt24,Ga,1,0.620955828187069,6.142128592563999,1.6209558265076742,7.142128566073047,0.2376347365013013,0.7623652619206243,0.2615270597549776,1,1,43
3,Ju+Si,Ga,GaPt25,Ga,1,5.899335778835746,0.1942593842023698,6.899335786700249,1.1942593827843666,0.8328285073447558,0.1671714948283301,0.2601186544117,0,0,43
3,Ju+Si,Ga,GaPt26,Ga,1,0.0273816062779144,10.058357773555649,1.0273816055721707,11.058357780178389,0.1000320436950359,0.8999679585297903,0.1908114416421288,1,1,43
3,Ju+Si,Ga,GaPt27,Ga,1,11.20534450146887,0.0372686195525299,12.20534449484613,1.0372686237096786,0.912671934813261,0.0873280616425391,0.164158612024039,0,0,43
3,Ju+Si,Ga,GaPt28,Ga,1,4.934938423038047,0.4876948070086655,5.934938409262234,1.487694806522793,0.7798476946643658,0.220152306318697,0.2825847434707814,0,0,43
3,Ju+Si,Ga,GaPt29,Ga,1,0.2529723864095609,6.852073766187662,1.2529723909166124,7.852073777053092,0.1697036135010421,0.830296382514967,0.247601446436925,1,1,43
3,Ju+Si,Ga,GaPt30,Ga,1,0.0048217522936384,12.128496613767412,1.004821754164166,13.128496610456043,0.0741510585260887,0.9258489414221712,0.1473553789676063,1,1,43
3,Ju+Si,Ga,GaPt31,Ga,1,0.0503071752743077,7.463021337985992,1.050307176179356,8.463021337985992,0.116762212348274,0.8832377882467376,0.218622657832586,1,1,43
3,Ju+Si,Ga,GaPt32,Ga,1,0.0546060348317243,8.457808715601763,1.0546060336960683,9.457808732158608,0.1126376902425868,0.8873623056958119,0.2048660928073028,1,1,43
3,Ju+Si,Ga,GaPt33,Ga,1,0.0001543297843981,18.51764138539632,1.0001543296708002,19.517641392019065,0.049986955916716,0.9500130439798036,0.0999553564728962,1,1,43
1,Ga+Ju,Si,SiCo01,Si,0,14.080748106042543,0.5464818446399325,15.080748120943705,1.546481840312481,0.8881895088901123,0.11181048404735823,0.1254309577246507,0,1,44
1,Ga+Ju,Si,SiCo03,Si,0,2.8709502471190453,9.058542029408272,3.8709502493341765,10.058542015651861,0.3309777304530144,0.6690222718752921,0.15628356882371008,1,0,44
1,Ga+Ju,Si,SiCo04,Si,0,12.916912337370226,1.7315892453848392,13.916912287473679,2.731589250266552,0.8160432965960354,0.18395670223981142,0.13222382916137576,0,1,44
1,Ga+Ju,Si,SiCo05,Si,0,19.67620046933492,0.1844866168559823,20.676200449466705,1.184486615161101,0.935865197951595,0.06413480166035394,0.09604785079136491,0,1,44
1,Ga+Ju,Si,SiCo06,Si,0,21.959608445564907,0.1306266948841953,22.959608445564907,1.130626693367958,0.9442280357082685,0.055771958897821605,0.08935315495667358,0,1,44
1,Ga+Ju,Si,SiCo07,Si,0,8.858879005192042,1.6735889598203357,9.858878955245018,2.6735889688134193,0.770215621838967,0.2297843760655572,0.1760332239791751,0,1,44
1,Ga+Ju,Si,SiCo08,Si,0,1.1819803734930854,4.999623754372199,2.1819803739587464,5.999623763064544,0.2918449998833239,0.7081549918899933,0.25634616271903116,1,0,44
1,Ga+Ju,Si,SiCo09,Si,0,0.365691412988222,18.25157477458318,1.3656914060314496,19.251574794451397,0.08768572437111288,0.9123142727961143,0.10677230660803616,1,0,44
1,Ga+Ju,Si,SiCo10,Si,0,7.705786586845837,4.759212858284211,8.705786580840746,5.759212866425514,0.5798523035676529,0.4201476985278229,0.14559750507275263,0,1,44
1,Ga+Ju,Si,SiCo11,Si,0,1.6026961771676724,9.696451174095273,2.6026961902777352,10.696451177199682,0.23768787062726915,0.7623121202923357,0.16138054275264344,1,0,44
1,Ga+Ju,Si,SiCo12,Si,0,2.0481979141525244,12.78313585370779,3.048197922607263,13.783135826388994,0.2440381501413261,0.7559618608405193,0.1330230487510562,1,0,44
1,Ga+Ju,Si,SiCo13,Si,0,10.677594682745015,0.8515076990444376,11.67759465177854,1.8515077084302902,0.8365891217254102,0.16341088293120265,0.1600081150730451,0,1,44
1,Ga+Ju,Si,SiCo14,Si,0,14.589981724197665,0.7051991899176832,15.58998174717029,1.7051991870005925,0.8775747314405938,0.12242526297147076,0.12451476867621143,0,1,44
1,Ga+Ju,Si,SiCo15,Si,0,2.085769260378735,10.130074070456127,3.085769278307756,11.1300741036733,0.27557828191978234,0.7244217148981988,0.1526532007070879,1,0,44
1,Ga+Ju,Si,SiCo16,Si,0,8.66998759229015,3.0784102676439034,9.66998760898908,4.078410275280476,0.7129316238376001,0.28706838524279493,0.1550674719425539,0,1,44
1,Ga+Ju,Si,SiCo17,Si,0,8.388057991248754e-07,42.155691266059875,1.0000008369485538,43.15569122632345,0.022896732824544113,0.9771032780408859,0.04579341939340035,1,0,44
1,Ga+Ju,Si,SiCo18,Si,0,19.492859681447346,0.03163720697786706,20.492859681447346,1.031637209157149,0.9423351536194483,0.057664844673126936,0.10514019367595513,0,1,44
1,Ga+Ju,Si,SiCo19,Si,0,0.775054488509492,12.322230289379755,1.7750544895728428,13.322230289379755,0.14178076231231293,0.8582192488635579,0.14163356212278208,1,0,44
1,Ga+Ju,Si,SiCo20,Si,0,3.937524553451643,9.942784970005354,4.937524524827798,10.942784984906515,0.36235129996202886,0.6376487016677856,0.1350355250760913,1,0,44
1,Ga+Ju,Si,SiCo21,Si,0,11.916054358084997,0.6925831080779403,12.916054298480352,1.692583106458187,0.8680935787657896,0.1319064172760894,0.14370796534543237,0,1,44
1,Ga+Ju,Si,SiCo22,Si,0,0.013492072864096372,15.11800131201744,1.013492077589035,16.118001262346905,0.06409229873679578,0.9359076879918575,0.1258091633208096,1,0,44
1,Ga+Ju,Si,SiCo23,Si,0,26.156784882148106,0.00710817602814573,27.156784882148106,1.0071081866820653,0.9615376939376196,0.03846230396690468,0.07534163841046393,0,1,44
1,Ga+Ju,Si,SiCo24,Si,0,9.29414299401345,2.443774141937562,10.294143001238504,3.4437741388877234,0.7807163873997828,0.21928361539418498,0.1551673311429719,0,1,44
1,Ga+Ju,Si,SiCo25,Si,0,10.703645988449125,3.8013072494049616,11.703646019101143,4.801307251056035,0.6925475713796914,0.307452429474021,0.13501795831446847,0,1,44
1,Ga+Ju,Si,SiCo26,Si,0,9.873245321214199,1.5223045474209964,10.873245338598887,2.5223045522967973,0.78671545535326,0.2132845458885034,0.15613928778717914,0,1,44
1,Ga+Ju,Si,SiCo27,Si,0,17.550552637626726,0.5910734710084284,18.550552636384964,1.5910734708110492,0.9059350918978453,0.09406490763649344,0.1028089866352578,0,1,44
1,Ga+Ju,Si,SiCo28,Si,0,0.060027966908611084,18.06382550795873,1.0600279693802197,19.063825527826946,0.056534616742283106,0.9434653930366039,0.10372640495188534,1,0,44
1,Ga+Ju,Si,SiCo29,Si,0,15.885093194937022,1.5161008308678088,16.885093197226524,2.5161008362968764,0.8429489807070544,0.15705102193169296,0.11144366022199392,0,1,44
1,Ga+Ju,Si,SiCo30,Si,0,18.574351372468907,1.386460863349375,19.57435144732396,2.3864608680208526,0.8562174940792223,0.14378250824908415,0.09933312128608425,0,1,44
1,Ga+Ju,Si,SiPt02,Si,1,0.0623758965735672,38.541493594646454,1.062375895678997,39.541493594646454,0.034745453662859895,0.9652545501788458,0.055422962410375476,1,1,44
1,Ga+Ju,Si,SiPt04,Si,1,19.556900456547737,0.19202838639693334,20.556900466481846,1.1920283834139507,0.934367224574089,0.06563277662886928,0.09909378512141605,0,0,44
1,Ga+Ju,Si,SiPt05,Si,1,0.5060136062785728,14.287283486376205,1.506013609468937,15.287283460299173,0.14597364740135768,0.8540263505031666,0.15416282151515284,1,1,44
1,Ga+Ju,Si,SiPt07,Si,1,18.284083406130474,0.1765349477488556,19.284083316723507,1.1765349581837654,0.9342036092032989,0.06579639304739733,0.10290633048862219,0,0,44
1,Ga+Ju,Si,SiPt08,Si,1,0.23678924561332693,24.081606288750965,1.2367892389496167,25.08160627881686,0.06297163323809703,0.9370283621052901,0.08919330422456066,1,1,44
1,Ga+Ju,Si,SiPt09,Si,1,3.6175798491561486,4.588810436427593,4.617579842607181,5.588810451328754,0.47939479001797736,0.520605215181907,0.20216284226626158,1,1,44
1,Ga+Ju,Si,SiPt10,Si,1,0.9943762559772722,14.49775772575716,1.9943762496113777,15.497757715483507,0.1318575352585564,0.8681424641981721,0.12382285700490077,1,1,44
1,Ga+Ju,Si,SiPt12,Si,1,3.5639771470984365,9.331642884605875,4.5639771446585655,10.331642920772234,0.34715275233611465,0.6528472419207295,0.13956715151046714,1,1,44
1,Ga+Ju,Si,SiPt13,Si,1,0.6370670845487135,13.933130916208029,1.6370670969287555,14.933130914966265,0.1181809122984608,0.8818190935999155,0.12858242820948362,1,1,44
1,Ga+Ju,Si,SiPt14,Si,1,5.975013585939742e-06,40.483509143193565,1.0000059728821118,41.48350918292999,0.02414856435886274,0.975851446390152,0.04829669053045412,1,1,44
1,Ga+Ju,Si,SiPt15,Si,1,1.144553863756855e-05,42.20434014002482,1.0000114341576893,43.20434014002482,0.023050894456294675,0.9769491155942281,0.04610097004721562,1,1,44
1,Ga+Ju,Si,SiPt16,Si,1,0.7996076377457939,12.102466185887655,1.7996076320608456,13.102466175953547,0.13565896924895546,0.8643410181005796,0.13926567463204265,1,1,44
1,Ga+Ju,Si,SiPt17,Si,1,11.442840379915651,2.6964443349021203,12.442840360105038,3.69644433259964,0.7633401582327982,0.23665984743274748,0.13544146297499537,0,0,44
1,Ga+Ju,Si,SiPt18,Si,1,1.2317208119953686,13.344559952616692,2.231720802684625,14.34455997745196,0.15565237139041224,0.8443476228664318,0.12558875931426883,1,1,44
1,Ga+Ju,Si,SiPt19,Si,1,1.2383370329412628,18.91970895510167,2.2383370300134025,19.91970898459355,0.13624453300144523,0.8637554682791233,0.10009440958189468,1,1,44
1,Ga+Ju,Si,SiPt20,Si,1,0.03703576398416194,25.841376185417175,1.037035770714283,26.841376185417175,0.039742521941661835,0.960257480541865,0.07411727961152792,1,1,44
1,Ga+Ju,Si,SiPt21,Si,1,1.6768249803539303e-06,40.480550487836204,1.0000016763806343,41.480550487836204,0.02393026207573712,0.9760697434345881,0.04786042411190768,1,1,44
1,Ga+Ju,Si,SiPt22,Si,1,6.870424949401155e-06,34.366145054499306,1.000006876885891,35.366145054499306,0.027769952624415357,0.9722300544381142,0.05553947497780124,1,1,44
1,Ga+Ju,Si,SiPt23,Si,1,0.0016024745244445822,28.644583801428478,1.001602478325367,29.644583801428478,0.03451409691479057,0.9654859093328317,0.06881212381025155,1,1,44
1,Ga+Ju,Si,SiPt24,Si,1,2.4414856529616977,9.535040169682665,3.4414856334527335,10.535040174921354,0.2940795273364832,0.7059204791051646,0.15602183683464924,1,1,44
1,Ga+Ju,Si,SiPt25,Si,1,8.773064770540246e-08,57.55252774556478,1.0000000869234402,58.55252774556478,0.01711563637945801,0.982884369790554,0.03423126771425208,1,1,44
1,Ga+Ju,Si,SiPt27,Si,1,2.182496024720019e-06,42.286436676979065,1.0000021780530612,43.286436676979065,0.022940800758078694,0.9770591979225477,0.04588145871336261,1,1,44
1,Ga+Ju,Si,SiPt28,Si,1,1.0351237365695265e-07,53.17732842763265,1.0000000943740208,54.17732842763265,0.01835128472885117,0.9816487170755863,0.036702564102597535,1,1,44
1,Ga+Ju,Si,SiPt29,Si,1,3.082251997391571,9.02498184866272,4.08225200821956,10.024981816609701,0.32111410711271066,0.6788858938962221,0.14656675110260645,1,1,44
1,Ga+Ju,Si,SiPt30,Si,1,0.5126020016030177,31.671560128529865,1.5126020014286041,32.67156024773916,0.07386101336063196,0.9261389908691248,0.06673742070173223,1,1,44
1,Ga+Ju,Si,SiPt31,Si,1,1.7916056472590258e-09,60.654399394989014,1.0,61.654399474461876,0.016042777763990063,0.9839572285612425,0.03208555552798013,1,1,44
1,Ga+Ju,Si,SiPt32,Si,1,3.9632397076153816,4.516970039107036,4.963239714503288,5.5169700508316355,0.48258118781571585,0.5174188107873002,0.2001347530943652,1,1,44
1,Ga+Ju,Si,SiPt33,Si,1,1.132749259576182,10.030656882173693,2.1327492594718933,11.030656871696314,0.1872347438087066,0.8127652655045191,0.1607357789762318,1,1,44
1,Ga+Ju,Si,SiPt34,Si,1,0.013248196321944405,18.850630084673565,1.0132481927673023,19.85063010454178,0.05686714337207377,0.9431328599651655,0.11111926885011296,1,1,44
1,Ga+Ju,Si,SiPt35,Si,1,13.686356947446862,0.9945152797346282,14.686356976628304,1.9945152948300044,0.8568113250657916,0.1431886759431412,0.1287640668451786,0,0,44
1,Ga+Ju,Si,SiPt36,Si,1,0.06752689502478641,22.680638372898102,1.0675268918275833,23.68063833316167,0.049141564212429024,0.9508584427336851,0.08700728928670287,1,1,44
1,Ga+Ju,Si,SiPt37,Si,1,1.898804225937056,7.390774910299418,2.898804229994615,8.39077490568161,0.29522766118558746,0.704772342617313,0.19089035767440996,1,1,44
1,Ga+Ju,Si,SiPt38,Si,1,0.002204198010682982,17.18250463406245,1.0022041996320088,18.182504574457806,0.05308765025498966,0.9469123544792334,0.10591149811322491,1,1,44
1,Ga+Ju,Si,SiPt39,Si,1,1.1566268679041869e-05,34.1358205874761,1.0000115558505058,35.135820508003235,0.02816963696386665,0.9718303742508093,0.0563383378709356,1,1,44
1,Ga+Ju,Si,SiPt40,Si,1,7.743708059504417e-06,35.71861334641775,1.0000077436367671,36.718613386154175,0.02693648966184507,0.9730635173618793,0.0538724468400081,1,1,44
2,Ga+Si,Ju,JuCo01,Ju,0,1.1217047799201239,0.9772413089161828,2.121704794111706,1.9772413004012335,0.5170446265311468,0.4829553706305368,0.48821365123703364,0,1,44
2,Ga+Si,Ju,JuCo02,Ju,0,1.2985639981925488,0.8588315173983574,2.2985640093684196,1.8588315173983574,0.5524475760757923,0.4475524313747883,0.4812950734049082,0,1,44
2,Ga+Si,Ju,JuCo03,Ju,0,0.7697928287088871,1.852366752922535,1.7697928249835968,2.8523667752742767,0.3832756523042917,0.6167243458330631,0.4329313412308693,1,0,44
2,Ga+Si,Ju,JuCo04,Ju,0,1.2195290310515299,1.111801728606224,2.219529022773107,2.111801736884647,0.5131460577249527,0.486853941447205,0.4620785845650567,0,1,44
2,Ga+Si,Ju,JuCo05,Ju,0,1.773592233657837,1.1502214159284319,2.773592233657837,2.1502214091164724,0.5634904657091413,0.43650952747889926,0.4063082013811384,0,1,44
2,Ga+Si,Ju,JuCo06,Ju,0,0.6374905614749246,1.3569672276144442,1.63749054722164,2.3569672289101975,0.4114760847195335,0.588523911393207,0.5014412357755329,1,0,44
2,Ga+Si,Ju,JuCo07,Ju,0,1.425672646611929,1.3361843321472406,2.4256726540625095,2.336184326559305,0.5092800473794341,0.4907199516892433,0.4200966050848365,0,1,44
2,Ga+Si,Ju,JuCo08,Ju,0,1.282431210532333,1.3619134498364998,2.2824312340129507,2.3619134498365,0.49164251305840234,0.5083574995850072,0.4307057297591007,1,0,44
2,Ga+Si,Ju,JuCo09,Ju,0,1.982808151552754,1.118383446047383,2.982808143861832,2.118383438356461,0.5846011542504833,0.4153988524790733,0.39229123246285225,0,1,44
2,Ga+Si,Ju,JuCo11,Ju,0,0.7160376153058476,1.608392306500011,1.7160376211007435,2.6083923048443265,0.3990224881304635,0.6009775193201171,0.46359237449036705,1,0,44
2,Ga+Si,Ju,JuCo12,Ju,0,0.7862364618401778,1.872521908659684,1.786236468114351,2.872521902385511,0.38398293366557673,0.6160170702557815,0.4296087230506696,1,0,44
2,Ga+Si,Ju,JuCo13,Ju,0,2.1094128588835397,0.5172344421346983,3.109412862194909,1.5172344512409635,0.6714025686184565,0.32859742558664745,0.4326320042212804,0,1,44
2,Ga+Si,Ju,JuCo14,Ju,0,0.28173368015596945,3.469477914994763,1.281733678233239,4.469477914994763,0.22487964505149471,0.7751203583132836,0.34948581745547636,1,0,44
2,Ga+Si,Ju,JuCo15,Ju,0,1.3937025335099962,1.023959293961525,2.393702526887258,2.023959308862686,0.5414138245913718,0.4585861778921551,0.45284128603008056,0,1,44
2,Ga+Si,Ju,JuCo16,Ju,0,1.1906760533650715,0.9081856767336528,2.1906760573387145,1.9081856807072957,0.5337476323048274,0.46625235974788665,0.488295058409373,0,1,44
2,Ga+Si,Ju,JuCo17,Ju,0,2.1546006756169453,0.48315378384930746,3.154600671359471,1.4831537817205702,0.6792478199516024,0.3207521704690797,0.4317563772201538,0,1,44
2,Ga+Si,Ju,JuCo18,Ju,0,1.184038947025935,1.2150530715783436,2.1840389470259347,2.215053081512451,0.4972342865334617,0.5027657084994845,0.4551326202021705,1,0,44
2,Ga+Si,Ju,JuCo19,Ju,0,2.609777685473947,0.48517223929657655,3.6097776889801025,1.4851722296546488,0.7070372823406669,0.2929627176593332,0.39298490916981416,0,1,44
2,Ga+Si,Ju,JuCo20,Ju,0,0.8423847584497361,1.0993803711164565,1.8423847584497361,2.099380379631406,0.4680543392896652,0.5319456600007557,0.5076502696389243,1,0,44
2,Ga+Si,Ju,JuCo21,Ju,0,0.6686807823808569,1.517445379181912,1.6686807808123136,2.517445357222306,0.3987464300895992,0.6012535808902038,0.477914887039285,1,0,44
2,Ga+Si,Ju,JuCo22,Ju,0,2.097058892250061,0.6035000572079107,3.097058898524234,1.6035000399539345,0.6575937749523866,0.34240622269479853,0.4260001308039615,0,1,44
2,Ga+Si,Ju,JuCo23,Ju,0,0.5426613902434324,1.851877944591718,1.54266138565846,2.851877946120042,0.35717526689553875,0.6428247506801898,0.4579124160301991,1,0,44
2,Ga+Si,Ju,JuCo24,Ju,0,1.9555355310440063,0.5060981241986156,2.9555355235934258,1.5060981214046478,0.6618491541594267,0.3381508495658636,0.4485414307564497,0,1,44
2,Ga+Si,Ju,JuCo25,Ju,0,1.336172550013571,1.1801482168110935,2.3361725409825644,2.180148236679308,0.5172473571517251,0.4827526392358722,0.44357001781463623,0,1,44
2,Ga+Si,Ju,JuCo26,Ju,0,1.3915072660893202,0.8865954745560884,2.391507286578417,1.8865954652428627,0.5591442110016942,0.4408557880669832,0.46777110174298286,0,1,44
2,Ga+Si,Ju,JuPt01,Ju,1,0.8877674224066766,1.4044299438065144,1.8877674299047182,2.4044299536573708,0.4405274997813877,0.559472499851763,0.46626586008757825,1,1,44
2,Ga+Si,Ju,JuPt02,Ju,1,1.2840232659469952,1.0927033830772748,2.2840232740749014,2.0927033803679724,0.5220637754960493,0.47793621908534656,0.45710770243948157,0,0,44
2,Ga+Si,Ju,JuPt03,Ju,1,0.3833561160158522,2.259723874190668,1.3833561163555255,3.259723874987388,0.2994389480022332,0.7005610524939386,0.4316974628624676,1,1,44
2,Ga+Si,Ju,JuPt04,Ju,1,0.09702418178319931,5.658005714416504,1.097024178504944,6.658005714416504,0.1425401547551155,0.8574598431587219,0.25929783165454867,1,1,44
2,Ga+Si,Ju,JuPt05,Ju,1,1.2551298351848827,0.940814568715937,2.2551298702464386,1.9408145652097815,0.5370979414266699,0.4629020638325635,0.47687067003811107,0,0,44
2,Ga+Si,Ju,JuPt06,Ju,1,0.8550830827908102,1.5218662839034227,1.8550830834516074,2.521866291906426,0.42457894745073244,0.5754210504768272,0.4575130886389142,1,1,44
2,Ga+Si,Ju,JuPt07,Ju,1,0.878809909025828,1.695625861485799,1.8788099024030898,2.6956258879767523,0.4111134674814012,0.588886535829968,0.4373827626307805,1,1,44
2,Ga+Si,Ju,JuPt08,Ju,1,0.5045371984734255,2.3725587480208454,1.5045371897080366,3.3725587480208454,0.3085581432370579,0.6914418479975533,0.41068773234591766,1,1,44
2,Ga+Si,Ju,JuPt09,Ju,1,0.5918277627062042,1.9702485008439414,1.5918277604725606,2.970248502682364,0.34995204049686013,0.6500479594002826,0.4390341144866473,1,1,44
2,Ga+Si,Ju,JuPt10,Ju,1,0.6597164870761948,1.4731596220171905,1.6597164893290832,2.4731596284851602,0.4023773417533886,0.5976226594517857,0.48549914922360066,1,1,44
2,Ga+Si,Ju,JuPt11,Ju,1,1.335618063280904,1.1731120271352469,2.335618064973573,2.1731120273248745,0.5165059443829494,0.4834940558448809,0.44460286968047075,0,0,44
2,Ga+Si,Ju,JuPt12,Ju,1,1.5785160951125317,1.6929125174497948,2.578516116509071,2.6929125235630917,0.4897784445530329,0.5102215600319397,0.3796638525449313,1,1,44
2,Ga+Si,Ju,JuPt13,Ju,1,0.30855771887760897,2.591133242387038,1.3085577157827524,3.5911332387190598,0.2678239272190974,0.732176071863908,0.408704072695512,1,1,44
2,Ga+Si,Ju,JuPt14,Ju,1,0.340671791992289,2.38455804865411,1.340671790407059,3.38455804865411,0.28615797929307246,0.7138420216580654,0.42494801003882227,1,1,44
2,Ga+Si,Ju,JuPt15,Ju,1,2.2333830736053564,1.3937382068796424,3.2333830742116842,2.39373821829442,0.5747337909279435,0.42526620837346163,0.35635646558187534,0,0,44
2,Ga+Si,Ju,JuPt16,Ju,1,0.674095632737143,2.0949739364155553,1.674095630645752,3.0949739364155553,0.3517009589755744,0.6482990467757509,0.4197085855299966,1,1,44
2,Ga+Si,Ju,JuPt17,Ju,1,0.6998016379381481,1.1505626094968695,1.6998016300954317,2.1505625938114368,0.4423929554851432,0.5576070452991285,0.5198174628772234,1,1,44
2,Ga+Si,Ju,JuPt18,Ju,1,0.1490537830007573,3.861940348716009,1.1490537836438133,4.861940340768723,0.19567143988041652,0.8043285579908461,0.33708596570151195,1,1,44
2,Ga+Si,Ju,JuPt19,Ju,1,1.070214060512749,1.337899945877694,2.0702140621236853,2.337899923324585,0.4700261918274132,0.5299738097835232,0.453810947972375,1,1,44
2,Ga+Si,Ju,JuPt20,Ju,1,0.5991268737889998,2.0993890902690713,1.599126873958608,3.0993890941489637,0.34179136358009643,0.6582086349430991,0.4265509272966977,1,1,44
2,Ga+Si,Ju,JuPt21,Ju,1,0.7389820381812474,1.9981924026577567,1.738982037141735,2.998192402051006,0.36777303164439384,0.6322269666491317,0.4226551036756246,1,1,44
2,Ga+Si,Ju,JuPt22,Ju,1,0.26055150479078293,2.414576737319722,1.2605515052290523,3.4145767408258774,0.2704019322991371,0.7295980751514435,0.4284267618375666,1,1,44
2,Ga+Si,Ju,JuPt23,Ju,1,1.4094815353786039,0.7960026601718316,2.4094815410747046,1.796002657532165,0.5706621318682686,0.42933786045174144,0.4763574385398975,0,0,44
2,Ga+Si,Ju,JuPt24,Ju,1,0.6277548406894009,2.2920781638134606,1.6277548451766823,3.292078164039236,0.3367810317061164,0.6632189651330311,0.4154922090696566,1,1,44
2,Ga+Si,Ju,JuPt25,Ju,1,1.0249840051699908,1.6902140317819057,2.0249840082266393,2.690214053178445,0.43174545887189036,0.5682545342506506,0.4249237332588587,1,1,44
2,Ga+Si,Ju,JuPt26,Ju,1,0.9479548305000537,1.0535748720724392,1.947954827685904,2.0535748731429777,0.4873785727363648,0.5126214279827268,0.500154943419704,1,1,44
2,Ga+Si,Ju,JuPt27,Ju,1,1.567884872853756,0.8678895324468613,2.567884862422943,1.8678895354270935,0.5782357685267925,0.42176423594355583,0.4514264352619648,0,0,44
2,Ga+Si,Ju,JuPt28,Ju,1,0.4581007341354472,1.8462400337903255,1.458100736128656,2.8462400345205654,0.34102124747077395,0.6589787526564389,0.46605624425086933,1,1,44
2,Ga+Si,Ju,JuPt29,Ju,1,0.9605855957983733,1.5988051892770636,1.9605855908228722,2.59880518836014,0.43162063638182635,0.5683793657499827,0.4393284926868682,1,1,44
3,Ju+Si,Ga,GaCo01,Ga,0,0.5926324023554722,1.3826034317413967,1.5926324054598808,2.3826034466425576,0.4030216919879119,0.5969783049076796,0.504421009371678,1,0,44
3,Ju+Si,Ga,GaCo02,Ga,0,2.2180826167265577,0.23843283718451858,3.218082619210084,1.2384328407545884,0.7200419027358294,0.27995810098946095,0.45042411579440034,0,1,44
3,Ju+Si,Ga,GaCo03,Ga,0,0.9180719790359337,1.2189724848916133,1.9180719666182995,2.2189724780619144,0.46505154203623533,0.5349484651039045,0.4841935361425082,1,0,44
3,Ju+Si,Ga,GaCo04,Ga,0,0.19399708245570463,3.4329619208971662,1.193997085094452,4.432961915930112,0.21591570787131786,0.784084290266037,0.35927052019784844,1,0,44
3,Ju+Si,Ga,GaCo05,Ga,0,0.1773230410180986,3.5906199651459856,1.1773230408628783,4.5906199514865875,0.2069864389486611,0.7930135627587637,0.3497516720866164,1,0,44
3,Ju+Si,Ga,GaCo06,Ga,0,0.17317786112771896,4.217316127341727,1.173177869045648,5.2173161096331,0.1859713367294466,0.8140286691216887,0.31548089860007167,1,0,44
3,Ju+Si,Ga,GaCo07,Ga,0,0.7559791440144181,1.7727538210650287,1.7559791480501492,2.772753817339738,0.3929983298294246,0.6070016759137312,0.4437308022752404,1,0,44
3,Ju+Si,Ga,GaCo08,Ga,0,0.10441029659705237,3.917838931083679,1.1044102969268956,4.917838931083679,0.1880949712358415,0.8119050307820241,0.337837484665215,1,0,44
3,Ju+Si,Ga,GaCo09,Ga,0,0.09599121318509181,4.394384431342284,1.0959912215669951,5.394384441276392,0.1720396283393105,0.8279603744546573,0.3119795511787136,1,0,44
3,Ju+Si,Ga,GaCo10,Ga,0,0.34610393006975454,2.2782845372955003,1.3461039351920285,3.2782845348119736,0.29280424444004893,0.7071957550942898,0.43370185916622483,1,0,44
3,Ju+Si,Ga,GaCo11,Ga,0,1.0562669672071934,0.8617378938943148,2.056266963481903,1.8617378969987233,0.5261691411336263,0.47383086072901887,0.5108970366418362,0,1,44
3,Ju+Si,Ga,GaCo12,Ga,0,1.1337010854234297,0.8770103007555008,2.1337010910113654,1.877010313173135,0.5324373232821623,0.46756267361342907,0.4995887391269207,0,1,44
3,Ju+Si,Ga,GaCo13,Ga,0,1.0511569853710092,1.6861927348418513,2.051156976192758,2.686192738549145,0.46392307224445006,0.5360769228244893,0.4411646805451688,1,0,44
3,Ju+Si,Ga,GaCo14,Ga,0,0.09947287526706028,3.8631580455435652,1.0994728704293568,4.863158050510619,0.1868190657761362,0.8131809371213118,0.3382830781241258,1,0,44
3,Ju+Si,Ga,GaCo15,Ga,0,0.2358307126754274,4.6816038737694425,1.2358307151330843,5.681603868802388,0.1820879035318891,0.8179120909836558,0.2919807817993893,1,0,44
3,Ju+Si,Ga,GaCo16,Ga,0,0.6050399662823313,2.4325875423020786,1.605039965444141,3.4325875480969743,0.33304084514578186,0.6669591496388118,0.4055516025258435,1,0,44
3,Ju+Si,Ga,GaCo17,Ga,0,1.941846699764331,0.5356183546698756,2.9418467010060945,1.535618356532521,0.6539423426406251,0.34605765746285516,0.44798404288788635,0,1,44
3,Ju+Si,Ga,GaCo22,Ga,0,0.8899861391012867,1.4109608667592206,1.8899861350655556,2.4109608717262745,0.44487527276699745,0.5551247242838144,0.46679178935786086,1,0,44
3,Ju+Si,Ga,GaPt03,Ga,1,0.27653477566006285,3.267534983654817,1.2765347783764203,4.267534991105397,0.2365203375617663,0.7634796537458897,0.36573226377367973,1,1,44
3,Ju+Si,Ga,GaPt04,Ga,1,0.13834660034626722,3.7484115039308867,1.138346607486407,4.748411511381467,0.19924792336920896,0.800752072284619,0.34570356955130893,1,1,44
3,Ju+Si,Ga,GaPt05,Ga,1,0.3784934285407265,2.9588033805290856,1.3784934307138126,3.9588033705949783,0.25970271695405245,0.7402972752849261,0.3756265075256427,1,1,44
3,Ju+Si,Ga,GaPt06,Ga,1,0.3080695661095281,2.213892586529255,1.3080695768197377,3.213892584045728,0.29213788608709973,0.7078621126711369,0.44440759097536403,1,1,44
3,Ju+Si,Ga,GaPt07,Ga,1,0.06176205938390922,4.901455024878183,1.0617620572447777,5.901455029845238,0.15587321544686955,0.8441267882784207,0.29215044993907213,1,1,44
3,Ju+Si,Ga,GaPt08,Ga,1,0.04132268050064643,4.9283340995510425,1.041322683294614,5.9283340970675145,0.15018328046426177,0.8498167159656684,0.2882073116488755,1,1,44
3,Ju+Si,Ga,GaPt09,Ga,1,1.2591811772435904,1.0488697473580637,2.259181172897418,2.048869756360849,0.5241040425995986,0.4758959521229068,0.46441376488655806,0,0,44
3,Ju+Si,Ga,GaPt12,Ga,1,0.03077615839235174,7.0100963811079655,1.0307761579751968,8.010096396009127,0.11438178139117858,0.8856182197729747,0.2218072870746255,1,1,44
3,Ju+Si,Ga,GaPt13,Ga,1,0.07312478057186429,4.6326343102587595,1.0731247878736918,5.632634305291706,0.16155266135724056,0.8384473385910193,0.3005622450469269,1,1,44
3,Ju+Si,Ga,GaPt14,Ga,1,0.18221935966155597,3.8818772360682487,1.1822193612655003,4.881877221994929,0.19816541226787698,0.8018345865938398,0.33263963502314353,1,1,44
3,Ju+Si,Ga,GaPt15,Ga,1,0.18242306877962414,4.485505883892377,1.1824230700731277,5.48550587395827,0.18040877192591628,0.8195912283327843,0.3029356575053599,1,1,44
3,Ju+Si,Ga,GaPt16,Ga,1,0.8495152404324876,1.163810119446781,1.849515242709054,2.163810117377175,0.4619960021227598,0.5380039953937134,0.49902508842448395,1,1,44
3,Ju+Si,Ga,GaPt17,Ga,1,0.25769364303495323,2.938967874480618,1.2576936392320526,3.9389678786198297,0.25684162565610474,0.7431583772930833,0.39913586785809857,1,1,44
3,Ju+Si,Ga,GaPt18,Ga,1,0.27615735268530744,3.262676844994227,1.2761573534872797,4.262676830093066,0.24248122258318794,0.7575187782446543,0.3723708186298609,1,1,44
3,Ju+Si,Ga,GaPt19,Ga,1,2.5657766179906,0.6256035287967986,3.565776621301969,1.6256035276585152,0.6837338540289136,0.31626614804069203,0.3868030187570386,0,0,44
3,Ju+Si,Ga,GaPt20,Ga,1,0.25905537149972385,3.068968435956372,1.2590553735693295,4.068968438439899,0.24103719937718573,0.7589628001054128,0.3790335102627675,1,1,44
3,Ju+Si,Ga,GaPt21,Ga,1,0.25942766578454113,3.6022276265753637,1.2594276699754927,4.602227626575364,0.2174592541737689,0.7825407518280877,0.34314341077374083,1,1,44
3,Ju+Si,Ga,GaPt22,Ga,1,1.4985950046943293,0.8506914822177755,2.4985950051082506,1.850691482424736,0.573709337040782,0.42629066316617853,0.4603566781928142,0,0,44
3,Ju+Si,Ga,GaPt23,Ga,1,0.42786872997466063,3.267103135585785,1.4278687304920623,4.267103127307362,0.25480770267960096,0.7451922984586821,0.35342367738485336,1,1,44
3,Ju+Si,Ga,GaPt24,Ga,1,0.0937915351953254,5.930780445535977,1.093791534503301,6.930780450503032,0.13801282727056077,0.8619871752129661,0.2512293253093958,1,1,44
3,Ju+Si,Ga,GaPt25,Ga,1,1.6958312996559675,0.766510317929917,2.695831300483809,1.7665103193786411,0.6039029301868545,0.3960970743662781,0.4484487465686268,0,0,44
3,Ju+Si,Ga,GaPt26,Ga,1,0.21903507402425423,3.976427137851715,1.219035072459115,4.9764271395074,0.2033929867256019,0.7966070125500361,0.3298453561340769,1,1,44
3,Ju+Si,Ga,GaPt27,Ga,1,0.769551838023795,2.0512769056691065,1.7695518342985046,3.0512768957349987,0.3747050354464187,0.6252949680719111,0.41859388620489174,1,1,44
3,Ju+Si,Ga,GaPt28,Ga,1,1.3868336156010628,1.5622118204418156,2.386833608150482,2.5622118272715144,0.4862698868124022,0.5137301151537234,0.4052225651426448,1,1,44
3,Ju+Si,Ga,GaPt29,Ga,1,0.1967540815369123,4.079171281721857,1.1967540871765878,5.079171275099118,0.1934269136852688,0.8065730854868889,0.32115294142729706,1,1,44
3,Ju+Si,Ga,GaPt30,Ga,1,0.23151990645823792,4.669918838474486,1.2315199019180403,5.669918838474486,0.1808138522836897,0.8191861493719949,0.29188466413567465,1,1,44
3,Ju+Si,Ga,GaPt31,Ga,1,0.3354286962809662,2.558087317479981,1.335428696539667,3.5580873257584043,0.2769115086024006,0.7230884892245134,0.41161096696224475,1,1,44
3,Ju+Si,Ga,GaPt32,Ga,1,0.8139950010097688,1.5170961883332994,1.8139949929383066,2.5170961883332996,0.42055593472388053,0.5794440545141697,0.46255133280323607,1,1,44
3,Ju+Si,Ga,GaPt33,Ga,1,0.1939726760610938,2.9078623776634536,1.1939726778202586,3.907862385114034,0.23842334881838823,0.7615766554243035,0.3967731485350265,1,1,44
1,Ga+Ju,Si,SiCo01,Si,0,5.15372293194135,0.29586773449652054,6.153722882270813,1.2958677187561989,0.796261123691996,0.20373887723932663,0.2905527896558245,0,1,45
1,Ga+Ju,Si,SiCo03,Si,0,6.353934275607268,0.08673521722812438,7.353934238354365,1.0867352162798245,0.8585874922573566,0.14141250774264336,0.24994079551349083,0,1,45
1,Ga+Ju,Si,SiCo04,Si,0,4.546798009476333,0.84038656610331,5.546798035502434,1.8403865670164425,0.7247864383583268,0.27521356055513024,0.2985483156517148,0,1,45
1,Ga+Ju,Si,SiCo05,Si,0,1.7357428643542032,1.2017215465505917,2.7357428719600043,2.2017215515176454,0.5508638778701425,0.4491361193358898,0.409012525031964,0,1,45
1,Ga+Ju,Si,SiCo06,Si,0,7.917486002047856,0.046840909190602055,8.917485982179642,1.0468409086267154,0.8867262129982313,0.11327379150316119,0.21122159281124672,0,1,45
1,Ga+Ju,Si,SiCo07,Si,0,4.774751544309159,0.45876202629491064,5.774751514196396,1.4587620223561923,0.7726897091294328,0.22731029226755103,0.29414047859609127,0,1,45
1,Ga+Ju,Si,SiCo08,Si,0,0.6621714112116024,2.2490677187840142,1.6621714184681575,3.2490676939487457,0.35255070123821497,0.6474492959678173,0.41430321149528027,1,0,45
1,Ga+Ju,Si,SiCo09,Si,0,6.100064578776558,0.20440021777176298,7.1000645731886225,1.2044002289573352,0.8407600335776806,0.15923996533577642,0.24952706011633077,0,1,45
1,Ga+Ju,Si,SiCo10,Si,0,8.026652097702026,0.01036732897712985,9.026652097702026,1.0103673314054806,0.8954263863464197,0.10457360961784919,0.20649513384948173,0,1,45
1,Ga+Ju,Si,SiCo11,Si,0,0.00041441630852053396,12.860296328862509,1.000414418677489,13.860296308994293,0.0685443664745738,0.9314556308090687,0.13701764137173691,1,0,45
1,Ga+Ju,Si,SiCo12,Si,0,6.969991958290696e-05,14.212932686010996,1.0000697001814842,15.212932666142782,0.062313507621486984,0.937686488032341,0.12461741858472426,1,0,45
1,Ga+Ju,Si,SiCo13,Si,0,0.3047038492562327,4.82011141628027,1.304703839123249,5.820111421247323,0.19871034069607654,0.8012896440923214,0.29214039258658886,1,0,45
1,Ga+Ju,Si,SiCo14,Si,0,9.443658411502838,0.004139345755902468,10.443658411502838,1.0041393513480823,0.9099518756071726,0.09004813029120366,0.17915470153093338,0,1,45
1,Ga+Ju,Si,SiCo15,Si,0,2.076407765969634,1.1045473829532664,3.076407757898172,2.1045473888516426,0.6043398060525457,0.3956601920848091,0.39829615131020546,0,1,45
1,Ga+Ju,Si,SiCo16,Si,0,6.6565050805608434,0.06359618375184557,7.656505053242047,1.0635961865385373,0.8651742736498514,0.1348257310067614,0.24398155075808367,0,1,45
1,Ga+Ju,Si,SiCo17,Si,0,0.001629714837690699,10.376167515913645,1.0016297151645024,11.376167515913645,0.08266557830696304,0.9173344187438488,0.1649968490625421,1,0,45
1,Ga+Ju,Si,SiCo18,Si,0,10.061659837762514,0.02335936346495752,11.061659842729568,1.0233593583106995,0.9090738470355669,0.09092615203311046,0.1746236113831401,0,1,45
1,Ga+Ju,Si,SiCo19,Si,0,2.585979957676803,1.9696749029681087,3.5859799484411874,2.969674895207087,0.5280508880193034,0.4719491118254761,0.31620031750450533,0,1,45
1,Ga+Ju,Si,SiCo20,Si,0,0.7779896330242385,3.934214282160004,1.7779896433154743,4.934214269121488,0.3151664421893656,0.6848335604493817,0.33163951709866524,1,0,45
1,Ga+Ju,Si,SiCo21,Si,0,9.402230471372604,0.025245662756873344,10.402230481306711,1.0252456665039062,0.9016355363031229,0.09836446897437175,0.18934421117107073,0,1,45
1,Ga+Ju,Si,SiCo22,Si,0,3.8746645574768386,0.537657780398149,4.874664572377999,1.5376577749848366,0.7469045103838047,0.25309548682222766,0.3185856146737933,0,1,45
1,Ga+Ju,Si,SiCo23,Si,0,5.171274979909261,0.20227742840749366,6.171274960041046,1.2022774443030357,0.821887924335897,0.17811208187292019,0.2829894193758567,0,1,45
1,Ga+Ju,Si,SiCo24,Si,0,1.5447274673788343,1.5944317025132477,2.54472749431928,2.594431700805823,0.5057537704706192,0.49424622642497223,0.3997734480847915,0,1,45
1,Ga+Ju,Si,SiCo25,Si,0,7.045085271199544,0.23220063600759508,8.045085283617178,1.2322006324927013,0.8294154088944197,0.17058459327866635,0.24580468206355968,0,1,45
1,Ga+Ju,Si,SiCo26,Si,0,2.3934151508534947,0.8914604375992591,3.393415150543054,1.89146043608586,0.6286160284653306,0.37138397091378766,0.38596166111528873,0,1,45
1,Ga+Ju,Si,SiCo27,Si,0,18.27616520722707,7.93965229621089e-06,19.27616520722707,1.0000079448024433,0.9502508975565434,0.04974910616874695,0.09949723274136583,0,1,45
1,Ga+Ju,Si,SiCo28,Si,0,0.02931990228050078,6.055436233679454,1.029319907228152,7.0554362535476685,0.12930350750684738,0.8706964900096258,0.25040459415564936,1,0,45
1,Ga+Ju,Si,SiCo29,Si,0,5.335946728009731,0.46300826882361434,6.335946713884671,1.463008279601733,0.7714428069690863,0.22855719241003195,0.2758955666795373,0,1,45
1,Ga+Ju,Si,SiCo30,Si,0,6.292475765290874,0.8262794210143815,7.292475792268912,1.8262794266144435,0.7777097341604531,0.22229026102771363,0.23765911379208168,0,1,45
1,Ga+Ju,Si,SiPt02,Si,1,0.4102645084907219,5.98114937543869,1.4102645019690196,6.981149365504582,0.1930050866988798,0.8069949156294266,0.2548175994306803,1,1,45
1,Ga+Ju,Si,SiPt04,Si,1,4.132719887187704,0.5274922415531668,5.132719906667869,1.5274922400712967,0.7406581064375738,0.2593418979085982,0.32734847627580166,0,0,45
1,Ga+Ju,Si,SiPt05,Si,1,5.986377047995727,0.5311045987085284,6.986377060413361,1.5311045969525974,0.7917785377552112,0.20822145820905766,0.24967773196597895,0,0,45
1,Ga+Ju,Si,SiPt07,Si,1,0.0038598627428048835,10.058527539173761,1.0038598651687305,11.058527529239655,0.0851896454890569,0.9148103557527065,0.16953475369761387,1,1,45
1,Ga+Ju,Si,SiPt08,Si,1,1.6404321887918438,2.212333388219122,2.6404321963588395,3.212333398560683,0.4478675586481889,0.5521324385578433,0.3503193746631344,1,1,45
1,Ga+Ju,Si,SiPt09,Si,1,10.353876168529192,0.011129840020051537,11.35387616356214,1.0111298486590385,0.914613009740909,0.08538699864099424,0.16743723768740892,0,0,45
1,Ga+Ju,Si,SiPt10,Si,1,0.049135249173559714,6.226097186406453,1.0491352478663127,7.226097206274669,0.13034341329087815,0.8696565901239713,0.247080458017687,1,1,45
1,Ga+Ju,Si,SiPt12,Si,1,0.3204285322602421,4.785444517930348,1.320428527891636,5.785444512963295,0.21287598041817546,0.7871240135282278,0.3041946164642771,1,1,45
1,Ga+Ju,Si,SiPt13,Si,1,0.5952922018089642,3.7514276479681334,1.5952921981612842,4.751427655418714,0.26788709421331686,0.7321129025270542,0.3230898380279541,1,1,45
1,Ga+Ju,Si,SiPt14,Si,1,0.668529899121495,4.415253585825364,1.668529912829399,5.415253609418869,0.26262844462568563,0.7373715614279112,0.2952718169738849,1,1,45
1,Ga+Ju,Si,SiPt15,Si,1,0.0006610749361091924,11.70729011297226,1.0006610751152039,12.70729011297226,0.07388779559793572,0.9261121998230616,0.14766575566803417,1,1,45
1,Ga+Ju,Si,SiPt16,Si,1,5.013443583001693,0.12347442407432634,6.0134435792764025,1.1234744265675545,0.8280167418221632,0.1719832617479066,0.2929291957989335,0,0,45
1,Ga+Ju,Si,SiPt17,Si,1,6.830058128883441,0.14573821272786822,7.830058145026366,1.1457382068037987,0.8457077431182066,0.15429226060708365,0.24683314096182585,0,0,45
1,Ga+Ju,Si,SiPt18,Si,1,2.918998253842195,0.3614300716823588,3.9189982463916144,1.3614300688107808,0.7289426879336437,0.2710573151707649,0.3883480556930105,0,0,45
1,Ga+Ju,Si,SiPt19,Si,1,4.798552392451408,1.201033376402241,5.7985523988803225,2.2010333885749183,0.7364922535295287,0.2635077517479658,0.2677404157196482,0,0,45
1,Ga+Ju,Si,SiPt20,Si,1,0.1365713629881308,6.899602669601639,1.1365713700652122,7.899602644145489,0.14455752028152347,0.8554424817363421,0.23687629091242948,1,1,45
1,Ga+Ju,Si,SiPt21,Si,1,1.9379666196958472,1.4137858968848984,2.9379666075110435,2.4137859120965004,0.5541899064555764,0.44581009292354185,0.3777842279523611,0,0,45
1,Ga+Ju,Si,SiPt22,Si,1,0.008858880026006469,8.545354266961416,1.0088588843743007,9.545354276895523,0.09880921089400847,0.9011907912790775,0.19525860995054245,1,1,45
1,Ga+Ju,Si,SiPt23,Si,1,1.817179675825173,2.4577866974286735,2.81717969228824,3.457786686718464,0.4762668946447472,0.5237330961972475,0.33342553364733857,1,1,45
1,Ga+Ju,Si,SiPt24,Si,1,2.9418980246409774,1.0004789955103963,3.941898030539354,2.0004789928595224,0.6414977184807261,0.3585022891250749,0.3490758553768198,0,0,45
1,Ga+Ju,Si,SiPt25,Si,1,0.08572038373737693,7.602077993253867,1.0857203751802444,8.602077980836233,0.12442728613192837,0.875572711850206,0.218612858094275,1,1,45
1,Ga+Ju,Si,SiPt27,Si,1,0.0007800191326623462,11.417647043863932,1.0007800137003262,12.417647043863932,0.07551716951032479,0.92448282862703,0.15089113482584557,1,1,45
1,Ga+Ju,Si,SiPt28,Si,1,0.0016940682999120327,10.447497944037119,1.001694070796172,11.447497953971228,0.08166135475039482,0.9183386427660784,0.16299061321963867,1,1,45
1,Ga+Ju,Si,SiPt29,Si,1,0.031090108472805394,6.679652730623881,1.031090108056863,7.679652750492096,0.12224535752708714,0.8777546460429827,0.23611935041844845,1,1,45
1,Ga+Ju,Si,SiPt30,Si,1,0.049229972179394586,7.621925592422485,1.0492299844821293,8.621925607323647,0.11904000708212455,0.8809599913656712,0.22159172967076302,1,1,45
1,Ga+Ju,Si,SiPt31,Si,1,0.0029616447588220276,9.96732665101687,1.0029616430401802,10.967326621214548,0.08576098488022883,0.9142390166719755,0.17082450787226358,1,1,45
1,Ga+Ju,Si,SiPt32,Si,1,2.8220001818068945,1.3241216788786307,3.8220001881321273,2.3241216962536178,0.6040220996364951,0.3959779016052683,0.34658511107166606,0,0,45
1,Ga+Ju,Si,SiPt33,Si,1,0.29665264721067314,4.522957623004913,1.2966526473561923,5.52295761803786,0.20554942513505617,0.7944505754858255,0.3047203483680884,1,1,45
1,Ga+Ju,Si,SiPt34,Si,1,0.04734053194406821,7.248746633529663,1.047340529660384,8.248746663331985,0.128174520485724,0.871825480212768,0.23967465463404855,1,1,45
1,Ga+Ju,Si,SiPt35,Si,1,12.189602921406427,0.001325891422576812,13.189602931340536,1.0013258929053943,0.9270115171869596,0.07298848405480385,0.14566714813311896,0,0,45
1,Ga+Ju,Si,SiPt36,Si,1,0.23173651228535164,6.701199310521285,1.2317365085085232,7.701199325422446,0.15883773379027843,0.841162258759141,0.24295773822814226,1,1,45
1,Ga+Ju,Si,SiPt37,Si,1,0.9855749270597395,3.448445435613394,1.9855749284227688,4.448445424437523,0.3386384796661635,0.6613615192472935,0.3263340964913368,1,1,45
1,Ga+Ju,Si,SiPt38,Si,1,0.008189150670659728,7.777978767951329,1.0081891442338626,8.777978827555975,0.10362362613280614,0.8963763775924841,0.20548275051017603,1,1,45
1,Ga+Ju,Si,SiPt39,Si,1,0.0022199199547685566,10.199219892422358,1.0022199178735416,11.199219862620035,0.08358043750437598,0.9164195619523525,0.16674500439936915,1,1,45
1,Ga+Ju,Si,SiPt40,Si,1,0.036002675977215404,6.31776658197244,1.0360026756922405,7.317766577005386,0.12971749994903803,0.8702824960152308,0.24843380910654864,1,1,45
2,Ga+Si,Ju,JuCo01,Ju,0,2.0687616779690696,0.7328823293958392,3.0687616779690696,1.732882329395839,0.6380511664208912,0.36194884351321627,0.41695310955955867,0,1,45
2,Ga+Si,Ju,JuCo02,Ju,0,2.3888749331235886,0.6039970368146896,3.3888749331235886,1.6039970368146896,0.6779112927615643,0.3220887091010809,0.40093813464045525,0,1,45
2,Ga+Si,Ju,JuCo03,Ju,0,0.8131122905761003,2.3002294078469276,1.8131122887134552,3.300229400396347,0.3571641659364104,0.6428358294069767,0.392565468326211,1,0,45
2,Ga+Si,Ju,JuCo04,Ju,0,2.03495192527771,0.9124429275592169,3.0349519319004483,1.9124429292149014,0.6124383782347044,0.3875616143147151,0.4047585344976849,0,1,45
2,Ga+Si,Ju,JuCo05,Ju,0,1.5400522436414446,1.8300446544374738,2.5400522572653634,2.830044637407575,0.47358638303620476,0.5264136118548257,0.3725671912942614,1,0,45
2,Ga+Si,Ju,JuCo06,Ju,0,1.227011109823766,1.6665976099345996,2.2270111208376675,2.6665975943855615,0.45569524039392884,0.5443047576624415,0.409292362306429,1,0,45
2,Ga+Si,Ju,JuCo07,Ju,0,1.8796010315418243,1.3500745762139559,2.879601038992405,2.35007456690073,0.5507546355947852,0.44924536533653736,0.38260098081082106,0,1,45
2,Ga+Si,Ju,JuCo08,Ju,0,1.9739252961043157,1.1414132461403355,2.9739252834609062,2.1414132262721206,0.581412981856953,0.4185870253678524,0.391135932821216,0,1,45
2,Ga+Si,Ju,JuCo09,Ju,0,2.6527980219933296,1.2300144491657135,3.6527980143024075,2.2300144587793658,0.619897638597796,0.38010235371128204,0.34074243422477474,0,1,45
2,Ga+Si,Ju,JuCo11,Ju,0,0.835081467198001,2.0004433227909937,1.8350814680258434,3.000443306234148,0.38108531882365543,0.6189146803485023,0.41435260905159843,1,0,45
2,Ga+Si,Ju,JuCo12,Ju,0,1.0741020362628133,2.1299236824637964,2.074102028420097,3.129923676189623,0.39923710650519323,0.6007628801621889,0.38460392073581096,1,0,45
2,Ga+Si,Ju,JuCo13,Ju,0,3.7602126200993857,0.41968828191359836,4.760212633344862,1.4196882843971252,0.7691839701599545,0.23081602859828207,0.3243710133764479,0,1,45
2,Ga+Si,Ju,JuCo14,Ju,0,0.1475646224233412,6.209952954323061,1.1475646342000654,7.209952954323061,0.13807278102444065,0.861927213207368,0.23991224121662877,1,0,45
2,Ga+Si,Ju,JuCo15,Ju,0,1.7303172929419413,1.1654485248857074,2.7303172879748874,2.1654485397868686,0.5570750162005424,0.44292498793866897,0.4087061641944779,0,1,45
2,Ga+Si,Ju,JuCo16,Ju,0,1.4431411306063333,1.2847384452819823,2.4431411465009054,2.2847384293874105,0.5174748291571934,0.4825251668691635,0.42358982960383096,0,1,45
2,Ga+Si,Ju,JuCo17,Ju,0,2.9839742524283275,0.39363652787038256,3.9839742609432767,1.3936365331922258,0.7385703325271606,0.261429666940655,0.37327831025634495,0,1,45
2,Ga+Si,Ju,JuCo18,Ju,0,1.5341221921973758,1.2958909670511882,2.5341221855746374,2.2958909703625574,0.5256036288208432,0.47439637945757973,0.41460789408948684,0,1,45
2,Ga+Si,Ju,JuCo19,Ju,0,1.9819073957555435,0.8813110362080967,2.981907409780166,1.8813110274427078,0.6120140833013198,0.3879859193282969,0.4116022595587899,0,1,45
2,Ga+Si,Ju,JuCo20,Ju,0,1.8610288075038366,1.2799749913669767,2.8610288131804693,2.2799750083968755,0.5561915792170025,0.4438084264596303,0.38920277499017264,0,1,45
2,Ga+Si,Ju,JuCo21,Ju,0,1.1004937746022876,1.5296707623883297,2.100493760485398,2.529670759251243,0.45395339084298986,0.5460466154311833,0.4321840209396262,1,0,45
2,Ga+Si,Ju,JuCo22,Ju,0,1.8211692634381746,0.8036002485375655,2.8211692791236076,1.8036002422633923,0.6087910627063952,0.39120894199923467,0.4328392297029495,0,1,45
2,Ga+Si,Ju,JuCo23,Ju,0,2.7207220762203903,0.7288021888488379,3.720722082333687,1.7288021857921894,0.6804688954964663,0.3195311174942897,0.3683914358799274,0,1,45
2,Ga+Si,Ju,JuCo24,Ju,0,2.4550318270921707,0.8929381696507335,3.4550318345427513,1.8929381854832172,0.6448205076158047,0.35517949238419533,0.3743998846039176,0,1,45
2,Ga+Si,Ju,JuCo25,Ju,0,2.297586466326858,0.9354910850524902,3.2975864699392607,1.9354910778276848,0.6279225268147208,0.3720774713790778,0.3830267669576587,0,1,45
2,Ga+Si,Ju,JuCo26,Ju,0,2.6618250720202923,0.6353072915226221,3.66182504594326,1.6353072971105576,0.6874984754249454,0.3125015334226191,0.37910318188369274,0,1,45
2,Ga+Si,Ju,JuPt01,Ju,1,1.5204575590574576,1.2298320495455821,2.5204575561802387,2.229832051945858,0.5269601791929811,0.47303981900759,0.4226792110643702,0,0,45
2,Ga+Si,Ju,JuPt02,Ju,1,1.076201163909652,2.088873955336484,2.076201173392209,3.0888739824295044,0.40767635946924036,0.5923236378214576,0.3895624442534013,1,1,45
2,Ga+Si,Ju,JuPt03,Ju,1,0.9604413702146778,3.0068312808115456,1.9604413715022349,4.006831273171565,0.329646622912136,0.670353375822537,0.336778712428787,1,1,45
2,Ga+Si,Ju,JuPt04,Ju,1,0.3235537135601044,4.563582181930542,1.3235537195205689,5.563582191467285,0.19453356564044952,0.8054664325714112,0.2925104117393494,1,1,45
2,Ga+Si,Ju,JuPt05,Ju,1,0.9075118127991172,2.068800778949962,1.9075118233175838,3.0688007719376507,0.38504542673335357,0.614954576772802,0.4027716815471649,1,1,45
2,Ga+Si,Ju,JuPt06,Ju,1,1.5798284860718392,1.5752436029212487,2.5798284816162043,2.5752436025396945,0.5011051480904454,0.49889485284287133,0.38881406873851937,0,0,45
2,Ga+Si,Ju,JuPt07,Ju,1,0.6250251183907191,2.0439496835072837,1.6250251200464036,3.0439496835072837,0.34982098473442924,0.6501790152655708,0.4291205671098497,1,1,45
2,Ga+Si,Ju,JuPt08,Ju,1,0.2640681179130779,3.6586490799398983,1.2640681056415333,4.658649051890654,0.21408891327240887,0.7859110867275911,0.33842536281136903,1,1,45
2,Ga+Si,Ju,JuPt09,Ju,1,0.6637588771821694,2.3050464176235947,1.663758875731246,3.305046418975113,0.33626497887391726,0.6637350201481109,0.4034811733052675,1,1,45
2,Ga+Si,Ju,JuPt10,Ju,1,1.0566496779717123,1.9986958834994641,2.0566496751434893,2.9986958796477516,0.4070070410763144,0.5929929573914793,0.3986023291173298,1,1,45
2,Ga+Si,Ju,JuPt11,Ju,1,2.2856885277343904,1.09078354792926,3.2856885263246407,2.0907835474335714,0.6102023266907056,0.38979767445292274,0.3723568952431005,0,0,45
2,Ga+Si,Ju,JuPt12,Ju,1,0.5218958291105735,3.432486662497887,1.5218958365611541,4.432486674724481,0.2587223240198233,0.7412776824755546,0.337615178945737,1,1,45
2,Ga+Si,Ju,JuPt13,Ju,1,0.06019392648281959,6.3568905463585486,1.0601939293054434,7.3568905463585486,0.12794807965938862,0.872051923091595,0.24062507977852454,1,1,45
2,Ga+Si,Ju,JuPt14,Ju,1,0.4623003345220647,2.640250951685804,1.4623003411800304,3.6402509415403324,0.28799850509521807,0.7120014898320461,0.39272051986227646,1,1,45
2,Ga+Si,Ju,JuPt15,Ju,1,2.0909422668589266,2.001824631120504,3.090942263445038,3.001824637526487,0.5084938162106531,0.49150618477792457,0.3300633035774834,0,0,45
2,Ga+Si,Ju,JuPt16,Ju,1,0.5742809866604052,2.26096370763946,1.5742809772491455,3.2609637243705882,0.32744230225420834,0.6725576927787379,0.41471786457195614,1,1,45
2,Ga+Si,Ju,JuPt17,Ju,1,1.0715199952062808,1.7780962492290295,2.0715199834422062,2.7780962429548564,0.42797864424554927,0.5720213565387224,0.4127467580531773,1,1,45
2,Ga+Si,Ju,JuPt18,Ju,1,0.45966657336269107,3.3466667368298486,1.459666573433649,4.346666753859747,0.2557214381439345,0.7442785654749189,0.34725152594702585,1,1,45
2,Ga+Si,Ju,JuPt19,Ju,1,1.665297195718095,1.626595806431126,2.6652971860524772,2.6265958128748714,0.5035611302466005,0.4964388721698039,0.37825569107725815,0,0,45
2,Ga+Si,Ju,JuPt20,Ju,1,0.8000768034183338,2.414085245172564,1.8000768037739185,3.4140852451703076,0.3466647860732498,0.6533352122964587,0.3844953862898615,1,1,45
2,Ga+Si,Ju,JuPt21,Ju,1,2.13467309613936,1.6679806021815033,3.1346730964491347,2.667980607731976,0.5399685272134669,0.4600314706158387,0.34507907762238027,0,0,45
2,Ga+Si,Ju,JuPt22,Ju,1,0.2702965596142937,3.503940897829392,1.2702965526019825,4.503940897829392,0.22078351807944915,0.7792164788526648,0.3470513864475138,1,1,45
2,Ga+Si,Ju,JuPt23,Ju,1,2.277688064951832,1.0172375973439611,3.2776880646684075,2.0172375960829085,0.6159212469442213,0.3840787527376479,0.3784707339754319,0,0,45
2,Ga+Si,Ju,JuPt24,Ju,1,0.6677823764356701,3.0431971989120497,1.6677823808382857,4.0431971976702865,0.29630332931198855,0.7036966758243965,0.36081689765507524,1,1,45
2,Ga+Si,Ju,JuPt25,Ju,1,0.16313482018617484,4.5626379771110335,1.1631348255353096,5.562637995450925,0.1764282503953347,0.8235717553358811,0.30138396223386127,1,1,45
2,Ga+Si,Ju,JuPt26,Ju,1,1.3105187068151514,1.7534734833982997,2.310518704691042,2.7534734904951192,0.4592445937524568,0.5407554056163777,0.396312495076282,1,1,45
2,Ga+Si,Ju,JuPt27,Ju,1,1.2894563049077987,1.5837041676044463,2.289456304907799,2.5837041556835176,0.4671825595200062,0.5328174486756325,0.4115037366747856,1,1,45
2,Ga+Si,Ju,JuPt28,Ju,1,0.3424905762053359,3.0461518748354037,1.342490573557624,4.046151886313492,0.25711350002755756,0.7428864986714668,0.3775980398225153,1,1,45
2,Ga+Si,Ju,JuPt29,Ju,1,0.6464671654858262,2.675433889776315,1.6464671705519447,3.6754338885844677,0.31169037313454534,0.6883096267893324,0.3774675563305318,1,1,45
3,Ju+Si,Ga,GaCo01,Ga,0,5.0569986833725125,0.24463462040876038,6.056998657683532,1.2446346258123715,0.8221013676375151,0.17789863018939892,0.2818288557852308,0,1,45
3,Ju+Si,Ga,GaCo02,Ga,0,14.642779886722565,0.0010114722957226263,15.642779901623726,1.0010114746789138,0.9375110231339931,0.0624889750033617,0.12477457546629012,0,1,45
3,Ju+Si,Ga,GaCo03,Ga,0,14.069444399404649,0.12210768660479468,15.069444394359987,1.1221076870958009,0.918775144809236,0.08122485519076388,0.13247421965934336,0,1,45
3,Ju+Si,Ga,GaCo04,Ga,0,3.4245717363276826,0.6853402782192763,4.424571742614111,1.6853402790923915,0.7027685081896682,0.2972314927416543,0.3419245470625659,0,1,45
3,Ju+Si,Ga,GaCo05,Ga,0,0.5659066526811026,5.17838503792882,1.56590665007631,6.178385020544132,0.23311690132444102,0.7668830996068815,0.2733223685063422,1,0,45
3,Ju+Si,Ga,GaCo06,Ga,0,0.12694994165465923,6.817826920148471,1.1269499418204245,7.817826916018258,0.15490057199950452,0.8450994273998599,0.25997276105445577,1,0,45
3,Ju+Si,Ga,GaCo07,Ga,0,0.10406465954122268,10.865320906043053,1.1040646582841873,11.865320901075998,0.09725257711640248,0.902747414385279,0.1642832258561005,1,0,45
3,Ju+Si,Ga,GaCo08,Ga,0,0.004908673310637823,11.618489543596903,1.0049086709817252,12.618489553531012,0.07617785222828388,0.9238221471508344,0.15142417489551008,1,0,45
3,Ju+Si,Ga,GaCo09,Ga,0,0.008809577741279403,10.633748983343441,1.00880957270662,11.633749003211658,0.08284373294251661,0.9171562623232603,0.1637653059636553,1,0,45
3,Ju+Si,Ga,GaCo10,Ga,0,0.02650010540310177,7.807305169602236,1.0265001046160855,8.807305179536343,0.10969065370348594,0.8903093487024307,0.21131880596900982,1,0,45
3,Ju+Si,Ga,GaCo11,Ga,0,13.614932497342428,0.0018772456598223168,14.61493252714475,1.0018772433201473,0.932829304287831,0.067170693539083,0.13395353329057494,0,1,45
3,Ju+Si,Ga,GaCo12,Ga,0,0.2231660336595572,4.693378825982411,1.2231660361091297,5.693378813564777,0.19818300179516277,0.8018170017749071,0.3084216546267271,1,0,45
3,Ju+Si,Ga,GaCo13,Ga,0,4.98426038099984,0.9581820833408208,5.9842603861709724,1.9581820780528343,0.7130532948489207,0.2869467021703972,0.2856982512858467,0,1,45
3,Ju+Si,Ga,GaCo14,Ga,0,1.2080784579383261,4.123413028712902,2.2080784489711127,5.123413023849328,0.336254147036622,0.6637458592239353,0.28557046461436486,1,0,45
3,Ju+Si,Ga,GaCo15,Ga,0,0.11128757312448873,9.468873487578499,1.1112875723176532,10.468873484267128,0.11694330525481039,0.883056701057487,0.19851573975756764,1,0,45
3,Ju+Si,Ga,GaCo16,Ga,0,0.7774529981359591,5.072359161617027,1.7774530021680726,6.072359156774151,0.28273138652245206,0.7172686187343466,0.2988313832009832,1,0,45
3,Ju+Si,Ga,GaCo17,Ga,0,6.876286024072518,0.32346961134418156,7.87628602484862,1.3234696106778252,0.8177090225637786,0.18229097381441128,0.24781514114389816,0,1,45
3,Ju+Si,Ga,GaCo22,Ga,0,2.7187143156770617,1.2924378427269403,3.718714325378339,2.292437848945459,0.5828560686980684,0.4171439333974073,0.3496944659079114,0,1,45
3,Ju+Si,Ga,GaPt03,Ga,1,0.003153623667875157,14.072746475537619,1.0031536296010017,15.07274646560351,0.06435349599147837,0.9356465041637421,0.12802214501425624,1,1,45
3,Ju+Si,Ga,GaPt04,Ga,1,0.0003252212167315823,17.453596850236256,1.0003252277771633,18.453596870104473,0.052621833980083466,0.9473781635363897,0.10520081656674544,1,1,45
3,Ju+Si,Ga,GaPt05,Ga,1,1.0385806398602047,3.2825906936971783,2.038580651084582,4.282590697209041,0.34956848605846363,0.6504315086640418,0.33388150203973055,1,1,45
3,Ju+Si,Ga,GaPt06,Ga,1,2.8105882956491164,1.0186707014994074,3.810588297744592,2.0186707004904747,0.6370418439619243,0.36295816224689287,0.35490104742348194,0,0,45
3,Ju+Si,Ga,GaPt07,Ga,1,0.09045072732934992,7.070219236115614,1.0904507252077262,8.070219228665033,0.1306690024600054,0.8693309960265954,0.23330139384294551,1,1,45
3,Ju+Si,Ga,GaPt08,Ga,1,0.03696064661198761,6.52109007537365,1.0369606440265973,7.521090072890122,0.1264757018070668,0.8735242982705433,0.24198966659605503,1,1,45
3,Ju+Si,Ga,GaPt09,Ga,1,0.002171489087080166,14.217971156040829,1.002171487857898,15.21797114610672,0.06423989826968561,0.93576010192434,0.1279979352839291,1,1,45
3,Ju+Si,Ga,GaPt12,Ga,1,6.578244754192517e-05,20.469606349865593,1.0000657849013805,21.469606320063274,0.04527645437822988,0.9547235475232203,0.09054600354284048,1,1,45
3,Ju+Si,Ga,GaPt13,Ga,1,0.0012871745136382943,12.660565276940664,1.0012871738937166,13.660565270317925,0.06959336478677061,0.9304066350062689,0.13898427137691113,1,1,45
3,Ju+Si,Ga,GaPt14,Ga,1,0.37377499024902744,7.293564872298803,1.3737749863002036,8.293564875092772,0.16755676057396665,0.8324432435135046,0.22268924091218245,1,1,45
3,Ju+Si,Ga,GaPt15,Ga,1,0.20734007510448768,6.513806058507828,1.2073400765657425,7.513806065751446,0.16890481075582406,0.8310951876143614,0.25731260391573113,1,1,45
3,Ju+Si,Ga,GaPt16,Ga,1,0.17043987360375468,6.789638610142801,1.1704398766160011,7.789638629390133,0.14499793817392653,0.8550020636369785,0.23332646437403226,1,1,45
3,Ju+Si,Ga,GaPt17,Ga,1,0.001134657822757469,18.015578975280125,1.0011346580253706,19.01557899183697,0.05386827710188097,0.9461317240364022,0.10753724025562406,1,1,45
3,Ju+Si,Ga,GaPt18,Ga,1,0.8626170569574407,6.6877666434480085,1.8626170572307374,7.687766652968194,0.3151213687378913,0.684878637910717,0.2949926115882893,1,1,45
3,Ju+Si,Ga,GaPt19,Ga,1,9.308275630076727,0.031226251551168437,10.308275621798304,1.0312262483768995,0.9006894102527037,0.09931059142885108,0.18878480171163878,0,0,45
3,Ju+Si,Ga,GaPt20,Ga,1,1.2995780895074124e-05,20.226002269321018,1.0000129921568763,21.226002269321018,0.04527190710521406,0.9547280934121872,0.09054254326555465,1,1,45
3,Ju+Si,Ga,GaPt21,Ga,1,0.40536269262601204,3.878504657083088,1.4053626929720242,4.87850466536151,0.24851860359518063,0.7514813935591116,0.337739070566992,1,1,45
3,Ju+Si,Ga,GaPt22,Ga,1,6.2445051355494385,0.08036524944246694,7.2445051256153326,1.080365252163675,0.859612647857931,0.1403873545738558,0.25264562738852364,0,0,45
3,Ju+Si,Ga,GaPt23,Ga,1,0.4784868485512561,6.533310619900779,1.478486844234996,7.53331062114901,0.18967389315366745,0.8103261060702304,0.23896886796380082,1,1,45
3,Ju+Si,Ga,GaPt24,Ga,1,0.0059431721378126025,13.953205350372526,1.0059431708521311,14.95320538348622,0.06799661476785938,0.9320033846629991,0.1346764333753122,1,1,45
3,Ju+Si,Ga,GaPt25,Ga,1,4.3968354611554075,0.5694736360520538,5.39683545463615,1.5694736424419615,0.7568720522233181,0.24312795088109043,0.3021638338557548,0,0,45
3,Ju+Si,Ga,GaPt26,Ga,1,0.012681673205750916,10.418152911795511,1.0126816737982962,11.418152898550034,0.08760658962031205,0.9123934105866486,0.17185269089208707,1,1,45
3,Ju+Si,Ga,GaPt27,Ga,1,3.950507988493579,0.8831537167101892,4.9505079835653305,1.8831537117560704,0.71501459636622,0.2849854037372602,0.29995036052746904,0,0,45
3,Ju+Si,Ga,GaPt28,Ga,1,4.871667341038928,0.9282034968127846,5.871667356126838,1.9282034983237584,0.7395952322727277,0.26040476876207524,0.2676821799120969,0,0,45
3,Ju+Si,Ga,GaPt29,Ga,1,0.5977592638980949,6.2939435218253905,1.5977592733171253,7.293943514426549,0.22561296140257683,0.774387036708908,0.25166449023203713,1,1,45
3,Ju+Si,Ga,GaPt30,Ga,1,0.13350241209506444,8.57137426899539,1.1335024080342715,9.57137426485618,0.1171325927393304,0.8828674018796946,0.19544627248413035,1,1,45
3,Ju+Si,Ga,GaPt31,Ga,1,0.21758005643560963,6.997068604661359,1.2175800593362913,7.997068628668785,0.14998390344488952,0.8500160961929296,0.2284775748848915,1,1,45
3,Ju+Si,Ga,GaPt32,Ga,1,0.0031087451733987515,10.814204987552431,1.0031087423364322,11.814204980929693,0.08027601412807901,0.9197239830262132,0.15997439115825626,1,1,45
3,Ju+Si,Ga,GaPt33,Ga,1,9.861027309120296e-05,18.627000987529755,1.0000986109177272,19.627000980907017,0.048827536766313843,0.9511724606984191,0.09764466176016463,1,1,45
1,Ga+Ju,Si,SiCo01,Si,0,16.775063425302505,0.2801876386069277,17.775063415368397,1.2801876440644264,0.9252895383785168,0.07471046449306111,0.10931487521156669,0,1,46
1,Ga+Ju,Si,SiCo03,Si,0,30.12819367647171,0.004925513422249071,31.12819363673528,1.004925509293874,0.9668324229617914,0.03316758382910242,0.06574094924144447,0,1,46
1,Ga+Ju,Si,SiCo04,Si,0,31.282142321889598,0.34104418792878416,32.28214228153229,1.3410441850622494,0.9472942625482877,0.05270574245757113,0.06559224178393681,0,1,46
1,Ga+Ju,Si,SiCo05,Si,0,10.673808271686235,1.2437574713943225,11.673808271686235,2.2437574913104377,0.8154075521354874,0.18459244879583517,0.14970689623927078,0,1,46
1,Ga+Ju,Si,SiCo06,Si,0,24.371821502844494,0.7910289935506961,25.371821502844494,1.791028971473376,0.9225778219600519,0.0774221762161081,0.07742133193338911,0,1,46
1,Ga+Ju,Si,SiCo07,Si,0,8.693531101522852,5.653829095813005,9.693531105915705,6.653829092780749,0.6321507687292373,0.3678492314647883,0.13960213074460626,0,1,46
1,Ga+Ju,Si,SiCo08,Si,0,11.576756173123917,0.6174051643579332,12.576756179332733,1.6174051637450855,0.8639948451891541,0.13600515217209855,0.14939090128367147,0,1,46
1,Ga+Ju,Si,SiCo09,Si,0,6.076461836812086,4.098162204999729,7.076461814343929,5.0981622114777565,0.5717508707505962,0.42824913452689845,0.16828674109031758,0,1,46
1,Ga+Ju,Si,SiCo10,Si,0,27.952000856399536,0.000358523705185206,28.952000896135967,1.000358521938324,0.9652387350797653,0.03476126224268228,0.06948659134407838,0,1,46
1,Ga+Ju,Si,SiCo11,Si,0,0.010303927672543131,34.18709725141525,1.0103039269646008,35.187097330888115,0.031345607984500624,0.968654399116834,0.061141762494420014,1,0,46
1,Ga+Ju,Si,SiCo12,Si,0,4.824413012105954,4.03487993159797,5.824413038790226,5.034879942735036,0.547907110924522,0.45209289419775206,0.19179761270061135,0,1,46
1,Ga+Ju,Si,SiCo13,Si,0,7.821248068019535,8.885741559633365,8.821248079339663,9.885741546750069,0.49251620723710704,0.5074837824019293,0.11017371652026971,1,0,46
1,Ga+Ju,Si,SiCo14,Si,0,26.288573682308197,0.007575005690813856,27.288573642571766,1.0075750028093655,0.9630728090802828,0.03692719080330183,0.07286838938792546,0,1,46
1,Ga+Ju,Si,SiCo15,Si,0,5.041925280228497,5.1235369099619374,6.04192528128624,6.123536904652913,0.4989451807923615,0.5010548217687756,0.1715791883567969,1,0,46
1,Ga+Ju,Si,SiCo16,Si,0,12.187165857447932,3.076657585762632,13.187165834009647,4.076657588283221,0.7368352888152003,0.26316471459964913,0.11985413637012243,0,1,46
1,Ga+Ju,Si,SiCo17,Si,0,4.273881024433046e-08,41.25102877616882,1.00000003973643,42.251028736432396,0.023420715510534745,0.9765792849163214,0.04684142877037326,1,0,46
1,Ga+Ju,Si,SiCo18,Si,0,15.328867208404214,1.3601989938298213,16.328867187102635,2.3601989671587944,0.8438305776411047,0.15616942274694642,0.11621822494392593,0,1,46
1,Ga+Ju,Si,SiCo19,Si,0,0.23254006335234112,25.449424703915913,1.232540063560009,26.449424763520557,0.053385894163511693,0.9466141027708849,0.07727453360954921,1,0,46
1,Ga+Ju,Si,SiCo20,Si,0,1.869982231265795,14.157138829429945,2.8699822202324867,15.157138854265213,0.19142209152535847,0.8085779094447693,0.12098992406390607,1,0,46
1,Ga+Ju,Si,SiCo21,Si,0,22.52121373017629,0.015689748466062525,23.521213710308075,1.0156897430618603,0.9565642873446146,0.04343571742841353,0.08497543547612925,0,1,46
1,Ga+Ju,Si,SiCo22,Si,0,1.4773506870486768,28.963494698206585,2.477350689470768,29.963494618733723,0.08697177826737364,0.9130282166103522,0.06368474491561453,1,0,46
1,Ga+Ju,Si,SiCo23,Si,0,34.333875914414726,8.529047455044048e-05,35.33387597401937,1.0000852818290393,0.971245463937521,0.028754538002734382,0.057499311941986285,0,1,46
1,Ga+Ju,Si,SiCo24,Si,0,10.929447661139184,2.6739862737711824,11.929447658360004,3.673986275990804,0.7697645361380031,0.23023545811884105,0.13412968752284846,0,1,46
1,Ga+Ju,Si,SiCo25,Si,0,36.76622748374939,2.720977594215685e-06,37.76622760295868,1.0000027144948642,0.9734869586924711,0.026513041113503277,0.05302586235726873,0,1,46
1,Ga+Ju,Si,SiCo26,Si,0,28.60136789083481,7.273767979026902e-05,29.601367870966595,1.0000727375348408,0.9665817121664683,0.033418290821524956,0.06682876784664889,0,1,46
1,Ga+Ju,Si,SiCo27,Si,0,59.58192499478658,2.519626634104368e-07,60.58192507425944,1.0000002508362134,0.983509915570418,0.016490086951913934,0.032980160865311824,0,1,46
1,Ga+Ju,Si,SiCo28,Si,0,2.8977383989547967e-07,36.64264273643494,1.0000002856055896,37.64264273643494,0.026057852315716445,0.9739421531558037,0.05211568771240612,1,0,46
1,Ga+Ju,Si,SiCo29,Si,0,20.544767544677597,1.005723329645867,21.544767623146374,2.0057233199477196,0.8844450505760809,0.11555494849259655,0.09313116424406569,0,1,46
1,Ga+Ju,Si,SiCo30,Si,0,32.412030140558876,0.05692586765619898,33.41203006108602,1.0569258655110996,0.9634751714766026,0.03652483034723749,0.06386526379113396,0,1,46
1,Ga+Ju,Si,SiPt02,Si,1,12.155530898831785,3.273862475546897,13.155530894796053,4.273862491051356,0.7410669163800776,0.25893308881980676,0.11769945376242201,0,0,46
1,Ga+Ju,Si,SiPt04,Si,1,24.89837082227071,0.314056266433185,25.898370802402496,1.3140562549233437,0.9338100564976534,0.06618994288146496,0.08436444921729465,0,0,46
1,Ga+Ju,Si,SiPt05,Si,1,4.862635046713848,14.31488038342574,5.862635048727195,15.31488037109375,0.27589758885248256,0.72410241390268,0.10056931114134689,1,1,46
1,Ga+Ju,Si,SiPt07,Si,1,17.54946658015251,0.226552554538254,18.54946658015251,1.2265525509913762,0.9302645263572534,0.06973546332058807,0.10498476757978399,0,0,46
1,Ga+Ju,Si,SiPt08,Si,1,19.08020179416104,2.4584965801476675,20.080201774835587,3.458496575554212,0.8557651417795569,0.14423486175170788,0.09669198996076982,0,0,46
1,Ga+Ju,Si,SiPt09,Si,1,0.0007653399410687175,24.441927631696064,1.0007653385400772,25.441927631696064,0.03928276632602016,0.9607172360022863,0.07847785243454079,1,1,46
1,Ga+Ju,Si,SiPt10,Si,1,0.14215026194322736,32.81399554014206,1.1421502654751141,33.81399542093277,0.03738101890000204,0.9626189817984899,0.05989076585198442,1,1,46
1,Ga+Ju,Si,SiPt12,Si,1,0.3456341032651593,24.375216762224834,1.3456341077884038,25.375216722488403,0.055671209508242704,0.9443287911514441,0.07775553246028721,1,1,46
1,Ga+Ju,Si,SiPt13,Si,1,0.8195715152173951,13.259577007653812,1.819571500023206,14.259576983749866,0.1525216797211518,0.8474783306010067,0.13619179232046008,1,1,46
1,Ga+Ju,Si,SiPt14,Si,1,4.252267580148732,17.23979826271534,5.252267564336459,18.239798267682392,0.23740210795464614,0.7625978902603189,0.08679842537579437,1,1,46
1,Ga+Ju,Si,SiPt15,Si,1,1.875701528596208e-05,29.01842224597931,1.000018760561943,30.018422206242878,0.033303933256926634,0.9666960624357065,0.06660631446478267,1,1,46
1,Ga+Ju,Si,SiPt16,Si,1,1.483619758676132e-06,33.033861796061196,1.0000014801820118,34.033861796061196,0.02881614592236777,0.9711838600536188,0.05763217923231423,1,1,46
1,Ga+Ju,Si,SiPt17,Si,1,16.492134774589164,3.223346774432128,17.492134754856426,4.223346782227357,0.7643390628897274,0.23566093885650238,0.10559045538927118,0,0,46
1,Ga+Ju,Si,SiPt18,Si,1,16.63169062634309,0.4882846263551623,17.63169062634309,1.488284632563591,0.9076275322586298,0.0923724682846417,0.11057944223284721,0,0,46
1,Ga+Ju,Si,SiPt19,Si,1,0.7272594868599098,17.517355674877763,1.727259489397208,18.5173556804657,0.11302756556930642,0.8869724348187447,0.10941935105559726,1,1,46
1,Ga+Ju,Si,SiPt20,Si,1,0.16747774936277438,17.52199747165044,1.1674777468045552,18.52199747165044,0.0762077191999803,0.9237922790149847,0.11399692653988798,1,1,46
1,Ga+Ju,Si,SiPt21,Si,1,0.0001234636253453191,24.04848450422287,1.0001234635710716,25.04848450422287,0.039414988248609006,0.9605850130319595,0.0788163524121046,1,1,46
1,Ga+Ju,Si,SiPt22,Si,1,0.00015254130891702763,24.00323845942815,1.0001525431871414,25.003238419691723,0.03975427243858576,0.9602457322180271,0.07949131494387984,1,1,46
1,Ga+Ju,Si,SiPt23,Si,1,0.0008570463502632976,30.729556063810985,1.0008570402860641,31.729556024074554,0.03289414837490767,0.9671058543026447,0.065700960966448,1,1,46
1,Ga+Ju,Si,SiPt24,Si,1,1.8884486838794754,20.02569834391276,2.888448682924112,21.025698294242222,0.15648106493366262,0.8435189401110014,0.09126976916256051,1,1,46
1,Ga+Ju,Si,SiPt25,Si,1,3.162118196483691e-06,36.08087833722433,1.0000031565626462,37.080878376960754,0.02675329358316958,0.9732467010617256,0.053506312891840935,1,1,46
1,Ga+Ju,Si,SiPt27,Si,1,0.00013297976670178144,32.43563795089722,1.0001329804460208,33.43563795089722,0.030041144462302327,0.9699588579436144,0.06006598720947901,1,1,46
1,Ga+Ju,Si,SiPt28,Si,1,3.370225060646198e-06,34.25981203715006,1.0000033676624298,35.2598120768865,0.028540619105721515,0.9714593862493833,0.05708096292801201,1,1,46
1,Ga+Ju,Si,SiPt29,Si,1,17.428494191515103,0.6097083879491644,18.42849421252807,1.6097083936134975,0.9040079919310907,0.09599200597343345,0.10445777761439483,0,0,46
1,Ga+Ju,Si,SiPt30,Si,1,14.782393706341585,1.2389189990962375,15.782393723726273,2.238918994863828,0.8570071908955773,0.14299280444780985,0.11540163525690635,0,0,46
1,Ga+Ju,Si,SiPt31,Si,1,0.001838577164220349,23.4340402285258,1.0018385822574298,24.4340402285258,0.04080336226616055,0.9591966395576795,0.08136971962327759,1,1,46
1,Ga+Ju,Si,SiPt32,Si,1,10.213046249002218,3.7629500575324832,11.213046262661615,4.7629500677188235,0.684020794617633,0.31597920452865463,0.1267353487201035,0,0,46
1,Ga+Ju,Si,SiPt33,Si,1,1.1146687529803039,20.014165769020718,2.1146687443057695,21.01416575908661,0.10219890849354367,0.8978010900318623,0.08866205097486575,1,1,46
1,Ga+Ju,Si,SiPt34,Si,1,0.440526943183766,20.766518890857697,1.440526929994424,21.766518890857697,0.09161449739864717,0.9083855003118515,0.1025987626829495,1,1,46
1,Ga+Ju,Si,SiPt35,Si,1,41.59853712717692,0.005888022102747259,42.59853708744049,1.0058880175153415,0.9757540101806322,0.024245994126734633,0.047841507087772094,0,0,46
1,Ga+Ju,Si,SiPt36,Si,1,0.32063033347980446,19.68938460946083,1.3206303343176842,20.68938460946083,0.07871990095979224,0.9212801040460666,0.1035559078057607,1,1,46
1,Ga+Ju,Si,SiPt37,Si,1,0.3661028901477658,24.635842621326447,1.3661028842131298,25.635842621326447,0.059779383979427315,0.9402206105490526,0.07862195131989817,1,1,46
1,Ga+Ju,Si,SiPt38,Si,1,0.0034092039090296566,18.437969346841175,1.003409204383691,19.437969307104748,0.05045535322278738,0.9495446470876535,0.10043043565625946,1,1,46
1,Ga+Ju,Si,SiPt39,Si,1,5.2222092769762855e-08,43.632350166638695,1.0000000471870105,44.632350166638695,0.022143653865593176,0.97785634547472,0.04428730462677777,1,1,46
1,Ga+Ju,Si,SiPt40,Si,1,7.748891812237035e-08,37.35327939192454,1.0000000695387523,38.35327943166097,0.02560508674165855,0.974394911279281,0.05121016952519616,1,1,46
2,Ga+Si,Ju,JuCo01,Ju,0,4.343836534590948,0.20228833931365184,5.343836568650746,1.20228834379287,0.8055361480939955,0.19446384835810887,0.3162091381493069,0,1,46
2,Ga+Si,Ju,JuCo02,Ju,0,11.771657943725586,0.0029994067635925603,12.771657943725586,1.002999410033226,0.9248492121696472,0.07515078620053828,0.1496733888052404,0,1,46
2,Ga+Si,Ju,JuCo03,Ju,0,1.344597017945489,3.186370201408863,2.344597026705742,4.1863702312111855,0.40426022559404373,0.5957397790625691,0.3245070790871978,1,0,46
2,Ga+Si,Ju,JuCo04,Ju,0,10.294736206531525,0.018922686766422378,11.294736213154263,1.0189226865768433,0.9121425830655627,0.08785742831726868,0.17019347929292256,0,1,46
2,Ga+Si,Ju,JuCo05,Ju,0,10.276444952828543,0.015800034526702283,11.276444952828543,1.0158000298908778,0.9121970551354545,0.087802939755576,0.17163998378174647,0,1,46
2,Ga+Si,Ju,JuCo06,Ju,0,4.567300816835917,0.8808894700411222,5.567300827606864,1.880889477937118,0.7373581185289051,0.26264187645005144,0.2779030884089677,0,1,46
2,Ga+Si,Ju,JuCo07,Ju,0,12.085700497031212,0.010814112771214468,13.085700497031212,1.0108141154050827,0.9234099425375462,0.076590062584728,0.15010478137992322,0,1,46
2,Ga+Si,Ju,JuCo08,Ju,0,5.366400888471892,0.11108889046943549,6.366400913758711,1.1110888936302878,0.840866359797391,0.15913364087993448,0.27836403476469446,0,1,46
2,Ga+Si,Ju,JuCo09,Ju,0,7.217873111847909,0.1585898315853199,8.217873088775143,1.1585898360898417,0.8631416789947017,0.1368583195632504,0.22524675150071422,0,1,46
2,Ga+Si,Ju,JuCo11,Ju,0,0.0018174339580557192,12.937249422073364,1.0018174284034305,13.937249382336935,0.07242015842348337,0.9275798466470506,0.1444350882536835,1,0,46
2,Ga+Si,Ju,JuCo12,Ju,0,0.0008091025049452583,13.239404076024107,1.00080911109322,14.239404050927414,0.06792058383947924,0.932079415572317,0.13568867272452304,1,0,46
2,Ga+Si,Ju,JuCo13,Ju,0,18.809014532301163,1.0591420663767318e-05,19.809014532301163,1.0000105897585552,0.9515086445543501,0.048491347995069295,0.09698143601417542,0,1,46
2,Ga+Si,Ju,JuCo14,Ju,0,6.587024071043538,0.21258069605579705,7.587024084983334,1.212580684692629,0.8451013954416398,0.15489859830948613,0.24468467793157023,0,1,46
2,Ga+Si,Ju,JuCo15,Ju,0,0.011274714964909234,8.586461146672567,1.0112747185760074,9.586461159918043,0.0989013420831826,0.9010986569854949,0.19491532486346033,1,0,46
2,Ga+Si,Ju,JuCo16,Ju,0,5.739807354410489,0.28862829493979614,6.739807311693827,1.288628304004669,0.8096986189484596,0.1903013803064823,0.2711019163330396,0,1,46
2,Ga+Si,Ju,JuCo17,Ju,0,11.30069421870368,0.01188387121224618,12.300694193158831,1.0118838804108756,0.9167248798268182,0.08327511698007584,0.1628680926348482,0,1,46
2,Ga+Si,Ju,JuCo18,Ju,0,13.826685805287626,0.11381701091910025,14.826685859097374,1.1138170162836711,0.9148458242416382,0.08515417296439409,0.13441836730473572,0,1,46
2,Ga+Si,Ju,JuCo19,Ju,0,10.858306898790246,0.04557612386633991,11.858306905802559,1.0455761166179882,0.9072334906634163,0.09276651251403724,0.16986431006123037,0,1,46
2,Ga+Si,Ju,JuCo20,Ju,0,1.9288609114120758,2.159644237409035,2.928860902786255,3.159644243263063,0.4884050318173,0.5115949664087522,0.3378018428172384,1,0,46
2,Ga+Si,Ju,JuCo21,Ju,0,5.737402125408775,0.07020873926874054,6.737402137957122,1.0702087377247058,0.8571509264017406,0.14284907202971608,0.2630476802587509,0,1,46
2,Ga+Si,Ju,JuCo22,Ju,0,6.271594151070244,0.27076928719792415,7.271594169892762,1.2707692886653699,0.822623997926712,0.17737600187722005,0.2535874674979009,0,1,46
2,Ga+Si,Ju,JuCo23,Ju,0,0.4262625887419325,9.18058513257748,1.4262625987713153,10.180585136780373,0.17540334346584785,0.8245966529999024,0.2069984536904555,1,0,46
2,Ga+Si,Ju,JuCo24,Ju,0,0.06471402808529092,6.713919602334499,1.0647140257060528,7.713919594883919,0.1341942702420056,0.8658057302236557,0.24420656403526664,1,0,46
2,Ga+Si,Ju,JuCo25,Ju,0,0.18986681216020687,9.53210907045639,1.189866810133963,10.532109047427323,0.12400126445925597,0.8759987318154537,0.18907875748294772,1,0,46
2,Ga+Si,Ju,JuCo26,Ju,0,0.7575903297110926,3.7431674506515265,1.757590338587761,4.743167441338301,0.3056480414234102,0.6943519609048963,0.32764028292149305,1,0,46
2,Ga+Si,Ju,JuPt01,Ju,1,5.62689330503727,0.663163636943297,6.6268933150814595,1.6631636323863228,0.7779034995884341,0.22209649820716346,0.255248038789511,0,0,46
2,Ga+Si,Ju,JuPt02,Ju,1,0.5419111549416894,5.7883589728312055,1.54191115769473,6.788358970121904,0.24853594414889812,0.7514640397646211,0.28479925272139633,1,1,46
2,Ga+Si,Ju,JuPt03,Ju,1,0.8779139360298541,4.879291913629837,1.8779139292454974,5.879291911293917,0.27670070050018175,0.7232992945105347,0.27266041029376703,1,1,46
2,Ga+Si,Ju,JuPt04,Ju,1,0.00018026050794105685,15.320077476501465,1.0001802682876586,16.32007751464844,0.059159223735332486,0.9408407711982727,0.11829217702150345,1,1,46
2,Ga+Si,Ju,JuPt05,Ju,1,5.135919314535225,0.4112576802042039,6.135919339516583,1.4112576807246489,0.7851869928486207,0.2148130089044571,0.28807297348976135,0,0,46
2,Ga+Si,Ju,JuPt06,Ju,1,1.403864548407452,3.8472886447942716,2.4038645555807205,4.847288648645541,0.3654602908305571,0.6345397105788037,0.2957344481128919,1,1,46
2,Ga+Si,Ju,JuPt07,Ju,1,0.18328462197031412,6.59290787908766,1.183284627066718,7.59290787908766,0.1587134496205383,0.8412865499655405,0.24328984485732186,1,1,46
2,Ga+Si,Ju,JuPt08,Ju,1,0.00017606130832599078,14.913243910845589,1.0001760580960442,15.9132438547471,0.059841252863407135,0.9401587388094734,0.11965855561635073,1,1,46
2,Ga+Si,Ju,JuPt09,Ju,1,0.5258705096174758,4.726838169778192,1.525870509671384,5.726838173473298,0.2656049906517539,0.7343950134814444,0.3148476976020613,1,1,46
2,Ga+Si,Ju,JuPt10,Ju,1,0.004301756761933453,15.110440239967357,1.0043017590489238,16.110440234541045,0.062411065369138895,0.9375889356289905,0.12367314339029283,1,1,46
2,Ga+Si,Ju,JuPt11,Ju,1,9.983655723502709,0.03881776354058387,10.983655732588458,1.0388177622274306,0.9051211434417671,0.09487885483765501,0.17839216559233076,0,0,46
2,Ga+Si,Ju,JuPt12,Ju,1,0.0036140776404257244,10.579261474120312,1.003614074144608,11.5792614985735,0.08133260695598064,0.9186673928529788,0.1619587555909768,1,1,46
2,Ga+Si,Ju,JuPt13,Ju,1,1.9214043848646374,1.490342256770684,2.921404378230755,2.4903422557390655,0.554743077319402,0.445256920502736,0.3769747060078841,0,0,46
2,Ga+Si,Ju,JuPt14,Ju,1,0.02367888402907138,7.157765033397268,1.0236788810567652,8.157765033397268,0.11552582411689961,0.8844741811143592,0.2242391306035062,1,1,46
2,Ga+Si,Ju,JuPt15,Ju,1,0.08463292475451249,10.841968430955026,1.0846329247830242,11.841968430717769,0.09857268258434963,0.9014273179231201,0.16845915100773265,1,1,46
2,Ga+Si,Ju,JuPt16,Ju,1,0.004225183789889056,10.127845396075333,1.0042251829515423,11.127845429537588,0.08561814014326062,0.9143818512297514,0.17041231469627013,1,1,46
2,Ga+Si,Ju,JuPt17,Ju,1,3.580014749522027,1.4654575031569326,4.580014758988431,2.4654575115755986,0.6335871760782442,0.3664128170593789,0.2966300053031821,0,0,46
2,Ga+Si,Ju,JuPt18,Ju,1,3.61121945002025e-07,26.44780069986979,1.000000354221889,27.44780066353934,0.03561543378801573,0.9643845717112224,0.07123083479347683,1,1,46
2,Ga+Si,Ju,JuPt19,Ju,1,9.312683060362533,0.04149454220424633,10.312683047475042,1.0414945434879612,0.8965695806451746,0.1034304184486737,0.1928254218923079,0,0,46
2,Ga+Si,Ju,JuPt20,Ju,1,0.0011450178993031822,12.229433665061332,1.0011450168584408,13.229433659321355,0.07274193067870575,0.9272580716211177,0.14526651318218312,1,1,46
2,Ga+Si,Ju,JuPt21,Ju,1,11.228476073968904,0.04786648537031938,12.228476077814095,1.047866483743616,0.9144994438945478,0.08550055785273165,0.157583457320299,0,0,46
2,Ga+Si,Ju,JuPt22,Ju,1,0.014013413998969448,8.03143133836634,1.0140134131207186,9.031431324341717,0.10292980798027095,0.8970701922388638,0.20270906651721282,1,1,46
2,Ga+Si,Ju,JuPt23,Ju,1,11.676542976996044,0.16547640939568042,12.676542968258648,1.1654764074606494,0.888540549005911,0.11145945092814084,0.1652049545085957,0,0,46
2,Ga+Si,Ju,JuPt24,Ju,1,0.00024801643938391894,18.827933430671692,1.0002480178619877,19.827933399063166,0.053123283901985625,0.9468767188602325,0.10620180344575961,1,1,46
2,Ga+Si,Ju,JuPt25,Ju,1,3.7828578805478336e-05,18.747768451005985,1.0000378351945143,19.74776849991236,0.04969358033476732,0.9503064216711582,0.09938202874782757,1,1,46
2,Ga+Si,Ju,JuPt26,Ju,1,0.9508651569048928,5.558039813369838,1.950865164155422,6.558039801679371,0.2615952203948477,0.7384047800473216,0.2614113385048023,1,1,46
2,Ga+Si,Ju,JuPt27,Ju,1,10.573259920999408,0.13030733133473404,11.573259899020195,1.130307337641716,0.8882190939038992,0.11178090972825885,0.17366732005029917,0,0,46
2,Ga+Si,Ju,JuPt28,Ju,1,0.03802775696421812,9.475147272742236,1.0380277517300531,10.47514727255396,0.1026298433789401,0.8973701582809278,0.1903377980295508,1,1,46
2,Ga+Si,Ju,JuPt29,Ju,1,7.422419560548385,0.3198742821032991,8.42241955986713,1.3198742832004766,0.8266113834992017,0.1733886152540672,0.2347860008229927,0,0,46
3,Ju+Si,Ga,GaCo01,Ga,0,1.4265133986870449,0.933904554694891,2.426513411104679,1.9339045658707619,0.5548259845624367,0.4451740089183052,0.45938110662003356,0,1,46
3,Ju+Si,Ga,GaCo02,Ga,0,2.8953530825674534,0.1366313542239368,3.895353078842163,1.1366313534478345,0.7711609403292339,0.22883905547981462,0.4005050081759691,0,1,46
3,Ju+Si,Ga,GaCo03,Ga,0,0.5146409925073385,2.43968066573143,1.5146409894029298,3.439680666973193,0.31184324327235424,0.6881567606081564,0.40662992652505636,1,0,46
3,Ju+Si,Ga,GaCo04,Ga,0,0.08909201733088898,4.036442093551159,1.0890920211871467,5.0364420761664705,0.18049010486962896,0.8195098986228307,0.3301487686112523,1,0,46
3,Ju+Si,Ga,GaCo05,Ga,0,0.31081944502269226,2.555851322909196,1.3108194445570311,3.555851322909196,0.2718842108733952,0.7281157908340294,0.4126883686209718,1,0,46
3,Ju+Si,Ga,GaCo06,Ga,0,0.05538028288350873,4.639071600916592,1.0553802770117056,5.639071595625601,0.16042471798204316,0.8395752875485282,0.3029038776522097,1,0,46
3,Ju+Si,Ga,GaCo07,Ga,0,0.5280255763791502,2.3287973788877325,1.5280255724986396,3.3287973776459694,0.3173884477776786,0.6826115486522515,0.4131671519329151,1,0,46
3,Ju+Si,Ga,GaCo08,Ga,0,0.02372837248064267,5.113201404611269,1.0237283731500306,6.1132013996442165,0.14562528766691685,0.8543747141957283,0.28399185479308164,1,0,46
3,Ju+Si,Ga,GaCo09,Ga,0,0.05117067554480552,4.643263081709543,1.0511706806719303,5.643263079226017,0.1602196500947078,0.839780348042647,0.30308483308181167,1,0,46
3,Ju+Si,Ga,GaCo10,Ga,0,0.37692152755334973,2.1149314853052297,1.3769215246041617,3.1149314790964127,0.31058025965467095,0.6894197308768828,0.4482569235066573,1,0,46
3,Ju+Si,Ga,GaCo11,Ga,0,2.3738974183797836,0.3959367818509539,3.3738974084456763,1.3959367896119754,0.7041681918005148,0.2958318091308077,0.42073450796306133,0,1,46
3,Ju+Si,Ga,GaCo12,Ga,0,0.6641677618026733,1.2821207828819752,1.6641677642862003,2.282120779156685,0.42284824264546234,0.5771517598380645,0.5074153741200765,1,0,46
3,Ju+Si,Ga,GaCo13,Ga,0,0.8910982194154159,1.3561462756912201,1.8910982221508947,2.356146270274252,0.4522212800898269,0.5477787200721421,0.47541079898747274,1,0,46
3,Ju+Si,Ga,GaCo14,Ga,0,0.15111985365446243,3.8769570307599177,1.151119850575924,4.8769570208258095,0.19595510264237723,0.804044898185465,0.337083446379337,1,0,46
3,Ju+Si,Ga,GaCo15,Ga,0,0.09372374357189983,4.189926594495773,1.0937237458096611,5.1899265911844035,0.1772611766225762,0.8227388213078181,0.32241678713924354,1,0,46
3,Ju+Si,Ga,GaCo16,Ga,0,0.2636510410734142,3.084681803981463,1.2636510433422194,4.0846818321281,0.24816904523306424,0.7518309544357988,0.38487201672461296,1,0,46
3,Ju+Si,Ga,GaCo17,Ga,0,1.6441731341183186,0.38111696392297745,2.644173126253817,1.381116968890031,0.654690734214253,0.34530926185349625,0.49793297963009936,0,1,46
3,Ju+Si,Ga,GaCo22,Ga,0,0.5564363629091531,2.026303181735178,1.556436363607645,3.026303183287382,0.3524474903630713,0.6475525113443534,0.4429375945279996,1,0,46
3,Ju+Si,Ga,GaPt03,Ga,1,0.15781590652962527,4.121427123745282,1.157815898458163,5.121427123745282,0.1892568749996523,0.8107431257764498,0.32362440569947165,1,1,46
3,Ju+Si,Ga,GaPt04,Ga,1,0.4434447080517809,1.955255518356959,1.4434447089831035,2.9552555307745934,0.33182284732659656,0.6681771539151669,0.4566186380883058,1,1,46
3,Ju+Si,Ga,GaPt05,Ga,1,0.5991377880175909,2.0459852715333304,1.5991377880175908,3.0459852665662766,0.3456856558720271,0.6543143447488546,0.43116090322534245,1,1,46
3,Ju+Si,Ga,GaPt06,Ga,1,1.090958947936694,0.9973303272078434,2.0909589479366937,1.997330330312252,0.5101648240039746,0.4898351722707351,0.4898201369990905,0,0,46
3,Ju+Si,Ga,GaPt07,Ga,1,0.046109356535453117,5.363644657035668,1.0461093597114086,6.36364463965098,0.14611099900988242,0.8538889934619268,0.27811974550907814,1,1,46
3,Ju+Si,Ga,GaPt08,Ga,1,0.013758832870128876,6.851530189315478,1.0137588332096734,7.851530184348425,0.11531429986159006,0.8846856988966465,0.22736276717235646,1,1,46
3,Ju+Si,Ga,GaPt09,Ga,1,0.335695539523537,2.1967356925209365,1.335695533702771,3.1967356850703554,0.2979157643082241,0.7020842333634694,0.443046319608887,1,1,46
3,Ju+Si,Ga,GaPt12,Ga,1,0.008269166104582837,6.840439637502035,1.0082691696782906,7.840439657370249,0.11571338640836377,0.8842866159975529,0.22939548594877124,1,1,46
3,Ju+Si,Ga,GaPt13,Ga,1,0.3922045465507027,2.6722351925240617,1.392204543782605,3.672235205769539,0.28034360334277153,0.7196563933458592,0.39899928785032696,1,1,46
3,Ju+Si,Ga,GaPt14,Ga,1,0.5785958998733096,1.8470754424730937,1.5785959015289943,2.84707543750604,0.3609382123168972,0.6390617787837982,0.4538492804600133,1,1,46
3,Ju+Si,Ga,GaPt15,Ga,1,0.008364557822157318,6.942633393738004,1.0083645565642252,7.942633387115266,0.11397580554087956,0.8860241944591204,0.22589637680600086,1,1,46
3,Ju+Si,Ga,GaPt16,Ga,1,0.5150350055967768,1.831159526275264,1.5150350025958483,2.8311595204803677,0.35001472518261934,0.6499852670563592,0.46106193980409044,1,1,46
3,Ju+Si,Ga,GaPt17,Ga,1,0.4479972624426914,2.1824644381801286,1.4479972629083528,3.1824644481142363,0.32690817262563443,0.6730918263395628,0.44215569727950627,1,1,46
3,Ju+Si,Ga,GaPt18,Ga,1,0.24429741400914887,3.687912517951594,1.244297413362397,4.687912517123752,0.23301235933063758,0.7669876377201742,0.3567387842469745,1,1,46
3,Ju+Si,Ga,GaPt19,Ga,1,1.871864576306608,0.4904372089852889,2.8718645787901345,1.4904372096061707,0.6571432536260949,0.3428567496852743,0.45915899322264725,0,0,46
3,Ju+Si,Ga,GaPt20,Ga,1,0.15254873373649186,4.0512771010398865,1.1525487328569095,5.051277110973994,0.186571273745762,0.813428724805514,0.3232830379986101,1,1,46
3,Ju+Si,Ga,GaPt21,Ga,1,0.2647198658022616,3.187808540132311,1.2647198678718672,4.187808535165257,0.23453712918692168,0.7654628703991572,0.3689414631161425,1,1,46
3,Ju+Si,Ga,GaPt22,Ga,1,1.3837653580639098,0.6057053396685256,2.383765355580383,1.605705339047644,0.597267965061797,0.40273203514516354,0.5015573534700606,0,0,46
3,Ju+Si,Ga,GaPt23,Ga,1,0.629819358802504,2.2271598405722113,1.6298193658391635,3.2271598428487778,0.34603524549553794,0.6539647535731395,0.4166495456463761,1,1,46
3,Ju+Si,Ga,GaPt24,Ga,1,0.008296619107164184,7.646121243635814,1.0082966180311308,8.64612126019266,0.10533070688446362,0.8946692935294576,0.20876792321602503,1,1,46
3,Ju+Si,Ga,GaPt25,Ga,1,1.0801377152610157,0.9358832262870337,2.0801377089487185,1.9358832273218367,0.5204988973629143,0.4795011035684082,0.4990611920754115,0,0,46
3,Ju+Si,Ga,GaPt26,Ga,1,0.1879200703309228,3.9597582875026602,1.1879200720124776,4.959758303231663,0.2045054186342491,0.7954945816761917,0.3377084274672799,1,1,46
3,Ju+Si,Ga,GaPt27,Ga,1,0.9656551585325764,1.769597673167785,1.965655155479908,2.769597668614652,0.4210227028363281,0.5789772936453422,0.42434783176415497,1,1,46
3,Ju+Si,Ga,GaPt28,Ga,1,0.38362343997384113,3.0836537389291654,1.383623441060384,4.083653729822901,0.25768506102677846,0.7423149430089526,0.36837801316546065,1,1,46
3,Ju+Si,Ga,GaPt29,Ga,1,0.1425676010096342,3.7515707852111926,1.1425676047801971,4.751570792661773,0.1987652790525721,0.8012347229652934,0.34452549782064223,1,1,46
3,Ju+Si,Ga,GaPt30,Ga,1,0.004411690609332355,8.221027589506573,1.0044116907649572,9.221027589506575,0.09882294909200734,0.9011770553059048,0.19673574332975677,1,1,46
3,Ju+Si,Ga,GaPt31,Ga,1,0.7750239299817218,1.7580804208086598,1.7750239248077075,2.758080415427685,0.3931263532075617,0.6068736432741085,0.4417191731433074,1,1,46
3,Ju+Si,Ga,GaPt32,Ga,1,0.6334424047834344,1.4612700632876818,1.6334424118200939,2.4612700558371015,0.40102840897937614,0.5989715870883731,0.48924113789366347,1,1,46
3,Ju+Si,Ga,GaPt33,Ga,1,0.38772907935910755,2.1062145067585836,1.38772908018695,3.106214498480161,0.31038648293664056,0.6896135244104599,0.4460529353883531,1,1,46
