sample_id,subject_id,recording_id,study,true_label,predicted_label,is_correct,e_HC,e_PD,alpha_HC,alpha_PD,P_HC,P_PD,uncertainty
GaCo02_01.txt_win0,GaCo02,GaCo02_01.txt,Ga,0,0,1,18.24321174621582,0.01201067678630352,19.24321174621582,1.0120106935501099,0.9500370621681213,0.049962952733039856,0.09873996675014496
GaCo02_01.txt_win1,GaCo02,GaCo02_01.txt,Ga,0,0,1,37.509342193603516,2.10377766052261e-05,38.509342193603516,1.000020980834961,0.9746890664100647,0.02531098760664463,0.0506209135055542
GaCo02_01.txt_win2,GaCo02,GaCo02_01.txt,Ga,0,0,1,48.78005599975586,7.692588610552775e-07,49.78005599975586,1.0000007152557373,0.9803072214126587,0.019692784175276756,0.03938554227352142
GaCo02_01.txt_win3,GaCo02,GaCo02_01.txt,Ga,0,0,1,44.979454040527344,2.313889126526192e-06,45.979454040527344,1.0000022649765015,0.9787140488624573,0.021285947412252426,0.04257179796695709
GaCo02_01.txt_win4,GaCo02,GaCo02_01.txt,Ga,0,0,1,53.31517791748047,2.031837738059039e-07,54.31517791748047,1.000000238418579,0.9819217920303345,0.01807822473347187,0.036156442016363144
GaCo02_01.txt_win5,GaCo02,GaCo02_01.txt,Ga,0,0,1,50.173152923583984,5.195618655307044e-07,51.173152923583984,1.0000004768371582,0.9808330535888672,0.01916695572435856,0.038333892822265625
GaCo02_01.txt_win6,GaCo02,GaCo02_01.txt,Ga,0,0,1,47.740867614746094,1.0463514854563982e-06,48.740867614746094,1.000001072883606,0.979895830154419,0.020104214549064636,0.04020838439464569
GaCo02_01.txt_win7,GaCo02,GaCo02_01.txt,Ga,0,0,1,38.74110412597656,1.4463002116826829e-05,39.74110412597656,1.0000144243240356,0.9754543900489807,0.0245455801486969,0.04909045249223709
GaCo02_01.txt_win8,GaCo02,GaCo02_01.txt,Ga,0,1,0,0.055167119950056076,11.563986778259277,1.0551670789718628,12.563986778259277,0.07747669517993927,0.9225233197212219,0.14685200154781342
GaCo02_01.txt_win9,GaCo02,GaCo02_01.txt,Ga,0,0,1,22.37009048461914,0.0016996428603306413,23.37009048461914,1.001699686050415,0.958899199962616,0.04110078513622284,0.08206208795309067
GaCo02_01.txt_win10,GaCo02,GaCo02_01.txt,Ga,0,0,1,20.7788143157959,0.0025193309411406517,21.7788143157959,1.0025193691253662,0.9559938311576843,0.04400617629289627,0.08779117465019226
GaCo02_01.txt_win11,GaCo02,GaCo02_01.txt,Ga,0,0,1,37.55706024169922,2.0624915123335086e-05,38.55706024169922,1.0000206232070923,0.9747195839881897,0.02528044581413269,0.05055984854698181
GaCo02_01.txt_win12,GaCo02,GaCo02_01.txt,Ga,0,0,1,14.861921310424805,0.01699152961373329,15.861921310424805,1.0169914960861206,0.9397478699684143,0.06025219336152077,0.11849105358123779
GaCo02_01.txt_win13,GaCo02,GaCo02_01.txt,Ga,0,0,1,33.85153579711914,5.863926708116196e-05,34.85153579711914,1.000058650970459,0.9721056222915649,0.02789440006017685,0.05578552559018135
GaCo02_01.txt_win14,GaCo02,GaCo02_01.txt,Ga,0,0,1,48.69712829589844,7.914034085843014e-07,49.69712829589844,1.0000008344650269,0.98027503490448,0.019725000485777855,0.039449967443943024
GaCo02_01.txt_win15,GaCo02,GaCo02_01.txt,Ga,0,0,1,43.24126052856445,3.816538537648739e-06,44.24126052856445,1.0000038146972656,0.9778962135314941,0.022103799507021904,0.04420742765069008
GaCo02_01.txt_win16,GaCo02,GaCo02_01.txt,Ga,0,0,1,42.34563064575195,5.01406839248375e-06,43.34563064575195,1.0000050067901611,0.9774497747421265,0.022550247609615326,0.045100267976522446
GaCo02_01.txt_win17,GaCo02,GaCo02_01.txt,Ga,0,0,1,55.49080276489258,1.0718516563201774e-07,56.49080276489258,1.0000001192092896,0.9826059341430664,0.017394088208675385,0.03478817269206047
GaCo02_01.txt_win18,GaCo02,GaCo02_01.txt,Ga,0,0,1,32.499210357666016,8.842757961247116e-05,33.499210357666016,1.0000884532928467,0.9710113406181335,0.028988661244511604,0.05797219276428223
GaCo02_01.txt_win19,GaCo02,GaCo02_01.txt,Ga,0,0,1,31.897157669067383,0.00010164615378016606,32.89715576171875,1.0001016855239868,0.9704960584640503,0.02950390987098217,0.059001822024583817
GaCo02_01.txt_win20,GaCo02,GaCo02_01.txt,Ga,0,0,1,59.80775833129883,3.0418288332612065e-08,60.80775833129883,1.0,0.9838207960128784,0.016179198399186134,0.03235839679837227
GaCo02_01.txt_win21,GaCo02,GaCo02_01.txt,Ga,0,0,1,57.816429138183594,5.657879498244256e-08,58.816429138183594,1.0,0.983282208442688,0.01671781577169895,0.0334356315433979
GaCo02_01.txt_win22,GaCo02,GaCo02_01.txt,Ga,0,0,1,62.4373664855957,1.4625507915866365e-08,63.4373664855957,1.0,0.9844810962677002,0.015518946573138237,0.031037893146276474
GaCo02_01.txt_win23,GaCo02,GaCo02_01.txt,Ga,0,0,1,61.709991455078125,1.7704630650428044e-08,62.709991455078125,1.0,0.984303891658783,0.015696125105023384,0.03139225021004677
GaCo02_01.txt_win24,GaCo02,GaCo02_01.txt,Ga,0,0,1,57.76285171508789,5.6294503281151265e-08,58.76285171508789,1.0,0.9832671880722046,0.016732802614569664,0.03346560522913933
GaCo02_01.txt_win25,GaCo02,GaCo02_01.txt,Ga,0,0,1,58.08478546142578,5.209688680452018e-08,59.08478546142578,1.0,0.9833568334579468,0.01664314791560173,0.03328629583120346
GaCo02_01.txt_win26,GaCo02,GaCo02_01.txt,Ga,0,0,1,59.83659744262695,3.115211555382302e-08,60.83659744262695,1.0,0.9838283658027649,0.0161716528236866,0.0323433056473732
GaCo02_01.txt_win27,GaCo02,GaCo02_01.txt,Ga,0,0,1,52.53612518310547,2.5706961537252937e-07,53.53612518310547,1.000000238418579,0.9816635251045227,0.018336473032832146,0.036672938615083694
GaCo02_01.txt_win28,GaCo02,GaCo02_01.txt,Ga,0,0,1,33.424442291259766,7.064702367642894e-05,34.424442291259766,1.0000706911087036,0.9717689156532288,0.02823103405535221,0.05645807832479477
GaCo02_01.txt_win29,GaCo02,GaCo02_01.txt,Ga,0,0,1,30.23056411743164,0.00017567457689438015,31.23056411743164,1.0001757144927979,0.9689682722091675,0.031031733378767967,0.062052562832832336
GaCo02_01.txt_win30,GaCo02,GaCo02_01.txt,Ga,0,0,1,58.26935577392578,4.86183928671835e-08,59.26935577392578,1.0,0.9834077954292297,0.016592180356383324,0.03318436071276665
GaCo02_01.txt_win31,GaCo02,GaCo02_01.txt,Ga,0,0,1,57.2710075378418,6.581318245935108e-08,58.2710075378418,1.0000001192092896,0.9831283688545227,0.016871657222509384,0.03374331071972847
GaCo02_01.txt_win0,GaCo02,GaCo02_01.txt,Ga,0,0,1,58.7822265625,4.239940665229369e-08,59.7822265625,1.0,0.9835478067398071,0.016452178359031677,0.032904356718063354
GaCo02_01.txt_win1,GaCo02,GaCo02_01.txt,Ga,0,0,1,58.70441436767578,4.295938182963255e-08,59.70441436767578,1.0,0.9835267066955566,0.01647326722741127,0.03294653445482254
GaCo02_01.txt_win2,GaCo02,GaCo02_01.txt,Ga,0,0,1,50.30694580078125,4.957504984304251e-07,51.30694580078125,1.0000004768371582,0.9808821082115173,0.01911792904138565,0.03823583945631981
GaCo02_01.txt_win3,GaCo02,GaCo02_01.txt,Ga,0,0,1,55.32558059692383,1.1610165984166088e-07,56.32558059692383,1.0000001192092896,0.9825558066368103,0.017444221302866936,0.03488843888044357
GaCo02_01.txt_win4,GaCo02,GaCo02_01.txt,Ga,0,0,1,58.24519348144531,4.938571862567187e-08,59.24519348144531,1.0,0.9834011793136597,0.016598833724856377,0.03319766744971275
GaCo02_01.txt_win5,GaCo02,GaCo02_01.txt,Ga,0,0,1,51.3836784362793,3.5605657444648386e-07,52.3836784362793,1.0000003576278687,0.9812676906585693,0.018732324242591858,0.03746463358402252
GaCo02_01.txt_win6,GaCo02,GaCo02_01.txt,Ga,0,0,1,24.54067611694336,0.0008975882083177567,25.54067611694336,1.0008976459503174,0.9622893929481506,0.037710558623075485,0.0753534808754921
GaCo02_01.txt_win7,GaCo02,GaCo02_01.txt,Ga,0,0,1,36.49789810180664,2.8712840503430925e-05,37.49789810180664,1.0000287294387817,0.9740237593650818,0.025976169854402542,0.0519508458673954
GaCo02_01.txt_win8,GaCo02,GaCo02_01.txt,Ga,0,0,1,61.50508499145508,1.927616111174757e-08,62.50508499145508,1.0,0.9842532277107239,0.015746770426630974,0.03149354085326195
GaCo02_01.txt_win9,GaCo02,GaCo02_01.txt,Ga,0,0,1,61.65150833129883,1.8365817311405408e-08,62.65150833129883,1.0,0.9842894673347473,0.01571054756641388,0.03142109513282776
GaCo02_01.txt_win10,GaCo02,GaCo02_01.txt,Ga,0,0,1,60.68699264526367,2.396524045877868e-08,61.68699264526367,1.0,0.9840477108955383,0.015952272340655327,0.031904544681310654
GaCo02_01.txt_win11,GaCo02,GaCo02_01.txt,Ga,0,0,1,57.16957092285156,6.771375637981691e-08,58.16957092285156,1.0000001192092896,0.9830994009971619,0.016900580376386642,0.033801157027482986
GaCo02_01.txt_win12,GaCo02,GaCo02_01.txt,Ga,0,0,1,54.17250442504883,1.5965318311828014e-07,55.17250442504883,1.0000001192092896,0.9821977019309998,0.01780230551958084,0.035604607313871384
GaCo02_01.txt_win13,GaCo02,GaCo02_01.txt,Ga,0,0,1,61.037620544433594,2.1763572277677667e-08,62.037620544433594,1.0,0.9841364622116089,0.01586354337632656,0.03172708675265312
GaCo02_01.txt_win14,GaCo02,GaCo02_01.txt,Ga,0,0,1,56.46845245361328,8.234238890736378e-08,57.46845245361328,1.0000001192092896,0.9828967452049255,0.01710324175655842,0.03420647978782654
GaCo02_01.txt_win15,GaCo02,GaCo02_01.txt,Ga,0,0,1,57.708641052246094,5.774403177838394e-08,58.708641052246094,1.0,0.9832519888877869,0.01674799434840679,0.03349598869681358
GaCo02_02.txt_win16,GaCo02,GaCo02_02.txt,Ga,0,0,1,57.604061126708984,5.878014164295564e-08,58.604061126708984,1.0,0.9832226037979126,0.01677737943828106,0.03355475887656212
GaCo02_02.txt_win17,GaCo02,GaCo02_02.txt,Ga,0,0,1,60.622581481933594,2.5025792993460527e-08,61.622581481933594,1.0,0.9840313196182251,0.015968680381774902,0.031937360763549805
GaCo02_02.txt_win18,GaCo02,GaCo02_02.txt,Ga,0,0,1,62.401912689208984,1.4644851553669014e-08,63.401912689208984,1.0,0.9844724535942078,0.01552748866379261,0.03105497732758522
GaCo02_02.txt_win19,GaCo02,GaCo02_02.txt,Ga,0,0,1,57.229862213134766,6.536532737300149e-08,58.229862213134766,1.0000001192092896,0.983116626739502,0.016883376985788345,0.03376675024628639
GaCo02_02.txt_win20,GaCo02,GaCo02_02.txt,Ga,0,0,1,62.94374465942383,1.2555684492099317e-08,63.94374465942383,1.0,0.9846020936965942,0.015397942624986172,0.030795885249972343
GaCo02_02.txt_win21,GaCo02,GaCo02_02.txt,Ga,0,0,1,62.17070388793945,1.5648319973138314e-08,63.17070388793945,1.0,0.9844166040420532,0.015583436004817486,0.03116687200963497
GaCo02_02.txt_win22,GaCo02,GaCo02_02.txt,Ga,0,0,1,62.857357025146484,1.2959779915888703e-08,63.857357025146484,1.0,0.984581470489502,0.015418450348079205,0.03083690069615841
GaCo02_02.txt_win23,GaCo02,GaCo02_02.txt,Ga,0,0,1,59.779300689697266,3.1334941752447776e-08,60.779300689697266,1.0,0.9838133454322815,0.016186650842428207,0.032373301684856415
GaCo02_02.txt_win24,GaCo02,GaCo02_02.txt,Ga,0,0,1,57.51122283935547,6.281962328102964e-08,58.51122283935547,1.0000001192092896,0.9831964373588562,0.016803555190563202,0.033607106655836105
GaCo02_02.txt_win25,GaCo02,GaCo02_02.txt,Ga,0,0,1,61.58750534057617,1.8727087436332113e-08,62.58750534057617,1.0,0.9842736124992371,0.0157263595610857,0.0314527191221714
GaCo02_02.txt_win26,GaCo02,GaCo02_02.txt,Ga,0,0,1,61.410621643066406,1.961028850416824e-08,62.410621643066406,1.0,0.9842297434806824,0.01577022857964039,0.03154045715928078
GaCo02_02.txt_win27,GaCo02,GaCo02_02.txt,Ga,0,0,1,59.423866271972656,3.500889533825102e-08,60.423866271972656,1.0,0.9837197065353394,0.016280317679047585,0.03256063535809517
GaCo02_02.txt_win28,GaCo02,GaCo02_02.txt,Ga,0,0,1,63.58955383300781,1.0501358005399197e-08,64.58955383300781,1.0,0.9847536683082581,0.015246329829096794,0.030492659658193588
GaCo02_02.txt_win29,GaCo02,GaCo02_02.txt,Ga,0,0,1,63.214115142822266,1.1600642224607327e-08,64.214111328125,1.0,0.9846658706665039,0.015334104187786579,0.030668208375573158
GaCo02_02.txt_win30,GaCo02,GaCo02_02.txt,Ga,0,0,1,61.381065368652344,2.002336607631605e-08,62.381065368652344,1.0,0.984222412109375,0.015777582302689552,0.031555164605379105
GaCo02_02.txt_win31,GaCo02,GaCo02_02.txt,Ga,0,0,1,63.2796630859375,1.140675021105153e-08,64.2796630859375,1.0,0.9846813082695007,0.015318706631660461,0.030637413263320923
GaCo02_02.txt_win0,GaCo02,GaCo02_02.txt,Ga,0,0,1,43.066383361816406,4.139732027397258e-06,44.066383361816406,1.0000041723251343,0.9778104424476624,0.022189579904079437,0.04437897354364395
GaCo02_02.txt_win1,GaCo02,GaCo02_02.txt,Ga,0,0,1,45.42443084716797,2.171048208765569e-06,46.42443084716797,1.000002145767212,0.9789137244224548,0.02108622156083584,0.042172353714704514
GaCo02_02.txt_win2,GaCo02,GaCo02_02.txt,Ga,0,0,1,61.99214553833008,1.658074388899422e-08,62.99214553833008,1.0,0.9843730926513672,0.015626918524503708,0.031253837049007416
GaCo02_02.txt_win3,GaCo02,GaCo02_02.txt,Ga,0,0,1,62.59388732910156,1.3843269641711231e-08,63.59388732910156,1.0,0.9845186471939087,0.015481340698897839,0.030962681397795677
GaCo02_02.txt_win4,GaCo02,GaCo02_02.txt,Ga,0,0,1,61.27565383911133,2.011945454682973e-08,62.27565383911133,1.0,0.984196126461029,0.01580386608839035,0.0316077321767807
GaCo02_02.txt_win5,GaCo02,GaCo02_02.txt,Ga,0,0,1,62.83245849609375,1.302699192962109e-08,63.83245849609375,1.0,0.984575629234314,0.015424372628331184,0.03084874525666237
GaCo02_02.txt_win6,GaCo02,GaCo02_02.txt,Ga,0,0,1,60.67067337036133,2.4057568381863348e-08,61.67067337036133,1.0,0.9840435981750488,0.015956426039338112,0.031912852078676224
GaCo02_02.txt_win7,GaCo02,GaCo02_02.txt,Ga,0,0,1,59.21029281616211,3.6651520929353865e-08,60.21029281616211,1.0,0.9836629033088684,0.016337120905518532,0.032674241811037064
GaCo02_02.txt_win8,GaCo02,GaCo02_02.txt,Ga,0,0,1,63.2028694152832,1.1597656168760295e-08,64.20286560058594,1.0,0.9846632480621338,0.015336749143898487,0.030673498287796974
GaCo02_02.txt_win9,GaCo02,GaCo02_02.txt,Ga,0,0,1,41.504493713378906,6.524578566313721e-06,42.504493713378906,1.0000065565109253,0.9770137071609497,0.0229862779378891,0.04597225412726402
GaCo02_02.txt_win10,GaCo02,GaCo02_02.txt,Ga,0,0,1,36.65793228149414,2.7124298867420293e-05,37.65793228149414,1.0000271797180176,0.9741314053535461,0.025868598371744156,0.05173578858375549
GaCo02_02.txt_win11,GaCo02,GaCo02_02.txt,Ga,0,0,1,56.88859176635742,7.313061445302083e-08,57.88859176635742,1.0000001192092896,0.9830187559127808,0.0169812198728323,0.0339624360203743
GaCo02_02.txt_win12,GaCo02,GaCo02_02.txt,Ga,0,0,1,61.46400833129883,1.9302651921293545e-08,62.46400833129883,1.0,0.9842430353164673,0.015756962820887566,0.03151392564177513
GaCo02_02.txt_win13,GaCo02,GaCo02_02.txt,Ga,0,0,1,62.84493637084961,1.2872424015597517e-08,63.84493637084961,1.0,0.984578549861908,0.01542140357196331,0.03084280714392662
GaCo02_02.txt_win14,GaCo02,GaCo02_02.txt,Ga,0,0,1,63.41032028198242,1.1051288772989665e-08,64.41032409667969,1.0,0.9847118854522705,0.01528810616582632,0.03057621233165264
GaCo02_02.txt_win15,GaCo02,GaCo02_02.txt,Ga,0,0,1,62.59374237060547,1.3843085788778353e-08,63.59374237060547,1.0,0.9845186471939087,0.015481376089155674,0.030962752178311348
GaCo02_02.txt_win16,GaCo02,GaCo02_02.txt,Ga,0,0,1,57.841522216796875,5.54553665210733e-08,58.841522216796875,1.0,0.9832891821861267,0.016710804775357246,0.03342160955071449
GaCo02_02.txt_win17,GaCo02,GaCo02_02.txt,Ga,0,0,1,61.14387512207031,2.117241670873682e-08,62.14387512207031,1.0,0.9841631650924683,0.015836847946047783,0.031673695892095566
GaCo02_02.txt_win18,GaCo02,GaCo02_02.txt,Ga,0,0,1,48.449195861816406,8.376705409318674e-07,49.449195861816406,1.0000008344650269,0.9801780581474304,0.01982193812727928,0.03964384272694588
GaCo02_02.txt_win19,GaCo02,GaCo02_02.txt,Ga,0,0,1,55.24388885498047,1.2176495545190846e-07,56.24388885498047,1.0000001192092896,0.9825308918952942,0.017469115555286407,0.034938227385282516
GaCo02_02.txt_win20,GaCo02,GaCo02_02.txt,Ga,0,0,1,63.09408187866211,1.190540821482955e-08,64.09408569335938,1.0,0.9846376180648804,0.015362379141151905,0.03072475828230381
GaCo02_02.txt_win21,GaCo02,GaCo02_02.txt,Ga,0,0,1,63.020164489746094,1.2224054657394845e-08,64.0201644897461,1.0,0.9846201539039612,0.015379844233393669,0.030759688466787338
GaCo02_02.txt_win22,GaCo02,GaCo02_02.txt,Ga,0,0,1,60.05712127685547,2.964594436605239e-08,61.05712127685547,1.0,0.9838858246803284,0.016114186495542526,0.03222837299108505
GaCo02_02.txt_win23,GaCo02,GaCo02_02.txt,Ga,0,0,1,61.01347732543945,2.191766412806828e-08,62.01347732543945,1.0,0.9841303825378418,0.0158696211874485,0.031739242374897
GaCo02_02.txt_win24,GaCo02,GaCo02_02.txt,Ga,0,0,1,58.83361053466797,4.138090048400045e-08,59.83361053466797,1.0,0.9835616946220398,0.016438281163573265,0.03287656232714653
GaCo02_02.txt_win25,GaCo02,GaCo02_02.txt,Ga,0,0,1,63.72044372558594,9.970933412262184e-09,64.72044372558594,1.0,0.9847840070724487,0.015215964987874031,0.030431929975748062
GaCo02_02.txt_win26,GaCo02,GaCo02_02.txt,Ga,0,0,1,58.09234619140625,5.1088850483438364e-08,59.09234619140625,1.0,0.9833589196205139,0.016641054302453995,0.03328210860490799
GaCo02_02.txt_win27,GaCo02,GaCo02_02.txt,Ga,0,0,1,47.941444396972656,1.0023233016909217e-06,48.941444396972656,1.0000009536743164,0.9799765348434448,0.020023468881845474,0.040046900510787964
GaCo02_02.txt_win28,GaCo02,GaCo02_02.txt,Ga,0,0,1,54.606689453125,1.4451372010171326e-07,55.606689453125,1.0000001192092896,0.9823342561721802,0.017665758728981018,0.03533151373267174
GaCo02_02.txt_win29,GaCo02,GaCo02_02.txt,Ga,0,0,1,62.75390625,1.3163791834358562e-08,63.75390625,1.0,0.9845569133758545,0.015443083830177784,0.030886167660355568
GaCo02_02.txt_win30,GaCo02,GaCo02_02.txt,Ga,0,0,1,61.296875,2.0313407844696485e-08,62.296875,1.0,0.9842014312744141,0.015798568725585938,0.031597137451171875
GaCo02_02.txt_win31,GaCo02,GaCo02_02.txt,Ga,0,0,1,59.1873779296875,3.762043832011841e-08,60.1873779296875,1.0,0.9836567640304565,0.016343239694833755,0.03268647938966751
GaCo03_01.txt_win0,GaCo03,GaCo03_01.txt,Ga,0,0,1,34.47114944458008,4.9883466999744996e-05,35.47114944458008,1.0000498294830322,0.9725797176361084,0.02742026187479496,0.05483779311180115
GaCo03_01.txt_win1,GaCo03,GaCo03_01.txt,Ga,0,0,1,46.85093688964844,1.3222856978245545e-06,47.85093688964844,1.000001311302185,0.9795295596122742,0.02047046273946762,0.04094087332487106
GaCo03_01.txt_win2,GaCo03,GaCo03_01.txt,Ga,0,1,0,0.0023142551071941853,24.148447036743164,1.0023142099380493,25.148447036743164,0.038328301161527634,0.9616717100143433,0.07647961378097534
GaCo03_01.txt_win3,GaCo03,GaCo03_01.txt,Ga,0,1,0,0.00018590703257359564,34.05489730834961,1.0001859664916992,35.05489730834961,0.027740497142076492,0.9722594618797302,0.055470678955316544
GaCo03_01.txt_win4,GaCo03,GaCo03_01.txt,Ga,0,1,0,0.00010817252041306347,36.40252685546875,1.0001081228256226,37.40252685546875,0.026042696088552475,0.973957359790802,0.052079763263463974
GaCo03_01.txt_win5,GaCo03,GaCo03_01.txt,Ga,0,1,0,0.0008362586377188563,28.173274993896484,1.0008362531661987,29.173274993896484,0.03316870704293251,0.9668313264846802,0.0662819892168045
GaCo03_01.txt_win6,GaCo03,GaCo03_01.txt,Ga,0,1,0,0.009321032091975212,21.39078712463379,1.0093209743499756,22.39078712463379,0.04313317686319351,0.9568668007850647,0.08546969294548035
GaCo03_01.txt_win7,GaCo03,GaCo03_01.txt,Ga,0,1,0,6.651249885559082,9.346979141235352,7.651249885559082,10.346979141235352,0.42511123418807983,0.5748887062072754,0.11112204194068909
GaCo03_01.txt_win8,GaCo03,GaCo03_01.txt,Ga,0,1,0,0.002993033966049552,23.62091827392578,1.0029929876327515,24.62091827392578,0.039142854511737823,0.9608571529388428,0.0780520960688591
GaCo03_01.txt_win9,GaCo03,GaCo03_01.txt,Ga,0,1,0,0.02000449411571026,18.639068603515625,1.0200045108795166,19.639068603515625,0.04937319830060005,0.950626790523529,0.0968097671866417
GaCo03_01.txt_win10,GaCo03,GaCo03_01.txt,Ga,0,0,1,25.593149185180664,0.0009132114355452359,26.593149185180664,1.0009132623672485,0.9637272357940674,0.03627277538180351,0.07247935980558395
GaCo03_01.txt_win11,GaCo03,GaCo03_01.txt,Ga,0,0,1,10.465819358825684,0.7089361548423767,11.465819358825684,1.7089362144470215,0.8702871203422546,0.12971293926239014,0.15180547535419464
GaCo03_01.txt_win12,GaCo03,GaCo03_01.txt,Ga,0,0,1,58.06071472167969,5.248756451692316e-08,59.06071472167969,1.0,0.9833501577377319,0.016649818047881126,0.03329963609576225
GaCo03_01.txt_win13,GaCo03,GaCo03_01.txt,Ga,0,0,1,55.08104705810547,1.2724279940812266e-07,56.08104705810547,1.0000001192092896,0.982481062412262,0.01751895248889923,0.03503790125250816
GaCo03_01.txt_win14,GaCo03,GaCo03_01.txt,Ga,0,0,1,55.1943473815918,1.240737645957779e-07,56.1943473815918,1.0000001192092896,0.9825157523155212,0.01748424768447876,0.03496849164366722
GaCo03_01.txt_win15,GaCo03,GaCo03_01.txt,Ga,0,0,1,57.86867141723633,5.528554325451296e-08,58.86867141723633,1.0,0.9832967519760132,0.016703227534890175,0.03340645506978035
GaCo03_01.txt_win16,GaCo03,GaCo03_01.txt,Ga,0,0,1,54.35340118408203,1.566197198599184e-07,55.35340118408203,1.0000001192092896,0.9822548627853394,0.017745159566402435,0.03549031540751457
GaCo03_01.txt_win17,GaCo03,GaCo03_01.txt,Ga,0,0,1,47.49542236328125,1.1806108659584424e-06,48.49542236328125,1.0000011920928955,0.9797961115837097,0.020203912630677223,0.040407776832580566
GaCo03_01.txt_win18,GaCo03,GaCo03_01.txt,Ga,0,0,1,31.848796844482422,0.00019247324962634593,32.84879684448242,1.0001925230026245,0.9704513549804688,0.02954866923391819,0.05908596143126488
GaCo03_01.txt_win19,GaCo03,GaCo03_01.txt,Ga,0,1,0,0.03369113430380821,17.8364200592041,1.033691167831421,18.8364200592041,0.05202241241931915,0.947977602481842,0.10065368562936783
GaCo03_01.txt_win20,GaCo03,GaCo03_01.txt,Ga,0,0,1,26.545310974121094,0.0006302720867097378,27.545310974121094,1.000630259513855,0.9649466872215271,0.03505333140492439,0.07006250321865082
GaCo03_01.txt_win21,GaCo03,GaCo03_01.txt,Ga,0,0,1,58.881080627441406,4.080093773950466e-08,59.881080627441406,1.0,0.9835745096206665,0.016425464302301407,0.032850928604602814
GaCo03_01.txt_win22,GaCo03,GaCo03_01.txt,Ga,0,0,1,55.68551254272461,1.0601100797202889e-07,56.68551254272461,1.0000001192092896,0.9826646447181702,0.017335377633571625,0.03467075154185295
GaCo03_01.txt_win23,GaCo03,GaCo03_01.txt,Ga,0,0,1,54.7926139831543,1.3722505798341444e-07,55.7926139831543,1.0000001192092896,0.9823920726776123,0.017607925459742546,0.035215847194194794
GaCo03_01.txt_win24,GaCo03,GaCo03_01.txt,Ga,0,0,1,56.886436462402344,7.421483871894452e-08,57.886436462402344,1.0000001192092896,0.983018159866333,0.01698184199631214,0.033963680267333984
GaCo03_01.txt_win25,GaCo03,GaCo03_01.txt,Ga,0,0,1,45.00564193725586,2.448528675813577e-06,46.00564193725586,1.0000025033950806,0.9787258505821228,0.02127409353852272,0.042548079043626785
GaCo03_01.txt_win26,GaCo03,GaCo03_01.txt,Ga,0,0,1,30.164390563964844,0.00043332375935278833,31.164390563964844,1.000433325767517,0.9688966274261475,0.031103335320949554,0.062179725617170334
GaCo03_01.txt_win27,GaCo03,GaCo03_01.txt,Ga,0,0,1,30.108877182006836,0.00043160139466635883,31.108877182006836,1.0004316568374634,0.9688429236412048,0.031157057732343674,0.06228723004460335
GaCo03_01.txt_win28,GaCo03,GaCo03_01.txt,Ga,0,0,1,53.80733871459961,1.8684956160086585e-07,54.80733871459961,1.000000238418579,0.9820812344551086,0.017918795347213745,0.035837579518556595
GaCo03_01.txt_win29,GaCo03,GaCo03_01.txt,Ga,0,0,1,22.41707992553711,0.02002015896141529,23.41707992553711,1.0200201272964478,0.9582594037055969,0.04174063727259636,0.08184277266263962
GaCo03_01.txt_win30,GaCo03,GaCo03_01.txt,Ga,0,0,1,24.977750778198242,0.001620266237296164,25.977750778198242,1.0016202926635742,0.9628745913505554,0.03712541610002518,0.07413071393966675
GaCo03_01.txt_win31,GaCo03,GaCo03_01.txt,Ga,0,0,1,16.276124954223633,0.7613987326622009,17.276124954223633,1.7613987922668457,0.9074775576591492,0.09252247959375381,0.10505568236112595
GaCo03_01.txt_win0,GaCo03,GaCo03_01.txt,Ga,0,0,1,19.24150276184082,0.3054984211921692,20.24150276184082,1.3054983615875244,0.9394115805625916,0.060588400810956955,0.09282033890485764
GaCo03_01.txt_win1,GaCo03,GaCo03_01.txt,Ga,0,0,1,38.756343841552734,1.528678330942057e-05,39.756343841552734,1.0000152587890625,0.9754635691642761,0.02453642338514328,0.04907209798693657
GaCo03_01.txt_win2,GaCo03,GaCo03_01.txt,Ga,0,0,1,31.150346755981445,0.0002132851368514821,32.15034484863281,1.0002132654190063,0.9698281288146973,0.030171837657690048,0.06033080816268921
GaCo03_01.txt_win3,GaCo03,GaCo03_01.txt,Ga,0,0,1,32.61716079711914,0.00021576357539743185,33.61716079711914,1.000215768814087,0.9711064696311951,0.02889345772564411,0.05777445062994957
GaCo03_01.txt_win4,GaCo03,GaCo03_01.txt,Ga,0,0,1,56.90331268310547,7.636007381961463e-08,57.90331268310547,1.0000001192092896,0.9830230474472046,0.01697697676718235,0.0339539460837841
GaCo03_01.txt_win5,GaCo03,GaCo03_01.txt,Ga,0,0,1,59.497432708740234,3.5287985866716554e-08,60.497432708740234,1.0,0.9837391376495361,0.016260841861367226,0.03252168372273445
GaCo03_01.txt_win6,GaCo03,GaCo03_01.txt,Ga,0,0,1,60.38380432128906,2.6920391249518616e-08,61.38380432128906,1.0,0.9839702248573303,0.016029801219701767,0.032059602439403534
GaCo03_01.txt_win7,GaCo03,GaCo03_01.txt,Ga,0,0,1,14.962054252624512,0.47981810569763184,15.962054252624512,1.4798181056976318,0.9151571989059448,0.08484285324811935,0.11466659605503082
GaCo03_01.txt_win8,GaCo03,GaCo03_01.txt,Ga,0,1,0,3.3127384185791016,5.908281326293945,4.312738418579102,6.908281326293945,0.38434460759162903,0.6156554222106934,0.1782369166612625
GaCo03_01.txt_win9,GaCo03,GaCo03_01.txt,Ga,0,0,1,45.02714157104492,2.3211894131236477e-06,46.02714157104492,1.0000022649765015,0.978735625743866,0.021264363080263138,0.042528629302978516
GaCo03_01.txt_win10,GaCo03,GaCo03_01.txt,Ga,0,0,1,20.82006072998047,0.038724396377801895,21.82006072998047,1.038724422454834,0.9545590281486511,0.045440927147865295,0.08749371021986008
GaCo03_01.txt_win11,GaCo03,GaCo03_01.txt,Ga,0,0,1,49.80210494995117,5.897798018850153e-07,50.80210494995117,1.0000005960464478,0.9806957840919495,0.019304245710372925,0.03860846906900406
GaCo03_01.txt_win12,GaCo03,GaCo03_01.txt,Ga,0,0,1,34.115699768066406,6.685045809717849e-05,35.115699768066406,1.000066876411438,0.9723093509674072,0.02769058756530285,0.055377472192049026
GaCo03_01.txt_win13,GaCo03,GaCo03_01.txt,Ga,0,0,1,50.72233963012695,4.7467528929701075e-07,51.72233963012695,1.0000004768371582,0.9810327291488647,0.01896730065345764,0.03793458268046379
GaCo03_01.txt_win14,GaCo03,GaCo03_01.txt,Ga,0,0,1,42.15953063964844,5.638025868393015e-06,43.15953063964844,1.0000056028366089,0.9773547649383545,0.022645292803645134,0.04529033228754997
GaCo03_01.txt_win15,GaCo03,GaCo03_01.txt,Ga,0,0,1,51.16305160522461,4.1380801008017443e-07,52.16305160522461,1.0000003576278687,0.9811899662017822,0.01881006360054016,0.03762011229991913
GaCo03_02.txt_win16,GaCo03,GaCo03_02.txt,Ga,0,0,1,59.90187072753906,3.1001320621726336e-08,60.90187072753906,1.0,0.9838454127311707,0.01615460030734539,0.03230920061469078
GaCo03_02.txt_win17,GaCo03,GaCo03_02.txt,Ga,0,0,1,61.529788970947266,1.916826164460872e-08,62.529788970947266,1.0,0.9842593669891357,0.01574064791202545,0.0314812958240509
GaCo03_02.txt_win18,GaCo03,GaCo03_02.txt,Ga,0,0,1,60.70661926269531,2.4045410995654493e-08,61.70661926269531,1.0,0.9840527176856995,0.015947280451655388,0.031894560903310776
GaCo03_02.txt_win19,GaCo03,GaCo03_02.txt,Ga,0,0,1,60.19792175292969,2.7551854131502296e-08,61.19792175292969,1.0,0.9839223027229309,0.016077708452939987,0.032155416905879974
GaCo03_02.txt_win20,GaCo03,GaCo03_02.txt,Ga,0,0,1,59.86964797973633,3.099333767409007e-08,60.86964797973633,1.0,0.9838370084762573,0.016163013875484467,0.03232602775096893
GaCo03_02.txt_win21,GaCo03,GaCo03_02.txt,Ga,0,0,1,61.42988967895508,1.9674279982950793e-08,62.42988967895508,1.0,0.9842345714569092,0.015765437856316566,0.03153087571263313
GaCo03_02.txt_win22,GaCo03,GaCo03_02.txt,Ga,0,0,1,60.067970275878906,2.884266336877772e-08,61.067970275878906,1.0,0.9838886260986328,0.01611137017607689,0.03222274035215378
GaCo03_02.txt_win23,GaCo03,GaCo03_02.txt,Ga,0,0,1,46.569664001464844,1.4852402046017232e-06,47.569664001464844,1.0000014305114746,0.9794110059738159,0.020589012652635574,0.04117796570062637
GaCo03_02.txt_win24,GaCo03,GaCo03_02.txt,Ga,0,0,1,59.35186767578125,3.544556292922607e-08,60.35186767578125,1.0,0.9837005734443665,0.016299422830343246,0.03259884566068649
GaCo03_02.txt_win25,GaCo03,GaCo03_02.txt,Ga,0,0,1,54.50202941894531,1.4364258049681666e-07,55.50202941894531,1.0000001192092896,0.9823015332221985,0.017698481678962708,0.03539695963263512
GaCo03_02.txt_win26,GaCo03,GaCo03_02.txt,Ga,0,0,1,59.932762145996094,2.9827898373469e-08,60.932762145996094,1.0,0.9838534593582153,0.016146542504429817,0.032293085008859634
GaCo03_02.txt_win27,GaCo03,GaCo03_02.txt,Ga,0,0,1,59.9844970703125,2.983324520755559e-08,60.9844970703125,1.0,0.9838669300079346,0.01613306626677513,0.03226613253355026
GaCo03_02.txt_win28,GaCo03,GaCo03_02.txt,Ga,0,0,1,56.19622802734375,8.87628957002562e-08,57.19622802734375,1.0000001192092896,0.982816755771637,0.017183246091008186,0.034366488456726074
GaCo03_02.txt_win29,GaCo03,GaCo03_02.txt,Ga,0,0,1,46.73914337158203,1.3881376617064234e-06,47.73914337158203,1.0000014305114746,0.9794825911521912,0.020517418161034584,0.04103478044271469
GaCo03_02.txt_win30,GaCo03,GaCo03_02.txt,Ga,0,0,1,55.336448669433594,1.1463637150654904e-07,56.336448669433594,1.0000001192092896,0.982559084892273,0.01744091510772705,0.0348818264901638
GaCo03_02.txt_win31,GaCo03,GaCo03_02.txt,Ga,0,0,1,36.58940505981445,2.707429121073801e-05,37.58940505981445,1.000027060508728,0.9740854501724243,0.02591453120112419,0.05182766169309616
GaCo03_02.txt_win0,GaCo03,GaCo03_02.txt,Ga,0,0,1,47.379844665527344,1.147434545600845e-06,48.379844665527344,1.0000011920928955,0.9797488451004028,0.0202512014657259,0.04050235450267792
GaCo03_02.txt_win1,GaCo03,GaCo03_02.txt,Ga,0,0,1,52.80280685424805,2.3839695018068596e-07,53.80280685424805,1.000000238418579,0.9817527532577515,0.018247244879603386,0.036494482308626175
GaCo03_02.txt_win2,GaCo03,GaCo03_02.txt,Ga,0,0,1,43.338279724121094,3.774291144509334e-06,44.338279724121094,1.0000038146972656,0.977943480014801,0.022056499496102333,0.044112831354141235
GaCo03_02.txt_win3,GaCo03,GaCo03_02.txt,Ga,0,0,1,56.15520477294922,9.109987075817116e-08,57.15520477294922,1.0000001192092896,0.9828046560287476,0.01719536818563938,0.034390732645988464
GaCo03_02.txt_win4,GaCo03,GaCo03_02.txt,Ga,0,0,1,55.12715148925781,1.252134609330824e-07,56.12715148925781,1.0000001192092896,0.9824951887130737,0.01750481314957142,0.03500962257385254
GaCo03_02.txt_win5,GaCo03,GaCo03_02.txt,Ga,0,0,1,55.384151458740234,1.125414001990066e-07,56.384151458740234,1.0000001192092896,0.9825735688209534,0.017426416277885437,0.034852828830480576
GaCo03_02.txt_win6,GaCo03,GaCo03_02.txt,Ga,0,0,1,49.75912094116211,5.898979225094081e-07,50.75912094116211,1.0000005960464478,0.9806797504425049,0.019320277497172356,0.03864053264260292
GaCo03_02.txt_win7,GaCo03,GaCo03_02.txt,Ga,0,0,1,55.63957977294922,1.0505268477345453e-07,56.63957977294922,1.0000001192092896,0.9826508164405823,0.01734919100999832,0.034698378294706345
GaCo03_02.txt_win8,GaCo03,GaCo03_02.txt,Ga,0,0,1,39.122501373291016,1.2762397091137245e-05,40.122501373291016,1.000012755393982,0.9756821393966675,0.024317890405654907,0.04863515868782997
GaCo03_02.txt_win9,GaCo03,GaCo03_02.txt,Ga,0,0,1,51.34151840209961,3.726223951616703e-07,52.34151840209961,1.0000003576278687,0.9812528491020203,0.018747130408883095,0.037494245916604996
GaCo03_02.txt_win10,GaCo03,GaCo03_02.txt,Ga,0,0,1,53.607295989990234,1.9000356132892193e-07,54.607295989990234,1.000000238418579,0.9820167422294617,0.01798325590789318,0.035966504365205765
GaCo03_02.txt_win11,GaCo03,GaCo03_02.txt,Ga,0,0,1,53.97697448730469,1.753773375412493e-07,54.97697448730469,1.0000001192092896,0.982135534286499,0.017864489927887917,0.035728976130485535
GaCo03_02.txt_win12,GaCo03,GaCo03_02.txt,Ga,0,0,1,54.618553161621094,1.43127067531168e-07,55.618553161621094,1.0000001192092896,0.9823379516601562,0.017662057653069496,0.035324111580848694
GaCo03_02.txt_win13,GaCo03,GaCo03_02.txt,Ga,0,0,1,58.563114166259766,4.448889612262974e-08,59.563114166259766,1.0,0.9834883213043213,0.0165117010474205,0.033023402094841
GaCo03_02.txt_win14,GaCo03,GaCo03_02.txt,Ga,0,0,1,55.44348907470703,1.1085916895581249e-07,56.44348907470703,1.0000001192092896,0.9825915694236755,0.01740841567516327,0.03481682762503624
GaCo03_02.txt_win15,GaCo03,GaCo03_02.txt,Ga,0,0,1,55.931846618652344,9.787468968625035e-08,56.931846618652344,1.0000001192092896,0.9827383160591125,0.01726166531443596,0.03452332690358162
GaCo03_02.txt_win16,GaCo03,GaCo03_02.txt,Ga,0,0,1,43.311256408691406,3.858555828628596e-06,44.311256408691406,1.0000038146972656,0.9779303669929504,0.022069653496146202,0.04413913935422897
GaCo03_02.txt_win17,GaCo03,GaCo03_02.txt,Ga,0,0,1,40.71287155151367,8.430550224147737e-06,41.71287155151367,1.000008463859558,0.9765876531600952,0.023412341251969337,0.04682428389787674
GaCo03_02.txt_win18,GaCo03,GaCo03_02.txt,Ga,0,0,1,55.36569595336914,1.1509163755363261e-07,56.36569595336914,1.0000001192092896,0.9825679659843445,0.017432022839784622,0.034864041954278946
GaCo03_02.txt_win19,GaCo03,GaCo03_02.txt,Ga,0,0,1,49.249324798583984,6.812936135247583e-07,50.249324798583984,1.0000007152557373,0.9804875254631042,0.019512465223670006,0.03902490437030792
GaCo03_02.txt_win20,GaCo03,GaCo03_02.txt,Ga,0,0,1,59.157466888427734,3.7829824606205875e-08,60.157466888427734,1.0,0.9836487770080566,0.016351232305169106,0.03270246461033821
GaCo03_02.txt_win21,GaCo03,GaCo03_02.txt,Ga,0,0,1,60.79121780395508,2.3561046447184708e-08,61.79121780395508,1.0,0.9840742349624634,0.01592579483985901,0.03185158967971802
GaCo03_02.txt_win22,GaCo03,GaCo03_02.txt,Ga,0,0,1,59.06337356567383,3.863810249526978e-08,60.06337356567383,1.0,0.9836235642433167,0.016376428306102753,0.032752856612205505
GaCo03_02.txt_win23,GaCo03,GaCo03_02.txt,Ga,0,0,1,49.13535690307617,7.064874694151513e-07,50.13535690307617,1.0000007152557373,0.980444073677063,0.01955595426261425,0.03911188244819641
GaCo03_02.txt_win24,GaCo03,GaCo03_02.txt,Ga,0,0,1,52.54383850097656,2.614256118249614e-07,53.54383850097656,1.000000238418579,0.9816661477088928,0.018333880230784416,0.036667753010988235
GaCo03_02.txt_win25,GaCo03,GaCo03_02.txt,Ga,0,0,1,35.76691818237305,3.41604245477356e-05,36.76691818237305,1.000034213066101,0.9735209345817566,0.02647908218204975,0.05295635014772415
GaCo03_02.txt_win26,GaCo03,GaCo03_02.txt,Ga,0,0,1,53.59104919433594,1.9339329071499378e-07,54.59104919433594,1.000000238418579,0.9820114970207214,0.01798851229250431,0.035977013409137726
GaCo03_02.txt_win27,GaCo03,GaCo03_02.txt,Ga,0,0,1,58.170719146728516,4.9989122175020384e-08,59.170719146728516,1.0,0.9833806157112122,0.016619378700852394,0.03323875740170479
GaCo03_02.txt_win28,GaCo03,GaCo03_02.txt,Ga,0,0,1,53.887393951416016,1.7761206549948838e-07,54.887393951416016,1.0000001192092896,0.9821068644523621,0.017893124371767044,0.03578624501824379
GaCo03_02.txt_win29,GaCo03,GaCo03_02.txt,Ga,0,0,1,60.644439697265625,2.434273049800595e-08,61.644439697265625,1.0,0.9840368628501892,0.015963109210133553,0.031926218420267105
GaCo03_02.txt_win30,GaCo03,GaCo03_02.txt,Ga,0,0,1,61.02182388305664,2.1558980378699744e-08,62.02182388305664,1.0,0.9841324687004089,0.01586751826107502,0.03173503652215004
GaCo03_02.txt_win31,GaCo03,GaCo03_02.txt,Ga,0,0,1,60.58803939819336,2.4449754221222975e-08,61.58803939819336,1.0,0.9840224981307983,0.015977494418621063,0.031954988837242126
GaCo15_01.txt_win0,GaCo15,GaCo15_01.txt,Ga,0,0,1,35.47462463378906,4.1856375901261345e-05,36.47462463378906,1.0000418424606323,0.9733141660690308,0.0266858097165823,0.05336938798427582
GaCo15_01.txt_win1,GaCo15,GaCo15_01.txt,Ga,0,1,0,0.00266455952078104,23.463403701782227,1.002664566040039,24.463403701782227,0.03937257081270218,0.9606274366378784,0.07853587716817856
GaCo15_01.txt_win2,GaCo15,GaCo15_01.txt,Ga,0,0,1,16.40153694152832,0.08735877275466919,17.40153694152832,1.0873587131500244,0.9411885738372803,0.05881144851446152,0.10817303508520126
GaCo15_01.txt_win3,GaCo15,GaCo15_01.txt,Ga,0,1,0,2.4235310554504395,9.011190414428711,3.4235310554504395,10.011190414428711,0.2548271119594574,0.745172917842865,0.14886799454689026
GaCo15_01.txt_win4,GaCo15,GaCo15_01.txt,Ga,0,1,0,2.2616763089899905e-05,42.45267868041992,1.0000226497650146,43.45267868041992,0.022496329620480537,0.9775036573410034,0.044991642236709595
GaCo15_01.txt_win5,GaCo15,GaCo15_01.txt,Ga,0,0,1,9.151684761047363,0.6641908288002014,10.151684761047363,1.6641907691955566,0.8591563105583191,0.14084361493587494,0.1692637950181961
GaCo15_01.txt_win6,GaCo15,GaCo15_01.txt,Ga,0,1,0,3.093456745147705,5.440960884094238,4.093456745147705,6.440960884094238,0.38857927918434143,0.6114206910133362,0.18985386192798615
GaCo15_01.txt_win7,GaCo15,GaCo15_01.txt,Ga,0,1,0,0.0015682358061894774,25.683948516845703,1.0015681982040405,26.683948516845703,0.03617661073803902,0.9638233780860901,0.0722399353981018
GaCo15_01.txt_win8,GaCo15,GaCo15_01.txt,Ga,0,1,0,0.047201886773109436,14.80727481842041,1.0472018718719482,15.80727481842041,0.06213197112083435,0.9378679990768433,0.11866283416748047
GaCo15_01.txt_win9,GaCo15,GaCo15_01.txt,Ga,0,1,0,0.07775963842868805,12.023662567138672,1.0777596235275269,13.023662567138672,0.07642914354801178,0.9235708713531494,0.14182966947555542
GaCo15_01.txt_win10,GaCo15,GaCo15_01.txt,Ga,0,1,0,0.0003257760254200548,31.4909725189209,1.0003257989883423,32.49097442626953,0.0298682302236557,0.9701318144798279,0.059717003256082535
GaCo15_01.txt_win11,GaCo15,GaCo15_01.txt,Ga,0,1,0,0.01389758288860321,16.95867347717285,1.0138975381851196,17.95867347717285,0.05344017967581749,0.9465598464012146,0.10541534423828125
GaCo15_01.txt_win12,GaCo15,GaCo15_01.txt,Ga,0,1,0,3.946134090423584,5.767688274383545,4.946134090423584,6.767688274383545,0.42224764823913574,0.5777523517608643,0.17073845863342285
GaCo15_01.txt_win13,GaCo15,GaCo15_01.txt,Ga,0,1,0,0.0023982333950698376,23.880903244018555,1.0023982524871826,24.880903244018555,0.03872760385274887,0.9612724184989929,0.07726989686489105
GaCo15_01.txt_win14,GaCo15,GaCo15_01.txt,Ga,0,1,0,0.0005155378603376448,30.14375877380371,1.0005155801773071,31.14375877380371,0.031125778332352638,0.9688741564750671,0.06221947818994522
GaCo15_01.txt_win15,GaCo15,GaCo15_01.txt,Ga,0,1,0,0.0004991109017282724,30.41143798828125,1.0004991292953491,31.41143798828125,0.030868228524923325,0.9691317677497864,0.061705660074949265
GaCo15_01.txt_win16,GaCo15,GaCo15_01.txt,Ga,0,1,0,0.0004006222006864846,31.33788299560547,1.0004006624221802,32.33788299560547,0.030007563531398773,0.969992458820343,0.05999109148979187
GaCo15_01.txt_win17,GaCo15,GaCo15_01.txt,Ga,0,1,0,0.0029168101027607918,23.198381423950195,1.0029168128967285,24.198381423950195,0.03979623690247536,0.9602037668228149,0.07936099171638489
GaCo15_01.txt_win18,GaCo15,GaCo15_01.txt,Ga,0,1,0,0.0004893154255114496,30.373512268066406,1.000489354133606,31.373512268066406,0.030904099345207214,0.9690959453582764,0.06177796795964241
GaCo15_01.txt_win19,GaCo15,GaCo15_01.txt,Ga,0,1,0,0.001316312700510025,26.401334762573242,1.0013163089752197,27.401334762573242,0.03525432571768761,0.9647457003593445,0.07041596621274948
GaCo15_01.txt_win20,GaCo15,GaCo15_01.txt,Ga,0,1,0,0.0035229127388447523,22.447465896606445,1.0035228729248047,23.447465896606445,0.04104221984744072,0.9589577913284302,0.08179628103971481
GaCo15_01.txt_win21,GaCo15,GaCo15_01.txt,Ga,0,1,0,0.002678958000615239,23.295896530151367,1.0026789903640747,24.295896530151367,0.03963381052017212,0.9603661298751831,0.07905583083629608
GaCo15_01.txt_win22,GaCo15,GaCo15_01.txt,Ga,0,0,1,15.800031661987305,0.053332313895225525,16.800031661987305,1.0533323287963867,0.9410009384155273,0.05899909883737564,0.11202371120452881
GaCo15_01.txt_win23,GaCo15,GaCo15_01.txt,Ga,0,1,0,1.0478073358535767,8.301719665527344,2.047807216644287,9.301719665527344,0.1804310530424118,0.8195688724517822,0.17621879279613495
GaCo15_01.txt_win24,GaCo15,GaCo15_01.txt,Ga,0,1,0,0.011013153940439224,17.732393264770508,1.011013150215149,18.732393264770508,0.051207635551691055,0.9487923979759216,0.10129964351654053
GaCo15_01.txt_win25,GaCo15,GaCo15_01.txt,Ga,0,0,1,17.39984130859375,0.039795007556676865,18.39984130859375,1.0397950410842896,0.9465116262435913,0.05348839983344078,0.10288258641958237
GaCo15_01.txt_win26,GaCo15,GaCo15_01.txt,Ga,0,0,1,7.828963279724121,2.775907516479492,8.828963279724121,3.775907516479492,0.7004405856132507,0.2995593845844269,0.15866881608963013
GaCo15_01.txt_win27,GaCo15,GaCo15_01.txt,Ga,0,1,0,0.0008524077129550278,28.284021377563477,1.0008524656295776,29.284021377563477,0.033047933131456375,0.9669520854949951,0.0660395696759224
GaCo15_01.txt_win28,GaCo15,GaCo15_01.txt,Ga,0,1,0,0.005526069086045027,20.623302459716797,1.005526065826416,21.623302459716797,0.04443562403321266,0.9555643796920776,0.08838283270597458
GaCo15_01.txt_win29,GaCo15,GaCo15_01.txt,Ga,0,0,1,23.535749435424805,0.0014482915867120028,24.535749435424805,1.0014482736587524,0.9607847332954407,0.03921527788043022,0.07831712812185287
GaCo15_01.txt_win30,GaCo15,GaCo15_01.txt,Ga,0,0,1,10.874459266662598,0.1916603147983551,11.874459266662598,1.1916602849960327,0.9087977409362793,0.09120231121778488,0.15306763350963593
GaCo15_01.txt_win31,GaCo15,GaCo15_01.txt,Ga,0,1,0,0.14012496173381805,11.873934745788574,1.1401249170303345,12.873934745788574,0.08135578781366348,0.9186441898345947,0.14271381497383118
GaCo15_01.txt_win0,GaCo15,GaCo15_01.txt,Ga,0,1,0,0.00024813806521706283,32.8785514831543,1.0002481937408447,33.8785514831543,0.02867782674729824,0.9713221788406372,0.05734142288565636
GaCo15_01.txt_win1,GaCo15,GaCo15_01.txt,Ga,0,0,1,15.905134201049805,0.013766481541097164,16.905134201049805,1.0137665271759033,0.9434247016906738,0.05657526105642319,0.11161398887634277
GaCo15_01.txt_win2,GaCo15,GaCo15_01.txt,Ga,0,0,1,16.876914978027344,0.03772615268826485,17.876914978027344,1.0377261638641357,0.9451363682746887,0.05486364662647247,0.10573820024728775
GaCo15_01.txt_win3,GaCo15,GaCo15_01.txt,Ga,0,0,1,20.713693618774414,0.00594472698867321,21.713693618774414,1.0059447288513184,0.9557235240936279,0.044276438653469086,0.08802957087755203
GaCo15_01.txt_win4,GaCo15,GaCo15_01.txt,Ga,0,1,0,2.0227627754211426,7.105915069580078,3.0227627754211426,8.105915069580078,0.2716192305088043,0.7283807992935181,0.17971587181091309
GaCo15_01.txt_win5,GaCo15,GaCo15_01.txt,Ga,0,1,0,7.294639362953603e-05,38.01877975463867,1.000072956085205,39.01877975463867,0.02499004639685154,0.9750099778175354,0.049976445734500885
GaCo15_01.txt_win6,GaCo15,GaCo15_01.txt,Ga,0,1,0,0.00010044752707472071,36.84298324584961,1.0001004934310913,37.84298324584961,0.02574719674885273,0.9742528200149536,0.051489219069480896
GaCo15_01.txt_win7,GaCo15,GaCo15_01.txt,Ga,0,1,0,0.02232939936220646,17.86763572692871,1.0223294496536255,18.86763572692871,0.05139925703406334,0.9486007690429688,0.10055322200059891
GaCo15_01.txt_win8,GaCo15,GaCo15_01.txt,Ga,0,1,0,3.4659335613250732,7.361312389373779,4.465933799743652,8.361312866210938,0.3481599688529968,0.6518400311470032,0.15591810643672943
GaCo15_01.txt_win9,GaCo15,GaCo15_01.txt,Ga,0,1,0,0.38861727714538574,10.4573392868042,1.3886172771453857,11.4573392868042,0.1080976128578186,0.8919023871421814,0.1556910127401352
GaCo15_01.txt_win10,GaCo15,GaCo15_01.txt,Ga,0,1,0,1.2488288879394531,8.58610725402832,2.248828887939453,9.58610725402832,0.19001613557338715,0.8099838495254517,0.16899119317531586
GaCo15_01.txt_win11,GaCo15,GaCo15_01.txt,Ga,0,1,0,0.0007309835054911673,28.767839431762695,1.0007309913635254,29.767839431762695,0.03252445533871651,0.9674755334854126,0.06500139832496643
GaCo15_01.txt_win12,GaCo15,GaCo15_01.txt,Ga,0,0,1,13.244852066040039,0.05257139354944229,14.244852066040039,1.052571415901184,0.9311928749084473,0.06880710273981094,0.1307409703731537
GaCo15_01.txt_win13,GaCo15,GaCo15_01.txt,Ga,0,1,0,0.46356892585754395,10.845945358276367,1.463568925857544,11.845945358276367,0.10996411740779877,0.8900359272956848,0.15026845037937164
GaCo15_01.txt_win14,GaCo15,GaCo15_01.txt,Ga,0,1,0,2.288557767868042,6.941020488739014,3.288557767868042,7.941020488739014,0.2928478419780731,0.7071521878242493,0.1781010776758194
GaCo15_01.txt_win15,GaCo15,GaCo15_01.txt,Ga,0,1,0,0.1047927662730217,11.446794509887695,1.1047927141189575,12.446794509887695,0.08152496814727783,0.9184750318527222,0.14758418500423431
GaCo15_02.txt_win16,GaCo15,GaCo15_02.txt,Ga,0,1,0,3.03427791595459,5.7057342529296875,4.03427791595459,6.7057342529296875,0.3756306767463684,0.6243693232536316,0.18621952831745148
GaCo15_02.txt_win17,GaCo15,GaCo15_02.txt,Ga,0,1,0,0.0009492104290984571,27.637893676757812,1.0009492635726929,28.637893676757812,0.033771537244319916,0.9662284255027771,0.06747901439666748
GaCo15_02.txt_win18,GaCo15,GaCo15_02.txt,Ga,0,1,0,0.10051114857196808,11.495394706726074,1.1005111932754517,12.495394706726074,0.08094430714845657,0.9190556406974792,0.14710310101509094
GaCo15_02.txt_win19,GaCo15,GaCo15_02.txt,Ga,0,1,0,0.0007332780514843762,28.721763610839844,1.0007332563400269,29.721763610839844,0.03257330507040024,0.9674267172813416,0.06509887427091599
GaCo15_02.txt_win20,GaCo15,GaCo15_02.txt,Ga,0,1,0,0.006721555255353451,19.35136604309082,1.0067214965820312,20.35136604309082,0.0471353754401207,0.9528646469116211,0.09364134073257446
GaCo15_02.txt_win21,GaCo15,GaCo15_02.txt,Ga,0,1,0,0.22250288724899292,6.382980823516846,1.2225029468536377,7.382980823516846,0.14206092059612274,0.8579390645027161,0.23240993916988373
GaCo15_02.txt_win22,GaCo15,GaCo15_02.txt,Ga,0,1,0,0.000392497779102996,31.198163986206055,1.0003925561904907,32.19816589355469,0.03013361431658268,0.9698663949966431,0.06024358049035072
GaCo15_02.txt_win23,GaCo15,GaCo15_02.txt,Ga,0,1,0,0.0017203380120918155,25.256128311157227,1.0017203092575073,26.256128311157227,0.03674979507923126,0.9632502198219299,0.07337336242198944
GaCo15_02.txt_win24,GaCo15,GaCo15_02.txt,Ga,0,1,0,0.004946502856910229,21.016273498535156,1.0049464702606201,22.016273498535156,0.04365305230021477,0.9563469886779785,0.08687637001276016
GaCo15_02.txt_win25,GaCo15,GaCo15_02.txt,Ga,0,1,0,1.4292078049038537e-05,43.370948791503906,1.000014305114746,44.370948791503906,0.022040843963623047,0.977959156036377,0.044081054627895355
GaCo15_02.txt_win26,GaCo15,GaCo15_02.txt,Ga,0,1,0,0.0007225674926303327,28.335607528686523,1.0007225275039673,29.335607528686523,0.03298759460449219,0.9670124053955078,0.06592755019664764
GaCo15_02.txt_win27,GaCo15,GaCo15_02.txt,Ga,0,1,0,0.0041397977620363235,21.823362350463867,1.00413978099823,22.823362350463867,0.042142052203416824,0.9578579664230347,0.08393662422895432
GaCo15_02.txt_win28,GaCo15,GaCo15_02.txt,Ga,0,1,0,0.0005123823066242039,30.18985366821289,1.0005123615264893,31.18985366821289,0.03108111210167408,0.9689189195632935,0.0621303915977478
GaCo15_02.txt_win29,GaCo15,GaCo15_02.txt,Ga,0,1,0,0.0002310002309968695,33.41440200805664,1.0002310276031494,34.41440200805664,0.02824343740940094,0.9717565178871155,0.056473828852176666
GaCo15_02.txt_win30,GaCo15,GaCo15_02.txt,Ga,0,1,0,8.29565615276806e-05,37.38547897338867,1.0000829696655273,38.38547897338867,0.025392120704054832,0.9746078252792358,0.050780028104782104
GaCo15_02.txt_win31,GaCo15,GaCo15_02.txt,Ga,0,1,0,0.38106217980384827,10.899063110351562,1.3810621500015259,11.899063110351562,0.10399466007947922,0.8960053324699402,0.15060098469257355
GaCo15_02.txt_win0,GaCo15,GaCo15_02.txt,Ga,0,1,0,0.0005775060271844268,29.268962860107422,1.000577449798584,30.268962860107422,0.031998470425605774,0.9680015444755554,0.0639600083231926
GaCo15_02.txt_win1,GaCo15,GaCo15_02.txt,Ga,0,1,0,0.0005850668530911207,29.517967224121094,1.0005850791931152,30.517967224121094,0.03174590691924095,0.9682540893554688,0.06345468759536743
GaCo15_02.txt_win2,GaCo15,GaCo15_02.txt,Ga,0,1,0,0.021898115053772926,15.0848388671875,1.0218981504440308,16.0848388671875,0.05973659083247185,0.9402633905410767,0.11691300570964813
GaCo15_02.txt_win3,GaCo15,GaCo15_02.txt,Ga,0,1,0,0.00043202898814342916,30.888797760009766,1.000432014465332,31.888797760009766,0.03041822649538517,0.9695817828178406,0.06081018224358559
GaCo15_02.txt_win4,GaCo15,GaCo15_02.txt,Ga,0,1,0,5.639498704113066e-05,37.935646057128906,1.0000563859939575,38.935646057128906,0.02504166215658188,0.9749583005905151,0.05008050054311752
GaCo15_02.txt_win5,GaCo15,GaCo15_02.txt,Ga,0,1,0,0.004823822993785143,21.22249984741211,1.0048238039016724,22.22249984741211,0.043260421603918076,0.956739604473114,0.08610548824071884
GaCo15_02.txt_win6,GaCo15,GaCo15_02.txt,Ga,0,1,0,0.014015762135386467,16.762231826782227,1.014015793800354,17.762231826782227,0.05400524288415909,0.9459947943687439,0.10651756078004837
GaCo15_02.txt_win7,GaCo15,GaCo15_02.txt,Ga,0,1,0,0.0011465222341939807,26.930484771728516,1.0011465549468994,27.930484771728516,0.03460387513041496,0.9653961062431335,0.06912849098443985
GaCo15_02.txt_win8,GaCo15,GaCo15_02.txt,Ga,0,1,0,0.00022347498452290893,33.547054290771484,1.0002235174179077,34.547054290771484,0.02813783660531044,0.9718621373176575,0.05626309663057327
GaCo15_02.txt_win9,GaCo15,GaCo15_02.txt,Ga,0,1,0,2.9138613172108307e-05,41.38956069946289,1.0000290870666504,42.38956069946289,0.0230476725846529,0.976952314376831,0.046094004064798355
GaCo15_02.txt_win10,GaCo15,GaCo15_02.txt,Ga,0,1,0,0.0012119847815483809,26.698917388916016,1.0012120008468628,27.698917388916016,0.03488527983427048,0.9651147723197937,0.06968609988689423
GaCo15_02.txt_win11,GaCo15,GaCo15_02.txt,Ga,0,1,0,0.004720432683825493,21.21235466003418,1.0047204494476318,22.21235466003418,0.04327506572008133,0.9567249417304993,0.08614349365234375
GaCo15_02.txt_win12,GaCo15,GaCo15_02.txt,Ga,0,1,0,0.003417795756831765,22.530065536499023,1.0034178495407104,23.530065536499023,0.04089993238449097,0.959100067615509,0.08152124285697937
GaCo15_02.txt_win13,GaCo15,GaCo15_02.txt,Ga,0,1,0,0.00011686999641824514,36.02047348022461,1.0001168251037598,37.02047348022461,0.026304610073566437,0.9736953377723694,0.05260307341814041
GaCo15_02.txt_win14,GaCo15,GaCo15_02.txt,Ga,0,1,0,7.614160131197423e-05,37.55691146850586,1.000076174736023,38.55691146850586,0.025281909853219986,0.9747180938720703,0.05055996775627136
GaCo15_02.txt_win15,GaCo15,GaCo15_02.txt,Ga,0,1,0,3.689065488288179e-05,40.4360466003418,1.0000368356704712,41.4360466003418,0.02356571890413761,0.9764342308044434,0.04712970182299614
GaCo15_02.txt_win16,GaCo15,GaCo15_02.txt,Ga,0,1,0,0.0011878754012286663,26.91266632080078,1.0011879205703735,27.91266632080078,0.03462658077478409,0.9653733968734741,0.0691709890961647
GaCo15_02.txt_win17,GaCo15,GaCo15_02.txt,Ga,0,1,0,0.002094818977639079,24.484638214111328,1.0020948648452759,25.484638214111328,0.037833843380212784,0.9621661901473999,0.07550950348377228
GaCo15_02.txt_win18,GaCo15,GaCo15_02.txt,Ga,0,1,0,0.0043684132397174835,21.497264862060547,1.0043684244155884,22.497264862060547,0.04273611307144165,0.9572638869285583,0.08510047197341919
GaCo15_02.txt_win19,GaCo15,GaCo15_02.txt,Ga,0,1,0,0.0010442277416586876,27.317079544067383,1.0010442733764648,28.317079544067383,0.034144215285778046,0.9658558368682861,0.0682171881198883
GaCo15_02.txt_win20,GaCo15,GaCo15_02.txt,Ga,0,1,0,5.635262823489029e-06,47.641902923583984,1.0000056028366089,48.641902923583984,0.020144382491707802,0.9798556566238403,0.040288541465997696
GaCo15_02.txt_win21,GaCo15,GaCo15_02.txt,Ga,0,1,0,0.0002976618125103414,31.177698135375977,1.0002976655960083,32.177696228027344,0.03014943189918995,0.9698505997657776,0.06028091907501221
GaCo15_02.txt_win22,GaCo15,GaCo15_02.txt,Ga,0,1,0,0.0036200641188770533,22.006397247314453,1.0036200284957886,23.006397247314453,0.04180005565285683,0.9581999182701111,0.08329856395721436
GaCo15_02.txt_win23,GaCo15,GaCo15_02.txt,Ga,0,1,0,0.00013376600691117346,35.10901641845703,1.000133752822876,36.10901641845703,0.02695113606750965,0.9730488657951355,0.05389506369829178
GaCo15_02.txt_win24,GaCo15,GaCo15_02.txt,Ga,0,1,0,0.0004156898648943752,30.87933349609375,1.0004156827926636,31.87933349609375,0.030426500365138054,0.9695734977722168,0.06082771345973015
GaCo15_02.txt_win25,GaCo15,GaCo15_02.txt,Ga,0,1,0,0.00013609035522677004,35.44518280029297,1.000136137008667,36.44518280029297,0.026709241792559624,0.973290741443634,0.05341121554374695
GaCo15_02.txt_win26,GaCo15,GaCo15_02.txt,Ga,0,1,0,0.00023980476544238627,33.1119270324707,1.0002398490905762,34.1119270324707,0.028486987575888634,0.9715129733085632,0.05696031078696251
GaCo15_02.txt_win27,GaCo15,GaCo15_02.txt,Ga,0,1,0,0.0013863276690244675,26.21546173095703,1.001386284828186,27.21546173095703,0.03548894822597504,0.9645110368728638,0.07087963819503784
GaCo15_02.txt_win28,GaCo15,GaCo15_02.txt,Ga,0,1,0,0.0011566162575036287,26.849407196044922,1.0011565685272217,27.849407196044922,0.034701455384492874,0.965298593044281,0.06932273507118225
GaCo15_02.txt_win29,GaCo15,GaCo15_02.txt,Ga,0,1,0,0.002552049933001399,23.721027374267578,1.0025520324707031,24.721027374267578,0.03897404670715332,0.9610259532928467,0.07774967700242996
GaCo15_02.txt_win30,GaCo15,GaCo15_02.txt,Ga,0,1,0,0.003276832401752472,22.730239868164062,1.0032768249511719,23.730239868164062,0.04056345298886299,0.9594365358352661,0.08086193352937698
GaCo15_02.txt_win31,GaCo15,GaCo15_02.txt,Ga,0,1,0,4.098442877875641e-05,40.19573211669922,1.0000410079956055,41.19573211669922,0.02370002679526806,0.9762999415397644,0.04739811271429062
GaCo15_10.txt_win0,GaCo15,GaCo15_10.txt,Ga,0,0,1,18.22951316833496,0.018153568729758263,19.22951316833496,1.0181535482406616,0.9497150182723999,0.0502849817276001,0.09877680987119675
GaCo15_10.txt_win1,GaCo15,GaCo15_10.txt,Ga,0,0,1,40.99134063720703,8.34540605865186e-06,41.99134063720703,1.0000083446502686,0.9767393469810486,0.02326068840920925,0.04652098938822746
GaCo15_10.txt_win2,GaCo15,GaCo15_10.txt,Ga,0,0,1,41.13782501220703,7.842080776754301e-06,42.13782501220703,1.0000078678131104,0.976818323135376,0.023181689903140068,0.04636301472783089
GaCo15_10.txt_win3,GaCo15,GaCo15_10.txt,Ga,0,0,1,6.096615314483643,5.052278518676758,7.096615314483643,6.052278518676758,0.5397120118141174,0.46028804779052734,0.15210404992103577
GaCo15_10.txt_win4,GaCo15,GaCo15_10.txt,Ga,0,1,0,0.00011509145406307653,36.010704040527344,1.0001150369644165,37.010704040527344,0.026311326771974564,0.9736886620521545,0.05261659994721413
GaCo15_10.txt_win5,GaCo15,GaCo15_10.txt,Ga,0,1,0,2.5361905500176363e-05,41.11103439331055,1.0000253915786743,42.11103439331055,0.023196492344141006,0.9768034815788269,0.0463918074965477
GaCo15_10.txt_win6,GaCo15,GaCo15_10.txt,Ga,0,1,0,0.00013531753211282194,34.370697021484375,1.0001353025436401,35.370697021484375,0.027498280629515648,0.9725017547607422,0.05498912185430527
GaCo15_10.txt_win7,GaCo15,GaCo15_10.txt,Ga,0,1,0,0.8092548251152039,8.81149959564209,1.8092548847198486,9.81149959564209,0.1556916981935501,0.8443083167076111,0.17210586369037628
GaCo15_10.txt_win8,GaCo15,GaCo15_10.txt,Ga,0,0,1,6.654071807861328,1.6771103143692017,7.654071807861328,2.677110195159912,0.7408708333969116,0.2591291069984436,0.19358868896961212
GaCo15_10.txt_win9,GaCo15,GaCo15_10.txt,Ga,0,1,0,0.001905728247947991,24.654457092285156,1.0019056797027588,25.654457092285156,0.03758598491549492,0.962414026260376,0.07502899318933487
GaCo15_10.txt_win10,GaCo15,GaCo15_10.txt,Ga,0,1,0,0.0009459875291213393,26.764169692993164,1.000946044921875,27.764169692993164,0.034797217696905136,0.965202808380127,0.06952866166830063
GaCo15_10.txt_win11,GaCo15,GaCo15_10.txt,Ga,0,1,0,0.004857424180954695,21.17674446105957,1.0048574209213257,22.17674446105957,0.04334719479084015,0.9566527605056763,0.08627530932426453
GaCo15_10.txt_win12,GaCo15,GaCo15_10.txt,Ga,0,0,1,11.70983600616455,0.3910098969936371,12.70983600616455,1.3910099267959595,0.9013527035713196,0.09864726662635803,0.14183546602725983
GaCo15_10.txt_win13,GaCo15,GaCo15_10.txt,Ga,0,0,1,15.66019058227539,0.016886528581380844,16.66019058227539,1.0168864727020264,0.9424743056297302,0.057525716722011566,0.11314088106155396
GaCo15_10.txt_win14,GaCo15,GaCo15_10.txt,Ga,0,0,1,27.905742645263672,0.0004195194924250245,28.905742645263672,1.0004194974899292,0.9665480256080627,0.033451952040195465,0.06687585264444351
GaCo15_10.txt_win15,GaCo15,GaCo15_10.txt,Ga,0,1,0,1.4609863758087158,8.424809455871582,2.460986375808716,9.424809455871582,0.20705272257328033,0.7929472923278809,0.168268084526062
GaCo15_10.txt_win16,GaCo15,GaCo15_10.txt,Ga,0,1,0,2.3404736566590145e-05,41.14536666870117,1.000023365020752,42.14536666870117,0.023177988827228546,0.976822018623352,0.04635489359498024
GaCo15_10.txt_win17,GaCo15,GaCo15_10.txt,Ga,0,1,0,0.00040927345980890095,30.513858795166016,1.0004092454910278,31.513858795166016,0.030768316239118576,0.9692317247390747,0.061511460691690445
GaCo15_10.txt_win18,GaCo15,GaCo15_10.txt,Ga,0,0,1,5.8052873611450195,3.768514633178711,6.8052873611450195,4.768514633178711,0.5879906415939331,0.4120093584060669,0.172804057598114
GaCo15_10.txt_win19,GaCo15,GaCo15_10.txt,Ga,0,0,1,9.515384674072266,0.6046165227890015,10.515384674072266,1.6046165227890015,0.8676059246063232,0.13239409029483795,0.16501648724079132
GaCo15_10.txt_win20,GaCo15,GaCo15_10.txt,Ga,0,1,0,0.0009919584263116121,27.124406814575195,1.000991940498352,28.124406814575195,0.034368351101875305,0.9656316637992859,0.06866858899593353
GaCo15_10.txt_win21,GaCo15,GaCo15_10.txt,Ga,0,1,0,0.0006254338077269495,28.674396514892578,1.000625491142273,29.674396514892578,0.032620202749967575,0.9673798084259033,0.06519962847232819
GaCo15_10.txt_win22,GaCo15,GaCo15_10.txt,Ga,0,1,0,0.00044440815690904856,30.369386672973633,1.0004444122314453,31.369386672973633,0.030906692147254944,0.9690933227539062,0.061785925179719925
GaCo15_10.txt_win23,GaCo15,GaCo15_10.txt,Ga,0,1,0,0.002959501463919878,23.407339096069336,1.0029594898223877,24.407339096069336,0.03947059065103531,0.9605293869972229,0.0787082388997078
GaCo15_10.txt_win24,GaCo15,GaCo15_10.txt,Ga,0,1,0,0.003920513670891523,22.204740524291992,1.003920555114746,23.204740524291992,0.04146948084235191,0.9585305452346802,0.08261506259441376
GaCo15_10.txt_win25,GaCo15,GaCo15_10.txt,Ga,0,1,0,0.0011514475336298347,26.864410400390625,1.001151442527771,27.864410400390625,0.03468324616551399,0.9653167128562927,0.06928671151399612
GaCo15_10.txt_win26,GaCo15,GaCo15_10.txt,Ga,0,1,0,7.936420297482982e-05,36.4134521484375,1.0000793933868408,37.4134521484375,0.026034560054540634,0.9739654064178467,0.052064985036849976
GaCo15_10.txt_win27,GaCo15,GaCo15_10.txt,Ga,0,1,0,2.3364260414382443e-05,40.59400939941406,1.000023365020752,41.59400939941406,0.023478016257286072,0.9765219688415527,0.0469549335539341
GaCo15_10.txt_win28,GaCo15,GaCo15_10.txt,Ga,0,1,0,4.870989414484939e-06,46.60757827758789,1.0000048875808716,47.60757827758789,0.020573021844029427,0.9794269800186157,0.041145842522382736
GaCo15_10.txt_win29,GaCo15,GaCo15_10.txt,Ga,0,1,0,1.2236900147399865e-05,43.130638122558594,1.0000122785568237,44.130638122558594,0.02215816266834736,0.977841854095459,0.04431578144431114
GaCo15_10.txt_win30,GaCo15,GaCo15_10.txt,Ga,0,1,0,1.1296045158815105e-05,43.39558792114258,1.0000113248825073,44.39558792114258,0.022028816863894463,0.9779711961746216,0.04405713453888893
GaCo15_10.txt_win31,GaCo15,GaCo15_10.txt,Ga,0,1,0,2.3532456907560118e-06,49.65654754638672,1.000002384185791,50.65654754638672,0.019358674064278603,0.9806413054466248,0.03871725872159004
GaCo15_10.txt_win0,GaCo15,GaCo15_10.txt,Ga,0,1,0,1.072904524335172e-05,43.69035339355469,1.0000107288360596,44.69035339355469,0.021886687725782394,0.9781132936477661,0.04377290606498718
GaCo15_10.txt_win1,GaCo15,GaCo15_10.txt,Ga,0,1,0,8.862049980962183e-06,44.50962448120117,1.0000088214874268,45.50962448120117,0.02150111272931099,0.9784989356994629,0.043001845479011536
GaCo15_10.txt_win2,GaCo15,GaCo15_10.txt,Ga,0,1,0,0.049210526049137115,17.720855712890625,1.049210548400879,18.720855712890625,0.05307066813111305,0.946929395198822,0.10116304457187653
GaCo15_10.txt_win3,GaCo15,GaCo15_10.txt,Ga,0,1,0,0.24796229600906372,13.224726676940918,1.247962236404419,14.224726676940918,0.08065581321716309,0.9193441867828369,0.12926001846790314
GaCo15_10.txt_win4,GaCo15,GaCo15_10.txt,Ga,0,1,0,0.0003458982100710273,31.46904754638672,1.0003459453582764,32.46904754638672,0.029888378456234932,0.970111608505249,0.0597560852766037
GaCo15_10.txt_win5,GaCo15,GaCo15_10.txt,Ga,0,1,0,7.188677409430966e-05,36.398712158203125,1.0000718832015991,37.398712158203125,0.026044363155961037,0.9739556312561035,0.05208498239517212
GaCo15_10.txt_win6,GaCo15,GaCo15_10.txt,Ga,0,1,0,6.815122105763294e-06,44.96092224121094,1.0000067949295044,45.96092224121094,0.02129444107413292,0.9787055253982544,0.04258859530091286
GaCo15_10.txt_win7,GaCo15,GaCo15_10.txt,Ga,0,1,0,4.858490683545824e-06,46.63510513305664,1.0000048875808716,47.63510513305664,0.020561378449201584,0.9794386625289917,0.04112255573272705
GaCo15_10.txt_win8,GaCo15,GaCo15_10.txt,Ga,0,1,0,2.5301881123596104e-06,49.3139762878418,1.0000025033950806,50.3139762878418,0.019487915560603142,0.9805120825767517,0.038975734263658524
GaCo15_10.txt_win9,GaCo15,GaCo15_10.txt,Ga,0,1,0,7.21252854418708e-06,45.12529754638672,1.0000072717666626,46.12529754638672,0.021220175549387932,0.9787797927856445,0.04244004189968109
GaCo15_10.txt_win10,GaCo15,GaCo15_10.txt,Ga,0,1,0,3.859236585412873e-06,48.089385986328125,1.0000038146972656,49.089385986328125,0.01996438391506672,0.9800356030464172,0.0399286150932312
GaCo15_10.txt_win11,GaCo15,GaCo15_10.txt,Ga,0,1,0,1.86042034329148e-05,41.799110412597656,1.00001859664917,42.799110412597656,0.022831927984952927,0.977168083190918,0.045663006603717804
GaCo15_10.txt_win12,GaCo15,GaCo15_10.txt,Ga,0,1,0,1.3921291611040942e-05,42.793697357177734,1.0000139474868774,43.793697357177734,0.022324873134493828,0.9776750802993774,0.04464912414550781
GaCo15_10.txt_win13,GaCo15,GaCo15_10.txt,Ga,0,1,0,0.00013246653543319553,34.89601516723633,1.000132441520691,35.89601516723633,0.027106689289212227,0.9728932976722717,0.05420619994401932
GaCo15_10.txt_win14,GaCo15,GaCo15_10.txt,Ga,0,1,0,6.751807632099371e-06,46.18831253051758,1.0000067949295044,47.18831253051758,0.020752057433128357,0.9792479276657104,0.04150383174419403
GaCo15_10.txt_win15,GaCo15,GaCo15_10.txt,Ga,0,1,0,0.0007707762997597456,28.20449447631836,1.0007708072662354,29.20449447631836,0.03313232958316803,0.9668676853179932,0.06621362268924713
GaPt13_01.txt_win16,GaPt13,GaPt13_01.txt,Ga,1,1,1,1.7020665836753324e-06,50.46463394165039,1.0000016689300537,51.46463394165039,0.019060490652918816,0.9809395670890808,0.03812091797590256
GaPt13_01.txt_win17,GaPt13,GaPt13_01.txt,Ga,1,1,1,1.852605919339112e-06,50.259803771972656,1.0000019073486328,51.259803771972656,0.01913520134985447,0.9808648228645325,0.03827033191919327
GaPt13_01.txt_win18,GaPt13,GaPt13_01.txt,Ga,1,1,1,6.771195444343903e-07,54.02167510986328,1.0000007152557373,55.02167510986328,0.017850246280431747,0.9821497797966003,0.035700466483831406
GaPt13_01.txt_win19,GaPt13,GaPt13_01.txt,Ga,1,1,1,5.371757652028464e-07,54.86017608642578,1.0000005960464478,55.86017608642578,0.01758701168000698,0.9824129939079285,0.03517400473356247
GaPt13_01.txt_win20,GaPt13,GaPt13_01.txt,Ga,1,1,1,3.061278448512894e-07,56.93611526489258,1.0000003576278687,57.93611526489258,0.0169675312936306,0.9830324649810791,0.033935051411390305
GaPt13_01.txt_win21,GaPt13,GaPt13_01.txt,Ga,1,1,1,2.9884196806051477e-07,57.21877670288086,1.0000003576278687,58.21877670288086,0.01688654161989689,0.9831134676933289,0.03377307206392288
GaPt13_01.txt_win22,GaPt13,GaPt13_01.txt,Ga,1,1,1,3.884394175202033e-07,56.22690963745117,1.0000003576278687,57.22690963745117,0.017174195498228073,0.9828258156776428,0.03434837982058525
GaPt13_01.txt_win23,GaPt13,GaPt13_01.txt,Ga,1,1,1,8.06340096914937e-07,53.27696228027344,1.0000008344650269,54.27696228027344,0.018090734258294106,0.9819092750549316,0.03618143871426582
GaPt13_01.txt_win24,GaPt13,GaPt13_01.txt,Ga,1,1,1,7.707891995778482e-07,53.49407958984375,1.0000007152557373,54.49407958984375,0.01801995374262333,0.9819800853729248,0.03603988140821457
GaPt13_01.txt_win25,GaPt13,GaPt13_01.txt,Ga,1,1,1,9.058172736331471e-07,52.97516632080078,1.0000009536743164,53.97516632080078,0.01819004863500595,0.9818099737167358,0.036380063742399216
GaPt13_01.txt_win26,GaPt13,GaPt13_01.txt,Ga,1,1,1,7.217915367618843e-07,54.04636001586914,1.0000007152557373,55.04636001586914,0.017842384055256844,0.9821576476097107,0.0356847420334816
GaPt13_01.txt_win27,GaPt13,GaPt13_01.txt,Ga,1,1,1,3.9106095073293545e-07,56.29246139526367,1.0000003576278687,57.29246139526367,0.017154883593320847,0.98284512758255,0.0343097522854805
GaPt13_01.txt_win28,GaPt13,GaPt13_01.txt,Ga,1,1,1,6.604294071621553e-07,54.18794250488281,1.0000007152557373,55.18794250488281,0.017797425389289856,0.9822025895118713,0.03559482470154762
GaPt13_01.txt_win29,GaPt13,GaPt13_01.txt,Ga,1,1,1,8.874846571416128e-06,44.235050201416016,1.0000088214874268,45.235050201416016,0.02162880077958107,0.9783712029457092,0.0432572178542614
GaPt13_01.txt_win30,GaPt13,GaPt13_01.txt,Ga,1,1,1,1.722365414025262e-05,41.60157775878906,1.0000171661376953,42.60157775878906,0.02293533645570278,0.9770647287368774,0.04586988314986229
GaPt13_01.txt_win31,GaPt13,GaPt13_01.txt,Ga,1,1,1,1.2539306908365688e-06,51.55934143066406,1.000001311302185,52.55934143066406,0.018670903518795967,0.9813291430473328,0.037341758608818054
GaPt13_01.txt_win0,GaPt13,GaPt13_01.txt,Ga,1,1,1,1.4655224731541239e-06,50.96525192260742,1.0000014305114746,51.96525192260742,0.01888033002614975,0.981119692325592,0.03776060417294502
GaPt13_01.txt_win1,GaPt13,GaPt13_01.txt,Ga,1,1,1,5.57559474145819e-07,54.69830322265625,1.0000005960464478,55.69830322265625,0.0176372230052948,0.9823628067970276,0.03527442365884781
GaPt13_01.txt_win2,GaPt13,GaPt13_01.txt,Ga,1,1,1,6.015176836626779e-07,54.463462829589844,1.0000005960464478,55.463462829589844,0.017710577696561813,0.9822894334793091,0.035421136766672134
GaPt13_01.txt_win3,GaPt13,GaPt13_01.txt,Ga,1,1,1,1.3902665614295984e-06,51.11581039428711,1.0000014305114746,52.11581039428711,0.018826812505722046,0.9811732172966003,0.03765357285737991
GaPt13_01.txt_win4,GaPt13,GaPt13_01.txt,Ga,1,1,1,1.221298930431658e-06,51.520851135253906,1.0000011920928955,52.520851135253906,0.018684329465031624,0.9813156723976135,0.037368614226579666
GaPt13_01.txt_win5,GaPt13,GaPt13_01.txt,Ga,1,1,1,6.897926709825697e-07,53.801944732666016,1.0000007152557373,54.801944732666016,0.017920535057783127,0.9820795059204102,0.035841044038534164
GaPt13_01.txt_win6,GaPt13,GaPt13_01.txt,Ga,1,1,1,6.84841324982699e-07,53.767364501953125,1.0000007152557373,54.767364501953125,0.01793164759874344,0.9820683598518372,0.03586326912045479
GaPt13_01.txt_win7,GaPt13,GaPt13_01.txt,Ga,1,1,1,5.40004350568779e-07,54.745262145996094,1.0000005960464478,55.745262145996094,0.017622627317905426,0.9823774099349976,0.03524523228406906
GaPt13_01.txt_win8,GaPt13,GaPt13_01.txt,Ga,1,1,1,5.805237037748157e-07,54.52003860473633,1.0000005960464478,55.52003860473633,0.017692850902676582,0.9823071360588074,0.035385679453611374
GaPt13_01.txt_win9,GaPt13,GaPt13_01.txt,Ga,1,1,1,6.245138592930743e-07,54.23416519165039,1.0000005960464478,55.23416519165039,0.017782794311642647,0.9822171926498413,0.0355655662715435
GaPt13_01.txt_win10,GaPt13,GaPt13_01.txt,Ga,1,1,1,5.27508291270351e-07,54.97911834716797,1.0000004768371582,55.97911834716797,0.01755029708147049,0.9824497103691101,0.035100579261779785
GaPt13_01.txt_win11,GaPt13,GaPt13_01.txt,Ga,1,1,1,9.900744544211193e-07,52.57400894165039,1.0000009536743164,53.57400894165039,0.018323758617043495,0.9816762804985046,0.036647479981184006
GaPt13_01.txt_win12,GaPt13,GaPt13_01.txt,Ga,1,1,1,4.347115464042872e-06,46.9057731628418,1.0000042915344238,47.9057731628418,0.020447568967938423,0.9795524477958679,0.04089496284723282
GaPt13_01.txt_win13,GaPt13,GaPt13_01.txt,Ga,1,1,1,2.405728764642845e-06,49.163658142089844,1.000002384185791,50.163658142089844,0.019545167684555054,0.9804548025131226,0.039090242236852646
GaPt13_01.txt_win14,GaPt13,GaPt13_01.txt,Ga,1,1,1,6.816614472882065e-07,53.82771682739258,1.0000007152557373,54.82771682739258,0.017912263050675392,0.9820877313613892,0.035824500024318695
GaPt13_01.txt_win15,GaPt13,GaPt13_01.txt,Ga,1,1,1,9.855008329395787e-07,52.372623443603516,1.0000009536743164,53.372623443603516,0.018391625955700874,0.9816083908081055,0.03678321838378906
GaPt13_01.txt_win16,GaPt13,GaPt13_01.txt,Ga,1,1,1,6.681971171929035e-07,53.87689208984375,1.0000007152557373,54.87689208984375,0.0178964976221323,0.9821035265922546,0.03579297289252281
GaPt13_01.txt_win17,GaPt13,GaPt13_01.txt,Ga,1,1,1,7.608617806909024e-07,53.35493087768555,1.0000007152557373,54.35493087768555,0.018065251410007477,0.9819347858428955,0.036130476742982864
GaPt13_01.txt_win18,GaPt13,GaPt13_01.txt,Ga,1,1,1,7.945220659166807e-07,53.2151985168457,1.0000008344650269,54.2151985168457,0.01811097003519535,0.9818890690803528,0.036221910268068314
GaPt13_01.txt_win19,GaPt13,GaPt13_01.txt,Ga,1,1,1,8.155353725669556e-07,53.0704231262207,1.0000008344650269,54.0704231262207,0.018158582970499992,0.9818414449691772,0.0363171361386776
GaPt13_01.txt_win20,GaPt13,GaPt13_01.txt,Ga,1,1,1,6.385998290170392e-07,54.027870178222656,1.0000005960464478,55.027870178222656,0.017848270013928413,0.9821517467498779,0.035696521401405334
GaPt13_01.txt_win21,GaPt13,GaPt13_01.txt,Ga,1,1,1,7.169733748924045e-07,53.570247650146484,1.0000007152557373,54.570247650146484,0.017995253205299377,0.9820047616958618,0.035990480333566666
GaPt13_01.txt_win22,GaPt13,GaPt13_01.txt,Ga,1,1,1,6.284582809712447e-07,54.09489822387695,1.0000005960464478,55.09489822387695,0.017826944589614868,0.9821730852127075,0.035653866827487946
GaPt13_01.txt_win23,GaPt13,GaPt13_01.txt,Ga,1,1,1,5.064944161858875e-07,54.933372497558594,1.0000004768371582,55.933372497558594,0.017564399167895317,0.9824355840682983,0.03512877970933914
GaPt13_01.txt_win24,GaPt13,GaPt13_01.txt,Ga,1,1,1,5.085340148980322e-07,55.0142707824707,1.0000004768371582,56.0142707824707,0.017539476975798607,0.9824605584144592,0.03507893532514572
GaPt13_01.txt_win25,GaPt13,GaPt13_01.txt,Ga,1,1,1,6.746399208168441e-07,53.95741271972656,1.0000007152557373,54.95741271972656,0.017870746552944183,0.9821292757987976,0.03574146702885628
GaPt13_01.txt_win26,GaPt13,GaPt13_01.txt,Ga,1,1,1,9.584387044014875e-07,52.45538330078125,1.0000009536743164,53.45538330078125,0.018363675102591515,0.9816363453865051,0.036727312952280045
GaPt13_01.txt_win27,GaPt13,GaPt13_01.txt,Ga,1,1,1,1.3757820624960004e-06,50.79937744140625,1.0000014305114746,51.79937744140625,0.01893964409828186,0.9810603857040405,0.03787923604249954
GaPt13_01.txt_win28,GaPt13,GaPt13_01.txt,Ga,1,1,1,1.4199981706042308e-06,50.80918884277344,1.0000014305114746,51.80918884277344,0.018936125561594963,0.9810639023780823,0.03787219524383545
GaPt13_01.txt_win29,GaPt13,GaPt13_01.txt,Ga,1,1,1,8.963475011114497e-07,52.75041198730469,1.0000009536743164,53.75041198730469,0.01826472021639347,0.9817352890968323,0.036529406905174255
GaPt13_01.txt_win30,GaPt13,GaPt13_01.txt,Ga,1,1,1,7.971161721798126e-07,53.195838928222656,1.0000008344650269,54.195838928222656,0.018117323517799377,0.9818826913833618,0.03623461723327637
GaPt13_01.txt_win31,GaPt13,GaPt13_01.txt,Ga,1,1,1,4.86362637275306e-07,55.09917068481445,1.0000004768371582,56.09917068481445,0.017513398081064224,0.9824866056442261,0.035026777535676956
GaPt13_02.txt_win0,GaPt13,GaPt13_02.txt,Ga,1,1,1,1.049594516189245e-06,52.14253616333008,1.000001072883606,53.14253616333008,0.018469786271452904,0.9815302491188049,0.036939531564712524
GaPt13_02.txt_win1,GaPt13,GaPt13_02.txt,Ga,1,1,1,1.0641475682859891e-06,52.02631378173828,1.000001072883606,53.02631378173828,0.01850951835513115,0.9814904928207397,0.037018999457359314
GaPt13_02.txt_win2,GaPt13,GaPt13_02.txt,Ga,1,1,1,8.351173050868965e-07,52.856239318847656,1.0000008344650269,53.856239318847656,0.01822948269546032,0.9817705154418945,0.03645893558859825
GaPt13_02.txt_win3,GaPt13,GaPt13_02.txt,Ga,1,1,1,1.1694833119690884e-06,51.630584716796875,1.0000011920928955,52.630584716796875,0.01864609867334366,0.9813539385795593,0.037292152643203735
GaPt13_02.txt_win4,GaPt13,GaPt13_02.txt,Ga,1,1,1,1.0488471389180631e-06,52.123226165771484,1.000001072883606,53.123226165771484,0.018476376309990883,0.9815236330032349,0.03695271164178848
GaPt13_02.txt_win5,GaPt13,GaPt13_02.txt,Ga,1,1,1,1.0892314321608865e-06,51.87697982788086,1.000001072883606,52.87697982788086,0.018560823053121567,0.9814391732215881,0.03712160512804985
GaPt13_02.txt_win6,GaPt13,GaPt13_02.txt,Ga,1,1,1,8.622054110674071e-07,52.76588821411133,1.0000008344650269,53.76588821411133,0.018259556964039803,0.9817404747009277,0.03651908412575722
GaPt13_02.txt_win7,GaPt13,GaPt13_02.txt,Ga,1,1,1,8.113958074318361e-07,53.055152893066406,1.0000008344650269,54.055152893066406,0.018163619562983513,0.9818363785743713,0.03632720932364464
GaPt13_02.txt_win8,GaPt13,GaPt13_02.txt,Ga,1,1,1,1.0339628033761983e-06,52.17949676513672,1.000001072883606,53.17949676513672,0.018457187339663506,0.9815428256988525,0.03691433370113373
GaPt13_02.txt_win9,GaPt13,GaPt13_02.txt,Ga,1,1,1,8.590807851760474e-07,52.80546951293945,1.0000008344650269,53.80546951293945,0.018246369436383247,0.9817536473274231,0.03649270907044411
GaPt13_02.txt_win10,GaPt13,GaPt13_02.txt,Ga,1,1,1,9.776684919415857e-07,52.263343811035156,1.0000009536743164,53.263343811035156,0.018428664654493332,0.9815713763237,0.03685729205608368
GaPt13_02.txt_win11,GaPt13,GaPt13_02.txt,Ga,1,1,1,7.909468990874302e-07,53.114654541015625,1.0000008344650269,54.114654541015625,0.01814400963485241,0.9818559885025024,0.03628798946738243
GaPt13_02.txt_win12,GaPt13,GaPt13_02.txt,Ga,1,1,1,1.123522224588669e-06,51.83106994628906,1.000001072883606,52.83106994628906,0.01857665181159973,0.9814233779907227,0.03715326637029648
GaPt13_02.txt_win13,GaPt13,GaPt13_02.txt,Ga,1,1,1,1.4131449006526964e-06,50.921627044677734,1.0000014305114746,51.921627044677734,0.018895894289016724,0.9811041355133057,0.03779173269867897
GaPt13_02.txt_win14,GaPt13,GaPt13_02.txt,Ga,1,1,1,1.6613590787528665e-06,50.06290817260742,1.0000016689300537,51.06290817260742,0.019207565113902092,0.9807924628257751,0.03841506317257881
GaPt13_02.txt_win15,GaPt13,GaPt13_02.txt,Ga,1,1,1,1.3813049690725165e-06,50.86323547363281,1.0000014305114746,51.86323547363281,0.018916765227913857,0.9810832738876343,0.037833478301763535
GaPt13_02.txt_win16,GaPt13,GaPt13_02.txt,Ga,1,1,1,7.42133579478832e-07,53.377464294433594,1.0000007152557373,54.377464294433594,0.018057899549603462,0.9819421172142029,0.036115773022174835
GaPt13_02.txt_win17,GaPt13,GaPt13_02.txt,Ga,1,1,1,8.19438923826965e-07,53.011268615722656,1.0000008344650269,54.011268615722656,0.01817810907959938,0.9818218946456909,0.03635618835687637
GaPt13_02.txt_win18,GaPt13,GaPt13_02.txt,Ga,1,1,1,8.093146561805042e-07,53.07819366455078,1.0000008344650269,54.07819366455078,0.01815601997077465,0.9818440079689026,0.03631201013922691
GaPt13_02.txt_win19,GaPt13,GaPt13_02.txt,Ga,1,1,1,8.595749818596232e-07,52.850677490234375,1.0000008344650269,53.850677490234375,0.018231330439448357,0.9817686676979065,0.036462631076574326
GaPt13_02.txt_win20,GaPt13,GaPt13_02.txt,Ga,1,1,1,8.015642265490897e-07,52.97026443481445,1.0000008344650269,53.97026443481445,0.018191669136285782,0.9818083643913269,0.036383308470249176
GaPt13_02.txt_win21,GaPt13,GaPt13_02.txt,Ga,1,1,1,9.630859949538717e-07,52.310218811035156,1.0000009536743164,53.310218811035156,0.01841275952756405,0.9815872311592102,0.03682548180222511
GaPt13_02.txt_win22,GaPt13,GaPt13_02.txt,Ga,1,1,1,7.06746902778832e-07,53.5977783203125,1.0000007152557373,54.5977783203125,0.017986342310905457,0.9820136427879333,0.03597266227006912
GaPt13_02.txt_win23,GaPt13,GaPt13_02.txt,Ga,1,1,1,7.696617103647441e-07,53.26377868652344,1.0000007152557373,54.26377868652344,0.018095048144459724,0.9819049835205078,0.03619007021188736
GaPt13_02.txt_win24,GaPt13,GaPt13_02.txt,Ga,1,1,1,9.946037380359485e-07,52.278472900390625,1.0000009536743164,53.278472900390625,0.018423527479171753,0.9815765023231506,0.03684702143073082
GaPt13_02.txt_win25,GaPt13,GaPt13_02.txt,Ga,1,1,1,9.293547122979362e-07,52.54536819458008,1.0000009536743164,53.54536819458008,0.018333379179239273,0.981666624546051,0.03666672483086586
GaPt13_02.txt_win26,GaPt13,GaPt13_02.txt,Ga,1,1,1,1.089539978238463e-06,51.97636032104492,1.000001072883606,52.97636032104492,0.018526649102568626,0.9814733862876892,0.03705325722694397
GaPt13_02.txt_win27,GaPt13,GaPt13_02.txt,Ga,1,1,1,3.756902151508257e-05,38.421661376953125,1.0000375509262085,39.421661376953125,0.02474011667072773,0.9752598404884338,0.04947837442159653
GaPt13_02.txt_win28,GaPt13,GaPt13_02.txt,Ga,1,1,1,3.3837262890301645e-05,38.92624282836914,1.0000338554382324,39.92624282836914,0.024435006082057953,0.9755649566650391,0.04886835813522339
GaPt13_02.txt_win29,GaPt13,GaPt13_02.txt,Ga,1,1,1,1.5469910294996225e-06,50.71953201293945,1.0000015497207642,51.71953201293945,0.018968330696225166,0.9810317158699036,0.037936605513095856
GaPt13_02.txt_win30,GaPt13,GaPt13_02.txt,Ga,1,1,1,1.347838292531378e-06,51.11125564575195,1.000001311302185,52.11125564575195,0.01882842555642128,0.9811716079711914,0.03765680268406868
GaPt13_02.txt_win31,GaPt13,GaPt13_02.txt,Ga,1,1,1,9.134608376371034e-07,52.40729522705078,1.0000009536743164,53.40729522705078,0.018379906192421913,0.9816201329231262,0.03675977513194084
GaPt13_02.txt_win0,GaPt13,GaPt13_02.txt,Ga,1,1,1,8.88810689048114e-07,52.47528839111328,1.0000008344650269,53.47528839111328,0.018356962129473686,0.9816430807113647,0.036713894456624985
GaPt13_02.txt_win1,GaPt13,GaPt13_02.txt,Ga,1,1,1,9.309762845077785e-07,52.48359298706055,1.0000009536743164,53.48359298706055,0.01835416629910469,0.9816458225250244,0.036708299070596695
GaPt13_02.txt_win2,GaPt13,GaPt13_02.txt,Ga,1,1,1,6.891759198879299e-07,53.751827239990234,1.0000007152557373,54.751827239990234,0.017936645075678825,0.982063353061676,0.03587326407432556
GaPt13_02.txt_win3,GaPt13,GaPt13_02.txt,Ga,1,1,1,1.0409638662167708e-06,52.13666915893555,1.000001072883606,53.13666915893555,0.018471788614988327,0.9815282225608826,0.03694353625178337
GaPt13_02.txt_win4,GaPt13,GaPt13_02.txt,Ga,1,1,1,1.0319276952941436e-06,52.0106201171875,1.000001072883606,53.0106201171875,0.01851489767432213,0.98148512840271,0.037029754370450974
GaPt13_02.txt_win5,GaPt13,GaPt13_02.txt,Ga,1,1,1,8.491426797263557e-07,52.78789138793945,1.0000008344650269,53.78789138793945,0.01825222373008728,0.9817478060722351,0.03650441765785217
GaPt13_02.txt_win6,GaPt13,GaPt13_02.txt,Ga,1,1,1,1.1412053027015645e-06,51.66916275024414,1.0000011920928955,52.66916275024414,0.018632695078849792,0.9813673496246338,0.0372653491795063
GaPt13_02.txt_win7,GaPt13,GaPt13_02.txt,Ga,1,1,1,1.1701248467943515e-06,51.596229553222656,1.0000011920928955,52.596229553222656,0.018658051267266273,0.9813419580459595,0.037316057831048965
GaPt13_02.txt_win8,GaPt13,GaPt13_02.txt,Ga,1,1,1,1.1053772368541104e-06,51.834205627441406,1.000001072883606,52.834205627441406,0.018575569614768028,0.9814244508743286,0.03715110197663307
GaPt13_02.txt_win9,GaPt13,GaPt13_02.txt,Ga,1,1,1,1.304277134295262e-06,51.18882751464844,1.000001311302185,52.18882751464844,0.018800964578986168,0.9811990857124329,0.037601880729198456
GaPt13_02.txt_win10,GaPt13,GaPt13_02.txt,Ga,1,1,1,1.0640674190653954e-06,51.91420364379883,1.000001072883606,52.91420364379883,0.018548008054494858,0.9814519882202148,0.03709597513079643
GaPt13_02.txt_win11,GaPt13,GaPt13_02.txt,Ga,1,1,1,1.04745663520589e-06,52.056095123291016,1.000001072883606,53.056095123291016,0.01849932223558426,0.9815006852149963,0.036998603492975235
GaPt13_02.txt_win12,GaPt13,GaPt13_02.txt,Ga,1,1,1,1.3197646921980777e-06,51.149662017822266,1.000001311302185,52.149662017822266,0.018814818933606148,0.9811851978302002,0.037629589438438416
GaPt13_02.txt_win13,GaPt13,GaPt13_02.txt,Ga,1,1,1,1.83983911483665e-06,49.89902877807617,1.0000017881393433,50.89902877807617,0.0192682184278965,0.9807318449020386,0.03853636607527733
GaPt13_02.txt_win14,GaPt13,GaPt13_02.txt,Ga,1,1,1,1.5234924148899154e-06,50.69649887084961,1.0000015497207642,51.69649887084961,0.018976621329784393,0.9810234308242798,0.03795318678021431
GaPt13_02.txt_win15,GaPt13,GaPt13_02.txt,Ga,1,1,1,1.2422483450791333e-06,51.48143768310547,1.0000011920928955,52.48143768310547,0.01869809813797474,0.9813019037246704,0.0373961515724659
GaPt13_10.txt_win16,GaPt13,GaPt13_10.txt,Ga,1,1,1,1.3129330227457103e-06,51.25270462036133,1.000001311302185,52.25270462036133,0.01877841353416443,0.981221616268158,0.03755677863955498
GaPt13_10.txt_win17,GaPt13,GaPt13_10.txt,Ga,1,1,1,1.039718654283206e-06,52.18278884887695,1.000001072883606,53.18278884887695,0.01845606416463852,0.9815439581871033,0.036912091076374054
GaPt13_10.txt_win18,GaPt13,GaPt13_10.txt,Ga,1,1,1,1.3003437970837695e-06,51.31996536254883,1.000001311302185,52.31996536254883,0.01875472627580166,0.9812452793121338,0.03750940039753914
GaPt13_10.txt_win19,GaPt13,GaPt13_10.txt,Ga,1,1,1,1.4703450688102748e-06,50.84959411621094,1.0000014305114746,51.84959411621094,0.01892164908349514,0.9810783863067627,0.0378432422876358
GaPt13_10.txt_win20,GaPt13,GaPt13_10.txt,Ga,1,1,1,1.2381807437122916e-06,51.47395324707031,1.0000011920928955,52.47395324707031,0.01870071515440941,0.9812992811203003,0.037401385605335236
GaPt13_10.txt_win21,GaPt13,GaPt13_10.txt,Ga,1,1,1,1.230725160894508e-06,51.471988677978516,1.0000011920928955,52.471988677978516,0.018701402470469475,0.9812986254692078,0.03740276023745537
GaPt13_10.txt_win22,GaPt13,GaPt13_10.txt,Ga,1,1,1,1.3194061239119037e-06,51.28835678100586,1.000001311302185,52.28835678100586,0.018765849992632866,0.9812341928482056,0.03753165155649185
GaPt13_10.txt_win23,GaPt13,GaPt13_10.txt,Ga,1,1,1,1.5966792261679075e-06,50.55958938598633,1.0000015497207642,51.55958938598633,0.019026054069399834,0.9809739589691162,0.03805204853415489
GaPt13_10.txt_win24,GaPt13,GaPt13_10.txt,Ga,1,1,1,1.1505300108183292e-06,51.68870162963867,1.0000011920928955,52.68870162963867,0.018625915050506592,0.9813740849494934,0.0372517853975296
GaPt13_10.txt_win25,GaPt13,GaPt13_10.txt,Ga,1,1,1,9.974800150303054e-07,52.307857513427734,1.0000009536743164,53.307857513427734,0.01841355860233307,0.9815864562988281,0.03682708367705345
GaPt13_10.txt_win26,GaPt13,GaPt13_10.txt,Ga,1,1,1,1.2064606380590703e-06,51.681095123291016,1.0000011920928955,52.681095123291016,0.018628554418683052,0.9813714623451233,0.03725706413388252
GaPt13_10.txt_win27,GaPt13,GaPt13_10.txt,Ga,1,1,1,1.5501706229770207e-06,50.6939582824707,1.0000015497207642,51.6939582824707,0.018977537751197815,0.9810224771499634,0.037955015897750854
GaPt13_10.txt_win28,GaPt13,GaPt13_10.txt,Ga,1,1,1,1.3527226201404119e-06,51.126731872558594,1.000001311302185,52.126731872558594,0.018822940066456795,0.9811770915985107,0.03764583170413971
GaPt13_10.txt_win29,GaPt13,GaPt13_10.txt,Ga,1,1,1,1.2859115940955235e-06,51.31269073486328,1.000001311302185,52.31269073486328,0.018757283687591553,0.9812427163124084,0.037514518946409225
GaPt13_10.txt_win30,GaPt13,GaPt13_10.txt,Ga,1,1,1,9.652752623878769e-07,52.48471450805664,1.0000009536743164,53.48471450805664,0.018353788182139397,0.9816462397575378,0.03670754283666611
GaPt13_10.txt_win31,GaPt13,GaPt13_10.txt,Ga,1,1,1,1.2601165053638397e-06,51.50543975830078,1.000001311302185,52.50543975830078,0.0186897125095129,0.9813103079795837,0.03737937659025192
GaPt13_10.txt_win0,GaPt13,GaPt13_10.txt,Ga,1,1,1,1.351912715108483e-06,51.30727005004883,1.000001311302185,52.30727005004883,0.018759191036224365,0.9812408089637756,0.03751833364367485
GaPt13_10.txt_win1,GaPt13,GaPt13_10.txt,Ga,1,1,1,1.6000282130335108e-06,50.69164276123047,1.0000015497207642,51.69164276123047,0.01897837035357952,0.9810216426849365,0.037956684827804565
GaPt13_10.txt_win2,GaPt13,GaPt13_10.txt,Ga,1,1,1,1.548074237689434e-06,50.92428970336914,1.0000015497207642,51.92428970336914,0.018894944339990616,0.9811050891876221,0.037789832800626755
GaPt13_10.txt_win3,GaPt13,GaPt13_10.txt,Ga,1,1,1,1.8020110701399972e-06,50.381385803222656,1.0000017881393433,51.381385803222656,0.019090784713625908,0.9809092283248901,0.038181502372026443
GaPt13_10.txt_win4,GaPt13,GaPt13_10.txt,Ga,1,1,1,1.6362121186830336e-06,50.525760650634766,1.0000016689300537,51.525760650634766,0.019038308411836624,0.9809617400169373,0.038076553493738174
GaPt13_10.txt_win5,GaPt13,GaPt13_10.txt,Ga,1,1,1,9.928477311405004e-07,52.40435028076172,1.0000009536743164,53.40435028076172,0.018380900844931602,0.981619119644165,0.03676176443696022
GaPt13_10.txt_win6,GaPt13,GaPt13_10.txt,Ga,1,1,1,1.2539283034129767e-06,51.552574157714844,1.000001311302185,52.552574157714844,0.018673263490200043,0.9813267588615417,0.037346478551626205
GaPt13_10.txt_win7,GaPt13,GaPt13_10.txt,Ga,1,1,1,8.526075703230163e-07,53.084251403808594,1.0000008344650269,54.084251403808594,0.018154025077819824,0.9818459749221802,0.03630801662802696
GaPt13_10.txt_win8,GaPt13,GaPt13_10.txt,Ga,1,1,1,7.333566713896289e-07,53.62948226928711,1.0000007152557373,54.62948226928711,0.01797609217464924,0.9820238947868347,0.03595215827226639
GaPt13_10.txt_win9,GaPt13,GaPt13_10.txt,Ga,1,1,1,8.741226338315755e-07,52.92680740356445,1.0000008344650269,53.92680740356445,0.01820606179535389,0.9817939400672913,0.03641209378838539
GaPt13_10.txt_win10,GaPt13,GaPt13_10.txt,Ga,1,1,1,1.3852771871825098e-06,51.13312530517578,1.0000014305114746,52.13312530517578,0.01882067695260048,0.9811793565750122,0.03764130175113678
GaPt13_10.txt_win11,GaPt13,GaPt13_10.txt,Ga,1,1,1,1.3789662034469075e-06,51.242393493652344,1.0000014305114746,52.242393493652344,0.018782053142786026,0.9812179803848267,0.037564050406217575
GaPt13_10.txt_win12,GaPt13,GaPt13_10.txt,Ga,1,1,1,1.0307827551514492e-06,52.39356231689453,1.000001072883606,53.39356231689453,0.018384547904133797,0.9816154837608337,0.03676905855536461
GaPt13_10.txt_win13,GaPt13,GaPt13_10.txt,Ga,1,1,1,1.4636326568506774e-06,50.93624496459961,1.0000014305114746,51.93624496459961,0.01889067515730858,0.9811093807220459,0.03778129816055298
GaPt13_10.txt_win14,GaPt13,GaPt13_10.txt,Ga,1,1,1,1.4440101949730888e-06,50.95466995239258,1.0000014305114746,51.95466995239258,0.018884101882576942,0.9811159372329712,0.037768151611089706
GaPt13_10.txt_win15,GaPt13,GaPt13_10.txt,Ga,1,1,1,1.4288074225987657e-06,50.9843864440918,1.0000014305114746,51.9843864440918,0.018873510882258415,0.9811264872550964,0.03774696961045265
GaPt13_10.txt_win16,GaPt13,GaPt13_10.txt,Ga,1,1,1,1.5131263353396207e-06,50.703067779541016,1.0000015497207642,51.703067779541016,0.01897425763309002,0.981025755405426,0.03794845566153526
GaPt13_10.txt_win17,GaPt13,GaPt13_10.txt,Ga,1,1,1,1.4031095361133339e-06,51.00394821166992,1.0000014305114746,52.00394821166992,0.01886654645204544,0.9811334609985352,0.037733037024736404
GaPt13_10.txt_win18,GaPt13,GaPt13_10.txt,Ga,1,1,1,1.5229373957481585e-06,50.785789489746094,1.0000015497207642,51.785789489746094,0.018944522365927696,0.981055498123169,0.03788898512721062
GaPt13_10.txt_win19,GaPt13,GaPt13_10.txt,Ga,1,1,1,1.4812073914072243e-06,50.92577362060547,1.0000014305114746,51.92577362060547,0.018894413486123085,0.981105625629425,0.03778877109289169
GaPt13_10.txt_win20,GaPt13,GaPt13_10.txt,Ga,1,1,1,1.1820281997643178e-06,51.857051849365234,1.0000011920928955,52.857051849365234,0.01856769248843193,0.981432318687439,0.03713534027338028
GaPt13_10.txt_win21,GaPt13,GaPt13_10.txt,Ga,1,1,1,1.5872390122240176e-06,50.709388732910156,1.0000015497207642,51.709388732910156,0.01897198148071766,0.9810280203819275,0.03794390335679054
GaPt13_10.txt_win22,GaPt13,GaPt13_10.txt,Ga,1,1,1,1.4096801805862924e-06,51.305355072021484,1.0000014305114746,52.305355072021484,0.018759867176413536,0.9812401533126831,0.037519682198762894
GaPt13_10.txt_win23,GaPt13,GaPt13_10.txt,Ga,1,1,1,1.8048317542707082e-06,50.48058319091797,1.0000017881393433,51.48058319091797,0.019054699689149857,0.980945348739624,0.03810933232307434
GaPt13_10.txt_win24,GaPt13,GaPt13_10.txt,Ga,1,1,1,2.510668082322809e-06,49.06621551513672,1.0000025033950806,50.06621551513672,0.019582465291023254,0.9804174900054932,0.03916483372449875
GaPt13_10.txt_win25,GaPt13,GaPt13_10.txt,Ga,1,1,1,4.849690412811469e-06,46.473182678222656,1.0000048875808716,47.473182678222656,0.020630063489079475,0.9793699383735657,0.041259925812482834
GaPt13_10.txt_win26,GaPt13,GaPt13_10.txt,Ga,1,1,1,4.871239980275277e-06,46.4128303527832,1.0000048875808716,47.4128303527832,0.020655781030654907,0.9793442487716675,0.0413113608956337
GaPt13_10.txt_win27,GaPt13,GaPt13_10.txt,Ga,1,1,1,1.182382220576983e-06,51.83565902709961,1.0000011920928955,52.83565902709961,0.018575070425868034,0.9814249277114868,0.03715009614825249
GaPt13_10.txt_win28,GaPt13,GaPt13_10.txt,Ga,1,1,1,9.579837296769256e-07,52.60063552856445,1.0000009536743164,53.60063552856445,0.018314823508262634,0.981685221195221,0.036629609763622284
GaPt13_10.txt_win29,GaPt13,GaPt13_10.txt,Ga,1,1,1,1.1265457260378753e-06,51.95173645019531,1.000001072883606,52.95173645019531,0.018535103648900986,0.9814649224281311,0.03707017004489899
GaPt13_10.txt_win30,GaPt13,GaPt13_10.txt,Ga,1,1,1,8.588808668719139e-07,52.950164794921875,1.0000008344650269,53.950164794921875,0.018198322504758835,0.9818016886711121,0.03639661520719528
GaPt13_10.txt_win31,GaPt13,GaPt13_10.txt,Ga,1,1,1,8.46462341996812e-07,52.96234130859375,1.0000008344650269,53.96234130859375,0.0181942917406559,0.9818057417869568,0.03638854995369911
GaPt19_01.txt_win0,GaPt19,GaPt19_01.txt,Ga,1,0,0,60.2833137512207,2.8756204528690432e-08,61.2833137512207,1.0,0.9839443564414978,0.01605566404759884,0.03211132809519768
GaPt19_01.txt_win1,GaPt19,GaPt19_01.txt,Ga,1,0,0,58.976253509521484,4.220576244051699e-08,59.976253509521484,1.0,0.9836001992225647,0.016399826854467392,0.032799653708934784
GaPt19_01.txt_win2,GaPt19,GaPt19_01.txt,Ga,1,0,0,60.529296875,2.729185588634664e-08,61.529296875,1.0,0.9840074777603149,0.015992503613233566,0.03198500722646713
GaPt19_01.txt_win3,GaPt19,GaPt19_01.txt,Ga,1,0,0,58.79618453979492,4.557650612468933e-08,59.79618453979492,1.0,0.9835516214370728,0.016448400914669037,0.032896801829338074
GaPt19_01.txt_win4,GaPt19,GaPt19_01.txt,Ga,1,0,0,56.532344818115234,8.896985548290104e-08,57.532344818115234,1.0000001192092896,0.9829154014587402,0.017084572464227676,0.034169141203165054
GaPt19_01.txt_win5,GaPt19,GaPt19_01.txt,Ga,1,0,0,58.86709213256836,4.519777263567448e-08,59.86709213256836,1.0,0.9835707545280457,0.01642923802137375,0.0328584760427475
GaPt19_01.txt_win6,GaPt19,GaPt19_01.txt,Ga,1,0,0,58.96304702758789,4.35753477745493e-08,59.96304702758789,1.0,0.9835966229438782,0.016403378918766975,0.03280675783753395
GaPt19_01.txt_win7,GaPt19,GaPt19_01.txt,Ga,1,0,0,58.11233901977539,5.6912369927886175e-08,59.11233901977539,1.0,0.983364462852478,0.01663552038371563,0.03327104076743126
GaPt19_01.txt_win8,GaPt19,GaPt19_01.txt,Ga,1,0,0,56.68716812133789,8.763479542039931e-08,57.68716812133789,1.0000001192092896,0.9829605221748352,0.017039502039551735,0.03407900035381317
GaPt19_01.txt_win9,GaPt19,GaPt19_01.txt,Ga,1,0,0,55.28480911254883,1.309408190763861e-07,56.28480911254883,1.0000001192092896,0.9825433492660522,0.01745663769543171,0.03491327166557312
GaPt19_01.txt_win10,GaPt19,GaPt19_01.txt,Ga,1,0,0,59.21021270751953,4.080327542510531e-08,60.21021270751953,1.0,0.9836628437042236,0.016337143257260323,0.032674286514520645
GaPt19_01.txt_win11,GaPt19,GaPt19_01.txt,Ga,1,0,0,57.752376556396484,6.237429062139199e-08,58.752376556396484,1.0000001192092896,0.9832642674446106,0.016735738143324852,0.033471472561359406
GaPt19_01.txt_win12,GaPt19,GaPt19_01.txt,Ga,1,0,0,58.54412078857422,4.9269338830981724e-08,59.54412078857422,1.0,0.9834831357002258,0.016516881063580513,0.033033762127161026
GaPt19_01.txt_win13,GaPt19,GaPt19_01.txt,Ga,1,0,0,60.73931884765625,2.5852571639006783e-08,61.73931884765625,1.0,0.9840610027313232,0.01593896746635437,0.03187793493270874
GaPt19_01.txt_win14,GaPt19,GaPt19_01.txt,Ga,1,0,0,59.456298828125,3.742883691870702e-08,60.456298828125,1.0,0.983728289604187,0.016271725296974182,0.032543450593948364
GaPt19_01.txt_win15,GaPt19,GaPt19_01.txt,Ga,1,0,0,61.44719696044922,2.098258455873747e-08,62.44719696044922,1.0,0.984238862991333,0.015761137008666992,0.031522274017333984
GaPt19_01.txt_win16,GaPt19,GaPt19_01.txt,Ga,1,0,0,61.617523193359375,1.986583519908436e-08,62.617523193359375,1.0,0.984281063079834,0.015718938782811165,0.03143787756562233
GaPt19_01.txt_win17,GaPt19,GaPt19_01.txt,Ga,1,0,0,59.30144119262695,3.9951917329972275e-08,60.30144119262695,1.0,0.983687162399292,0.01631283015012741,0.03262566030025482
GaPt19_01.txt_win18,GaPt19,GaPt19_01.txt,Ga,1,0,0,58.48185729980469,5.0687312125319295e-08,59.48185729980469,1.0,0.9834660887718201,0.016533883288502693,0.033067766577005386
GaPt19_01.txt_win19,GaPt19,GaPt19_01.txt,Ga,1,0,0,57.76089096069336,6.125203810825042e-08,58.76089096069336,1.0000001192092896,0.9832666516304016,0.016733353957533836,0.033466704189777374
GaPt19_01.txt_win20,GaPt19,GaPt19_01.txt,Ga,1,0,0,58.39716339111328,5.207592579381526e-08,59.39716339111328,1.0,0.9834429025650024,0.01655706949532032,0.03311413899064064
GaPt19_01.txt_win21,GaPt19,GaPt19_01.txt,Ga,1,0,0,55.76704406738281,1.136033347393095e-07,56.76704406738281,1.0000001192092896,0.9826890826225281,0.017310909926891327,0.034621816128492355
GaPt19_01.txt_win22,GaPt19,GaPt19_01.txt,Ga,1,0,0,50.94547653198242,4.6900470351829426e-07,51.94547653198242,1.0000004768371582,0.9811126589775085,0.018887363374233246,0.037774708122015
GaPt19_01.txt_win23,GaPt19,GaPt19_01.txt,Ga,1,0,0,58.65711212158203,4.813048803953279e-08,59.65711212158203,1.0,0.9835138916969299,0.016486112028360367,0.032972224056720734
GaPt19_01.txt_win24,GaPt19,GaPt19_01.txt,Ga,1,0,0,58.16486740112305,5.514074175039241e-08,59.16486740112305,1.0,0.9833790063858032,0.016620995476841927,0.03324199095368385
GaPt19_01.txt_win25,GaPt19,GaPt19_01.txt,Ga,1,0,0,57.68816375732422,6.40653539107916e-08,58.68816375732422,1.0000001192092896,0.9832462668418884,0.01675374247133732,0.03350748121738434
GaPt19_01.txt_win26,GaPt19,GaPt19_01.txt,Ga,1,0,0,59.12715148925781,4.187275948197566e-08,60.12715148925781,1.0,0.9836406707763672,0.016359342262148857,0.032718684524297714
GaPt19_01.txt_win27,GaPt19,GaPt19_01.txt,Ga,1,0,0,55.872100830078125,1.106907774328647e-07,56.872100830078125,1.0000001192092896,0.9827204942703247,0.01727948524057865,0.034558966755867004
GaPt19_01.txt_win28,GaPt19,GaPt19_01.txt,Ga,1,0,0,54.25763702392578,1.791606791812228e-07,55.25763702392578,1.000000238418579,0.9822246432304382,0.017775367945432663,0.03555072844028473
GaPt19_01.txt_win29,GaPt19,GaPt19_01.txt,Ga,1,0,0,55.86022186279297,1.0934569871778876e-07,56.86022186279297,1.0000001192092896,0.982716977596283,0.017283033579587936,0.034566063433885574
GaPt19_01.txt_win30,GaPt19,GaPt19_01.txt,Ga,1,0,0,60.11363220214844,3.1500690056418534e-08,61.11363220214844,1.0,0.9839004874229431,0.01609952561557293,0.03219905123114586
GaPt19_01.txt_win31,GaPt19,GaPt19_01.txt,Ga,1,0,0,60.65953826904297,2.658154940604618e-08,61.65953826904297,1.0,0.9840407371520996,0.01595926284790039,0.03191852569580078
GaPt19_01.txt_win0,GaPt19,GaPt19_01.txt,Ga,1,0,0,59.38282012939453,3.834517059431164e-08,60.38282012939453,1.0,0.9837087988853455,0.01629120297729969,0.03258240595459938
GaPt19_01.txt_win1,GaPt19,GaPt19_01.txt,Ga,1,0,0,59.82622528076172,3.3939553389927823e-08,60.82622528076172,1.0,0.9838256239891052,0.01617436669766903,0.03234873339533806
GaPt19_01.txt_win2,GaPt19,GaPt19_01.txt,Ga,1,0,0,60.331275939941406,2.9155335923292114e-08,61.331275939941406,1.0,0.9839566946029663,0.01604331098496914,0.03208662196993828
GaPt19_01.txt_win3,GaPt19,GaPt19_01.txt,Ga,1,0,0,61.69935989379883,1.928086845737198e-08,62.69935989379883,1.0,0.9843012690544128,0.015698743984103203,0.031397487968206406
GaPt19_01.txt_win4,GaPt19,GaPt19_01.txt,Ga,1,0,0,60.70759963989258,2.5418872340310372e-08,61.70759963989258,1.0,0.9840529561042786,0.01594703085720539,0.03189406171441078
GaPt19_01.txt_win5,GaPt19,GaPt19_01.txt,Ga,1,0,0,60.576866149902344,2.7025961912841012e-08,61.576866149902344,1.0,0.9840196371078491,0.015980346128344536,0.03196069225668907
GaPt19_01.txt_win6,GaPt19,GaPt19_01.txt,Ga,1,0,0,54.215179443359375,1.8009980351507693e-07,55.215179443359375,1.000000238418579,0.9822112321853638,0.01778879389166832,0.03557758033275604
GaPt19_01.txt_win7,GaPt19,GaPt19_01.txt,Ga,1,0,0,54.55224609375,1.6061039787018672e-07,55.55224609375,1.0000001192092896,0.9823172092437744,0.017682766541838646,0.035365525633096695
GaPt19_01.txt_win8,GaPt19,GaPt19_01.txt,Ga,1,0,0,58.99075698852539,4.2897074337133745e-08,59.99075698852539,1.0,0.9836040735244751,0.016395926475524902,0.032791852951049805
GaPt19_01.txt_win9,GaPt19,GaPt19_01.txt,Ga,1,0,0,60.40695571899414,2.8379147920531977e-08,61.40695571899414,1.0,0.9839761257171631,0.016023855656385422,0.032047711312770844
GaPt19_01.txt_win10,GaPt19,GaPt19_01.txt,Ga,1,0,0,60.320594787597656,2.9073371266008508e-08,61.320594787597656,1.0,0.9839539527893066,0.016046060249209404,0.03209212049841881
GaPt19_01.txt_win11,GaPt19,GaPt19_01.txt,Ga,1,0,0,61.88801574707031,1.8269039614438043e-08,62.88801574707031,1.0,0.9843476414680481,0.015652388334274292,0.031304776668548584
GaPt19_01.txt_win12,GaPt19,GaPt19_01.txt,Ga,1,0,0,62.0179557800293,1.7460157764048745e-08,63.0179557800293,1.0,0.9843793511390686,0.015620616264641285,0.03124123252928257
GaPt19_01.txt_win13,GaPt19,GaPt19_01.txt,Ga,1,0,0,62.23529052734375,1.648919045749153e-08,63.23529052734375,1.0,0.9844322204589844,0.01556776650249958,0.03113553300499916
GaPt19_01.txt_win14,GaPt19,GaPt19_01.txt,Ga,1,0,0,62.46890640258789,1.5279589149486128e-08,63.46890640258789,1.0,0.9844887256622314,0.015511354431509972,0.031022708863019943
GaPt19_01.txt_win15,GaPt19,GaPt19_01.txt,Ga,1,0,0,61.82349395751953,1.8405936330623263e-08,62.82349395751953,1.0,0.9843317866325378,0.01566821150481701,0.03133642300963402
GaPt19_02.txt_win16,GaPt19,GaPt19_02.txt,Ga,1,0,0,59.47528076171875,3.7763719262784434e-08,60.47528076171875,1.0,0.9837332963943481,0.016266701743006706,0.03253340348601341
GaPt19_02.txt_win17,GaPt19,GaPt19_02.txt,Ga,1,0,0,59.2777214050293,3.959438288347883e-08,60.2777214050293,1.0,0.9836808443069458,0.016319144517183304,0.03263828903436661
GaPt19_02.txt_win18,GaPt19,GaPt19_02.txt,Ga,1,0,0,60.861019134521484,2.4579414059644478e-08,61.861019134521484,1.0,0.9840918779373169,0.01590810902416706,0.03181621804833412
GaPt19_02.txt_win19,GaPt19,GaPt19_02.txt,Ga,1,0,0,60.749427795410156,2.564003942495674e-08,61.749427795410156,1.0,0.9840636253356934,0.01593640074133873,0.03187280148267746
GaPt19_02.txt_win20,GaPt19,GaPt19_02.txt,Ga,1,0,0,61.65231704711914,1.9504090786881534e-08,62.65231704711914,1.0,0.9842896461486816,0.015710346400737762,0.031420692801475525
GaPt19_02.txt_win21,GaPt19,GaPt19_02.txt,Ga,1,0,0,59.56179428100586,3.61461793829676e-08,60.56179428100586,1.0,0.9837561845779419,0.016243841499090195,0.03248768299818039
GaPt19_02.txt_win22,GaPt19,GaPt19_02.txt,Ga,1,0,0,58.715187072753906,4.7093273281006987e-08,59.715187072753906,1.0,0.9835296273231506,0.016470342874526978,0.032940685749053955
GaPt19_02.txt_win23,GaPt19,GaPt19_02.txt,Ga,1,0,0,58.56047821044922,4.9393349854653934e-08,59.56047821044922,1.0,0.983487606048584,0.016512420028448105,0.03302484005689621
GaPt19_02.txt_win24,GaPt19,GaPt19_02.txt,Ga,1,0,0,59.83658981323242,3.375910395675419e-08,60.83658981323242,1.0,0.9838283658027649,0.01617165468633175,0.0323433093726635
GaPt19_02.txt_win25,GaPt19,GaPt19_02.txt,Ga,1,0,0,59.0393180847168,4.357359983941933e-08,60.0393180847168,1.0,0.9836171269416809,0.016382882371544838,0.032765764743089676
GaPt19_02.txt_win26,GaPt19,GaPt19_02.txt,Ga,1,0,0,60.3785514831543,2.9055687633672278e-08,61.3785514831543,1.0,0.9839688539505005,0.01603115163743496,0.03206230327486992
GaPt19_02.txt_win27,GaPt19,GaPt19_02.txt,Ga,1,0,0,61.79569625854492,1.870837884609955e-08,62.79569625854492,1.0,0.9843249320983887,0.01567503809928894,0.03135007619857788
GaPt19_02.txt_win28,GaPt19,GaPt19_02.txt,Ga,1,0,0,62.48454666137695,1.5167913147706713e-08,63.48454666137695,1.0,0.9844924807548523,0.015507591888308525,0.03101518377661705
GaPt19_02.txt_win29,GaPt19,GaPt19_02.txt,Ga,1,0,0,63.0688362121582,1.2681655725543806e-08,64.06883239746094,1.0,0.9846316576004028,0.015368340536952019,0.030736681073904037
GaPt19_02.txt_win30,GaPt19,GaPt19_02.txt,Ga,1,0,0,62.323890686035156,1.5858224955422884e-08,63.323890686035156,1.0,0.9844536781311035,0.015546323731541634,0.031092647463083267
GaPt19_02.txt_win31,GaPt19,GaPt19_02.txt,Ga,1,0,0,63.145263671875,1.2346512257011e-08,64.145263671875,1.0,0.9846497178077698,0.015350310131907463,0.030700620263814926
GaPt19_02.txt_win0,GaPt19,GaPt19_02.txt,Ga,1,0,0,63.11222457885742,1.2471978116934679e-08,64.11222839355469,1.0,0.9846419095993042,0.015358097851276398,0.030716195702552795
GaPt19_02.txt_win1,GaPt19,GaPt19_02.txt,Ga,1,0,0,63.24671936035156,1.1972242752733564e-08,64.24671936035156,1.0,0.9846735596656799,0.015326441265642643,0.030652882531285286
GaPt19_02.txt_win2,GaPt19,GaPt19_02.txt,Ga,1,0,0,64.152099609375,9.134846656877471e-09,65.152099609375,1.0,0.9848833084106445,0.015116678550839424,0.03023335710167885
GaPt19_02.txt_win3,GaPt19,GaPt19_02.txt,Ga,1,0,0,62.648475646972656,1.4481662091725411e-08,63.648475646972656,1.0,0.9845317602157593,0.015468268655240536,0.03093653731048107
GaPt19_02.txt_win4,GaPt19,GaPt19_02.txt,Ga,1,0,0,58.899173736572266,4.448219215191784e-08,59.899173736572266,1.0,0.9835793972015381,0.016420584172010422,0.032841168344020844
GaPt19_02.txt_win5,GaPt19,GaPt19_02.txt,Ga,1,0,0,56.52845764160156,8.829162823076331e-08,57.52845764160156,1.0000001192092896,0.9829142689704895,0.017085706815123558,0.03417140990495682
GaPt19_02.txt_win6,GaPt19,GaPt19_02.txt,Ga,1,0,0,62.827518463134766,1.3615659710808359e-08,63.827518463134766,1.0,0.9845744967460632,0.015425548888742924,0.030851097777485847
GaPt19_02.txt_win7,GaPt19,GaPt19_02.txt,Ga,1,0,0,63.36014938354492,1.1445171033130919e-08,64.36015319824219,1.0,0.9847001433372498,0.01529984176158905,0.0305996835231781
GaPt19_02.txt_win8,GaPt19,GaPt19_02.txt,Ga,1,0,0,62.338653564453125,1.558050577443737e-08,63.338653564453125,1.0,0.98445725440979,0.015542755834758282,0.031085511669516563
GaPt19_02.txt_win9,GaPt19,GaPt19_02.txt,Ga,1,0,0,64.03791809082031,9.478359430659111e-09,65.03791809082031,1.0,0.9848572015762329,0.015142815187573433,0.030285630375146866
GaPt19_02.txt_win10,GaPt19,GaPt19_02.txt,Ga,1,0,0,64.36102294921875,8.54526582827475e-09,65.36102294921875,1.0,0.9849309325218201,0.015069087035953999,0.030138174071907997
GaPt19_02.txt_win11,GaPt19,GaPt19_02.txt,Ga,1,0,0,62.856258392333984,1.3389287012444129e-08,63.856258392333984,1.0,0.9845812320709229,0.015418711118400097,0.030837422236800194
GaPt19_02.txt_win12,GaPt19,GaPt19_02.txt,Ga,1,0,0,64.22710418701172,8.91398421742906e-09,65.22710418701172,1.0,0.9849004149436951,0.015099558047950268,0.030199116095900536
GaPt19_02.txt_win13,GaPt19,GaPt19_02.txt,Ga,1,0,0,63.26462936401367,1.1771286168027473e-08,64.26463317871094,1.0,0.984677791595459,0.015322234481573105,0.03064446896314621
GaPt19_02.txt_win14,GaPt19,GaPt19_02.txt,Ga,1,0,0,60.93938064575195,2.3970908813453207e-08,61.93938064575195,1.0,0.9841116666793823,0.015888303518295288,0.031776607036590576
GaPt19_02.txt_win15,GaPt19,GaPt19_02.txt,Ga,1,0,0,60.61848068237305,2.654795672185628e-08,61.61848068237305,1.0,0.9840302467346191,0.01596972718834877,0.03193945437669754
GaPt19_02.txt_win16,GaPt19,GaPt19_02.txt,Ga,1,0,0,62.95269012451172,1.2955356787358596e-08,63.95269012451172,1.0,0.9846041798591614,0.015395821072161198,0.030791642144322395
GaPt19_02.txt_win17,GaPt19,GaPt19_02.txt,Ga,1,0,0,61.60881042480469,1.9399390538410444e-08,62.60881042480469,1.0,0.9842789173126221,0.015721092000603676,0.03144218400120735
GaPt19_02.txt_win18,GaPt19,GaPt19_02.txt,Ga,1,0,0,62.627342224121094,1.4383306101706239e-08,63.627342224121094,1.0,0.9845266938209534,0.015473326668143272,0.030946653336286545
GaPt19_02.txt_win19,GaPt19,GaPt19_02.txt,Ga,1,0,0,61.94095230102539,1.7546591735140282e-08,62.94095230102539,1.0,0.9843605756759644,0.015639429911971092,0.031278859823942184
GaPt19_02.txt_win20,GaPt19,GaPt19_02.txt,Ga,1,0,0,61.00539779663086,2.327300663296228e-08,62.00539779663086,1.0,0.9841283559799194,0.015871655195951462,0.031743310391902924
GaPt19_02.txt_win21,GaPt19,GaPt19_02.txt,Ga,1,0,0,61.088069915771484,2.295751322378692e-08,62.088069915771484,1.0,0.984149158000946,0.01585085690021515,0.0317017138004303
GaPt19_02.txt_win22,GaPt19,GaPt19_02.txt,Ga,1,0,0,60.14628601074219,3.0412721230277384e-08,61.14628601074219,1.0,0.9839089512825012,0.016091065481305122,0.032182130962610245
GaPt19_02.txt_win23,GaPt19,GaPt19_02.txt,Ga,1,0,0,58.29600143432617,5.277305348272421e-08,59.29600143432617,1.0,0.9834151268005371,0.0165848471224308,0.0331696942448616
GaPt19_02.txt_win24,GaPt19,GaPt19_02.txt,Ga,1,0,0,62.0890998840332,1.6936205327056086e-08,63.0890998840332,1.0,0.984396755695343,0.015603277832269669,0.031206555664539337
GaPt19_02.txt_win25,GaPt19,GaPt19_02.txt,Ga,1,0,0,57.4141845703125,6.791682949369715e-08,58.4141845703125,1.0000001192092896,0.9831690192222595,0.01683099940419197,0.03366199508309364
GaPt19_02.txt_win26,GaPt19,GaPt19_02.txt,Ga,1,0,0,57.346641540527344,6.870509139389469e-08,58.346641540527344,1.0000001192092896,0.9831498265266418,0.016850154846906662,0.033700305968523026
GaPt19_02.txt_win27,GaPt19,GaPt19_02.txt,Ga,1,0,0,62.6497802734375,1.4268271897321938e-08,63.6497802734375,1.0,0.9845320582389832,0.01546795666217804,0.03093591332435608
GaPt19_02.txt_win28,GaPt19,GaPt19_02.txt,Ga,1,0,0,60.55457305908203,2.6716449497143913e-08,61.55457305908203,1.0,0.9840139746665955,0.015986042097210884,0.03197208419442177
GaPt19_02.txt_win29,GaPt19,GaPt19_02.txt,Ga,1,0,0,61.79585266113281,1.8578372618094363e-08,62.79585266113281,1.0,0.9843249917030334,0.015675000846385956,0.03135000169277191
GaPt19_02.txt_win30,GaPt19,GaPt19_02.txt,Ga,1,0,0,61.42085647583008,2.049808855986157e-08,62.42085647583008,1.0,0.9842323064804077,0.01576768420636654,0.03153536841273308
GaPt19_02.txt_win31,GaPt19,GaPt19_02.txt,Ga,1,0,0,63.453041076660156,1.1182923032038161e-08,64.45304107666016,1.0,0.9847218990325928,0.015278128907084465,0.03055625781416893
GaPt19_10.txt_win0,GaPt19,GaPt19_10.txt,Ga,1,0,0,61.701560974121094,1.870470534015567e-08,62.701560974121094,1.0,0.9843018054962158,0.015698201954364777,0.03139640390872955
GaPt19_10.txt_win1,GaPt19,GaPt19_10.txt,Ga,1,0,0,61.98814392089844,1.706607477558464e-08,62.98814392089844,1.0,0.984372079372406,0.015627894550561905,0.03125578910112381
GaPt19_10.txt_win2,GaPt19,GaPt19_10.txt,Ga,1,0,0,63.22601318359375,1.1921337694786871e-08,64.22601318359375,1.0,0.9846686720848083,0.015331306494772434,0.03066261298954487
GaPt19_10.txt_win3,GaPt19,GaPt19_10.txt,Ga,1,0,0,62.05617904663086,1.6809087455271765e-08,63.05617904663086,1.0,0.9843886494636536,0.015611295588314533,0.031222591176629066
GaPt19_10.txt_win4,GaPt19,GaPt19_10.txt,Ga,1,0,0,61.93545150756836,1.7558376086412864e-08,62.93545150756836,1.0,0.9843592047691345,0.015640774741768837,0.031281549483537674
GaPt19_10.txt_win5,GaPt19,GaPt19_10.txt,Ga,1,0,0,63.003379821777344,1.2726943943164315e-08,64.00337982177734,1.0,0.9846161603927612,0.01538381539285183,0.03076763078570366
GaPt19_10.txt_win6,GaPt19,GaPt19_10.txt,Ga,1,0,0,63.11991882324219,1.2461825349419087e-08,64.11991882324219,1.0,0.9846436977386475,0.015356284566223621,0.030712569132447243
GaPt19_10.txt_win7,GaPt19,GaPt19_10.txt,Ga,1,0,0,61.44728469848633,2.0366014652495323e-08,62.44728469848633,1.0,0.984238862991333,0.01576111651957035,0.0315222330391407
GaPt19_10.txt_win8,GaPt19,GaPt19_10.txt,Ga,1,0,0,63.102840423583984,1.2419540951214003e-08,64.10284423828125,1.0,0.9846397042274475,0.015360311605036259,0.030720623210072517
GaPt19_10.txt_win9,GaPt19,GaPt19_10.txt,Ga,1,0,0,62.87299346923828,1.3330501147379437e-08,63.87299346923828,1.0,0.9845852851867676,0.015414735302329063,0.030829470604658127
GaPt19_10.txt_win10,GaPt19,GaPt19_10.txt,Ga,1,0,0,60.109310150146484,3.0006560791662196e-08,61.109310150146484,1.0,0.9838993549346924,0.016100645065307617,0.032201290130615234
GaPt19_10.txt_win11,GaPt19,GaPt19_10.txt,Ga,1,0,0,51.601192474365234,3.693018868489162e-07,52.601192474365234,1.0000003576278687,0.981343686580658,0.018656307831406593,0.03731260448694229
GaPt19_10.txt_win12,GaPt19,GaPt19_10.txt,Ga,1,0,0,52.43490982055664,2.921173347658623e-07,53.43490982055664,1.000000238418579,0.9816294312477112,0.01837056875228882,0.03674113005399704
GaPt19_10.txt_win13,GaPt19,GaPt19_10.txt,Ga,1,0,0,64.02096557617188,9.497958863846634e-09,65.02096557617188,1.0,0.9848532676696777,0.015146703459322453,0.030293406918644905
GaPt19_10.txt_win14,GaPt19,GaPt19_10.txt,Ga,1,0,0,64.30039978027344,8.699374554055339e-09,65.30039978027344,1.0,0.984917163848877,0.01508286502212286,0.03016573004424572
GaPt19_10.txt_win15,GaPt19,GaPt19_10.txt,Ga,1,0,0,63.03722381591797,1.260208559727971e-08,64.03722381591797,1.0,0.9846242070198059,0.015375809744000435,0.03075161948800087
GaPt19_10.txt_win16,GaPt19,GaPt19_10.txt,Ga,1,0,0,61.92024612426758,1.7425291432004997e-08,62.92024612426758,1.0,0.9843555092811584,0.015644496306777,0.031288992613554
GaPt19_10.txt_win17,GaPt19,GaPt19_10.txt,Ga,1,0,0,61.173892974853516,2.1576832764935716e-08,62.173892974853516,1.0,0.98417067527771,0.01582932285964489,0.03165864571928978
GaPt19_10.txt_win18,GaPt19,GaPt19_10.txt,Ga,1,0,0,62.734012603759766,1.364287705030165e-08,63.734012603759766,1.0,0.9845522046089172,0.015447830781340599,0.030895661562681198
GaPt19_10.txt_win19,GaPt19,GaPt19_10.txt,Ga,1,0,0,62.22665786743164,1.5883198756228012e-08,63.22665786743164,1.0,0.984430193901062,0.015569860115647316,0.031139720231294632
GaPt19_10.txt_win20,GaPt19,GaPt19_10.txt,Ga,1,0,0,63.086509704589844,1.2422952444524071e-08,64.08650970458984,1.0,0.9846358299255371,0.015364167280495167,0.030728334560990334
GaPt19_10.txt_win21,GaPt19,GaPt19_10.txt,Ga,1,0,0,62.83060836791992,1.336407962071462e-08,63.83060836791992,1.0,0.9845751523971558,0.015424812212586403,0.030849624425172806
GaPt19_10.txt_win22,GaPt19,GaPt19_10.txt,Ga,1,0,0,59.84477996826172,3.203779286309327e-08,60.84477996826172,1.0,0.9838305115699768,0.016169512644410133,0.03233902528882027
GaPt19_10.txt_win23,GaPt19,GaPt19_10.txt,Ga,1,0,0,60.7586784362793,2.4927416575337702e-08,61.7586784362793,1.0,0.9840659499168396,0.01593405194580555,0.0318681038916111
GaPt19_10.txt_win24,GaPt19,GaPt19_10.txt,Ga,1,0,0,57.41539764404297,6.98187250236515e-08,58.41539764404297,1.0000001192092896,0.9831693172454834,0.016830656677484512,0.033661309629678726
GaPt19_10.txt_win25,GaPt19,GaPt19_10.txt,Ga,1,0,0,58.41468811035156,5.0988386846029243e-08,59.41468811035156,1.0,0.9834477305412292,0.016552265733480453,0.03310453146696091
GaPt19_10.txt_win26,GaPt19,GaPt19_10.txt,Ga,1,0,0,61.00865936279297,2.2815946465470915e-08,62.00865936279297,1.0,0.9841291904449463,0.01587083376944065,0.0317416675388813
GaPt19_10.txt_win27,GaPt19,GaPt19_10.txt,Ga,1,0,0,61.87800979614258,1.7947595409850692e-08,62.87800979614258,1.0,0.9843451380729675,0.01565483957529068,0.03130967915058136
GaPt19_10.txt_win28,GaPt19,GaPt19_10.txt,Ga,1,0,0,61.87111282348633,1.786310299678462e-08,62.87111282348633,1.0,0.9843434691429138,0.01565653085708618,0.03131306171417236
GaPt19_10.txt_win29,GaPt19,GaPt19_10.txt,Ga,1,0,0,59.547237396240234,3.470328024945957e-08,60.547237396240234,1.0,0.9837523102760315,0.01624768227338791,0.03249536454677582
GaPt19_10.txt_win30,GaPt19,GaPt19_10.txt,Ga,1,0,0,62.870140075683594,1.3282785538137887e-08,63.870140075683594,1.0,0.9845845699310303,0.015415413305163383,0.030830826610326767
GaPt19_10.txt_win31,GaPt19,GaPt19_10.txt,Ga,1,0,0,62.98712921142578,1.2902928503422118e-08,63.98712921142578,1.0,0.9846123456954956,0.015387662686407566,0.030775325372815132
GaPt19_10.txt_win0,GaPt19,GaPt19_10.txt,Ga,1,0,0,63.76390838623047,1.026351448274454e-08,64.76390838623047,1.0,0.9847940802574158,0.015205908566713333,0.030411817133426666
GaPt19_10.txt_win1,GaPt19,GaPt19_10.txt,Ga,1,0,0,62.949222564697266,1.3155283085097835e-08,63.949222564697266,1.0,0.9846034049987793,0.015396644361317158,0.030793288722634315
GaPt19_10.txt_win2,GaPt19,GaPt19_10.txt,Ga,1,0,0,62.58841323852539,1.450991948814817e-08,63.58841323852539,1.0,0.9845173954963684,0.015482653863728046,0.030965307727456093
GaPt19_10.txt_win3,GaPt19,GaPt19_10.txt,Ga,1,0,0,63.720550537109375,1.026854778984898e-08,64.72055053710938,1.0,0.9847840666770935,0.015215940773487091,0.030431881546974182
GaPt19_10.txt_win4,GaPt19,GaPt19_10.txt,Ga,1,0,0,63.16911315917969,1.2199505405874334e-08,64.16911315917969,1.0,0.9846553206443787,0.015344692394137383,0.030689384788274765
GaPt19_10.txt_win5,GaPt19,GaPt19_10.txt,Ga,1,0,0,60.50827407836914,2.742507732023114e-08,61.50827407836914,1.0,0.9840021133422852,0.015997882932424545,0.03199576586484909
GaPt19_10.txt_win6,GaPt19,GaPt19_10.txt,Ga,1,0,0,41.740692138671875,7.007289696048247e-06,42.740692138671875,1.0000070333480835,0.9771378040313721,0.022862164303660393,0.04572400450706482
GaPt19_10.txt_win7,GaPt19,GaPt19_10.txt,Ga,1,0,0,41.3089599609375,7.844115316402167e-06,42.3089599609375,1.0000078678131104,0.9769099354743958,0.023090088739991188,0.04617981240153313
GaPt19_10.txt_win8,GaPt19,GaPt19_10.txt,Ga,1,0,0,62.39485168457031,1.5479940884688403e-08,63.39485168457031,1.0,0.984470784664154,0.015529192052781582,0.031058384105563164
GaPt19_10.txt_win9,GaPt19,GaPt19_10.txt,Ga,1,0,0,61.74013137817383,1.8810103696864644e-08,62.74013137817383,1.0,0.9843112826347351,0.0156887024641037,0.0313774049282074
GaPt19_10.txt_win10,GaPt19,GaPt19_10.txt,Ga,1,0,0,62.01621627807617,1.7413663400134283e-08,63.01621627807617,1.0,0.9843788743019104,0.01562104094773531,0.03124208189547062
GaPt19_10.txt_win11,GaPt19,GaPt19_10.txt,Ga,1,0,0,60.95135498046875,2.3990944342244802e-08,61.95135498046875,1.0,0.9841147065162659,0.015885282307863235,0.03177056461572647
GaPt19_10.txt_win12,GaPt19,GaPt19_10.txt,Ga,1,0,0,61.56581115722656,2.0012979717876078e-08,62.56581115722656,1.0,0.9842682480812073,0.015731727704405785,0.03146345540881157
GaPt19_10.txt_win13,GaPt19,GaPt19_10.txt,Ga,1,0,0,61.74638366699219,1.8883220320731198e-08,62.74638366699219,1.0,0.9843128323554993,0.015687163919210434,0.03137432783842087
GaPt19_10.txt_win14,GaPt19,GaPt19_10.txt,Ga,1,0,0,60.628170013427734,2.651096764338945e-08,61.628170013427734,1.0,0.9840327501296997,0.01596725545823574,0.03193451091647148
GaPt19_10.txt_win15,GaPt19,GaPt19_10.txt,Ga,1,0,0,60.56947708129883,2.7058508322852504e-08,61.56947708129883,1.0,0.9840177893638611,0.015982232987880707,0.031964465975761414
GaPt28_01.txt_win16,GaPt28,GaPt28_01.txt,Ga,1,1,1,1.1815918696811423e-05,42.655616760253906,1.0000118017196655,43.655616760253906,0.022393858060240746,0.9776061773300171,0.04478718712925911
GaPt28_01.txt_win17,GaPt28,GaPt28_01.txt,Ga,1,1,1,0.0001000776028377004,34.41904830932617,1.0001001358032227,35.41904830932617,0.02746083401143551,0.9725391864776611,0.05491616576910019
GaPt28_01.txt_win18,GaPt28,GaPt28_01.txt,Ga,1,1,1,2.909801651185262e-06,47.81829833984375,1.0000028610229492,48.81829833984375,0.020073002204298973,0.9799270033836365,0.040145888924598694
GaPt28_01.txt_win19,GaPt28,GaPt28_01.txt,Ga,1,1,1,3.0343696835188894e-06,47.76860427856445,1.0000029802322388,48.76860427856445,0.020093046128749847,0.9799069166183472,0.040185973048210144
GaPt28_01.txt_win20,GaPt28,GaPt28_01.txt,Ga,1,1,1,4.864392394665629e-06,46.162353515625,1.0000048875808716,47.162353515625,0.020763205364346504,0.9792368412017822,0.04152620583772659
GaPt28_01.txt_win21,GaPt28,GaPt28_01.txt,Ga,1,1,1,6.476132512034383e-06,45.18834686279297,1.0000064373016357,46.18834686279297,0.021191805601119995,0.9788081645965576,0.0423833392560482
GaPt28_01.txt_win22,GaPt28,GaPt28_01.txt,Ga,1,1,1,2.1362367988331243e-05,40.421512603759766,1.0000213384628296,41.421512603759766,0.023573435842990875,0.9764265418052673,0.047145865857601166
GaPt28_01.txt_win23,GaPt28,GaPt28_01.txt,Ga,1,1,1,2.458355993439909e-06,48.60988235473633,1.0000025033950806,49.60988235473633,0.019759034737944603,0.9802409410476685,0.03951796889305115
GaPt28_01.txt_win24,GaPt28,GaPt28_01.txt,Ga,1,1,1,2.9913996968389256e-06,47.66701126098633,1.0000029802322388,48.66701126098633,0.020134147256612778,0.9798658490180969,0.040268175303936005
GaPt28_01.txt_win25,GaPt28,GaPt28_01.txt,Ga,1,1,1,5.135803348821355e-06,45.79742431640625,1.0000051259994507,46.79742431640625,0.02092173509299755,0.9790782928466797,0.04184325411915779
GaPt28_01.txt_win26,GaPt28,GaPt28_01.txt,Ga,1,1,1,1.3384099474933464e-05,42.37115478515625,1.0000133514404297,43.37115478515625,0.022537456825375557,0.9774624705314636,0.04507431387901306
GaPt28_01.txt_win27,GaPt28,GaPt28_01.txt,Ga,1,1,1,1.990682358155027e-05,40.697349548339844,1.000019907951355,41.697349548339844,0.023421112447977066,0.9765788912773132,0.04684129357337952
GaPt28_01.txt_win28,GaPt28,GaPt28_01.txt,Ga,1,1,1,1.3465022675518412e-05,42.14556121826172,1.0000134706497192,43.14556121826172,0.022652631625533104,0.9773473143577576,0.04530465230345726
GaPt28_01.txt_win29,GaPt28,GaPt28_01.txt,Ga,1,1,1,4.337218342698179e-05,37.73970031738281,1.0000433921813965,38.73970031738281,0.02516481839120388,0.974835216999054,0.05032745376229286
GaPt28_01.txt_win30,GaPt28,GaPt28_01.txt,Ga,1,1,1,6.664237389486516e-06,44.797080993652344,1.0000066757202148,45.797080993652344,0.02136899344623089,0.9786309599876404,0.042737700045108795
GaPt28_01.txt_win31,GaPt28,GaPt28_01.txt,Ga,1,1,1,2.2749243271391606e-06,48.929718017578125,1.0000022649765015,49.929718017578125,0.019634945318102837,0.9803650379180908,0.03926980122923851
GaPt28_01.txt_win0,GaPt28,GaPt28_01.txt,Ga,1,1,1,3.440643922658637e-06,47.341651916503906,1.000003457069397,48.341651916503906,0.020266922190785408,0.9797330498695374,0.040533702820539474
GaPt28_01.txt_win1,GaPt28,GaPt28_01.txt,Ga,1,1,1,0.00011058881500503048,34.169349670410156,1.0001106262207031,35.169349670410156,0.02765069343149662,0.9723492860794067,0.05529526621103287
GaPt28_01.txt_win2,GaPt28,GaPt28_01.txt,Ga,1,1,1,4.766441634274088e-06,46.10166931152344,1.000004768371582,47.10166931152344,0.02078939601778984,0.979210615158081,0.04157859459519386
GaPt28_01.txt_win3,GaPt28,GaPt28_01.txt,Ga,1,1,1,2.0967499949620105e-06,49.44068908691406,1.000002145767212,50.44068908691406,0.019439904019236565,0.9805600643157959,0.03887972608208656
GaPt28_01.txt_win4,GaPt28,GaPt28_01.txt,Ga,1,1,1,6.383540949173039e-06,45.20069122314453,1.0000064373016357,46.20069122314453,0.021186264231801033,0.9788137078285217,0.04237225279211998
GaPt28_01.txt_win5,GaPt28,GaPt28_01.txt,Ga,1,1,1,1.7730907302393462e-06,50.14481735229492,1.0000017881393433,51.14481735229492,0.019177395850419998,0.9808226227760315,0.038354720920324326
GaPt28_01.txt_win6,GaPt28,GaPt28_01.txt,Ga,1,1,1,1.4453562471317127e-06,50.60503387451172,1.0000014305114746,51.60503387451172,0.01900961436331272,0.9809904098510742,0.038019176572561264
GaPt28_01.txt_win7,GaPt28,GaPt28_01.txt,Ga,1,1,1,2.647680048539769e-06,48.26318359375,1.0000026226043701,49.26318359375,0.01989532820880413,0.9801046252250671,0.039790552109479904
GaPt28_01.txt_win8,GaPt28,GaPt28_01.txt,Ga,1,1,1,1.030065232043853e-05,43.088905334472656,1.0000102519989014,44.088905334472656,0.02217862755060196,0.9778213500976562,0.04435679689049721
GaPt28_01.txt_win9,GaPt28,GaPt28_01.txt,Ga,1,1,1,4.237789653416257e-06,46.59492874145508,1.0000042915344238,47.59492874145508,0.02057836577296257,0.9794216156005859,0.04115655645728111
GaPt28_01.txt_win10,GaPt28,GaPt28_01.txt,Ga,1,1,1,4.098611043445999e-06,46.69581604003906,1.0000040531158447,47.69581604003906,0.020535726100206375,0.9794642925262451,0.04107128828763962
GaPt28_01.txt_win11,GaPt28,GaPt28_01.txt,Ga,1,1,1,5.239800429990282e-06,45.77708435058594,1.0000052452087402,46.77708435058594,0.020930644124746323,0.9790694117546082,0.041861068457365036
GaPt28_01.txt_win12,GaPt28,GaPt28_01.txt,Ga,1,1,1,3.844810635200702e-06,46.86439895629883,1.0000038146972656,47.86439895629883,0.02046487294137478,0.9795351028442383,0.04092958942055702
GaPt28_01.txt_win13,GaPt28,GaPt28_01.txt,Ga,1,1,1,3.044805225727032e-06,47.79242706298828,1.0000030994415283,48.79242706298828,0.020083436742424965,0.9799165725708008,0.04016674682497978
GaPt28_01.txt_win14,GaPt28,GaPt28_01.txt,Ga,1,1,1,3.01093405141728e-06,47.87476348876953,1.0000029802322388,48.87476348876953,0.020050277933478355,0.9799497127532959,0.04010043665766716
GaPt28_01.txt_win15,GaPt28,GaPt28_01.txt,Ga,1,1,1,3.0157502806105185e-06,48.13884735107422,1.0000029802322388,49.13884735107422,0.019944673404097557,0.9800553321838379,0.03988922759890556
GaPt28_01.txt_win16,GaPt28,GaPt28_01.txt,Ga,1,1,1,2.0895179204671877e-06,49.448387145996094,1.000002145767212,50.448387145996094,0.019436996430158615,0.9805629849433899,0.038873907178640366
GaPt28_01.txt_win17,GaPt28,GaPt28_01.txt,Ga,1,1,1,2.1329317405616166e-06,49.153106689453125,1.000002145767212,50.153106689453125,0.01954919472336769,0.9804507493972778,0.039098307490348816
GaPt28_01.txt_win18,GaPt28,GaPt28_01.txt,Ga,1,1,1,4.26930409958004e-06,46.47468566894531,1.0000042915344238,47.47468566894531,0.020629411563277245,0.9793705940246582,0.04125864431262016
GaPt28_01.txt_win19,GaPt28,GaPt28_01.txt,Ga,1,1,1,8.022103429539129e-06,44.060855865478516,1.0000079870224,45.060855865478516,0.021710578352212906,0.9782894253730774,0.043420810252428055
GaPt28_01.txt_win20,GaPt28,GaPt28_01.txt,Ga,1,1,1,5.3399166972667444e-06,45.542301177978516,1.0000053644180298,46.542301177978516,0.021034011617302895,0.9789659976959229,0.04206779599189758
GaPt28_01.txt_win21,GaPt28,GaPt28_01.txt,Ga,1,1,1,2.5296212697867304e-06,48.32976531982422,1.0000025033950806,49.32976531982422,0.019869007170200348,0.9801309704780579,0.03973791375756264
GaPt28_01.txt_win22,GaPt28,GaPt28_01.txt,Ga,1,1,1,6.916095571796177e-06,44.50764465332031,1.000006914138794,45.50764465332031,0.02150198630988598,0.9784979820251465,0.04300367459654808
GaPt28_01.txt_win23,GaPt28,GaPt28_01.txt,Ga,1,1,1,1.4394999197975267e-05,41.880592346191406,1.0000144243240356,42.880592346191406,0.02278943918645382,0.977210521697998,0.04557821899652481
GaPt28_01.txt_win24,GaPt28,GaPt28_01.txt,Ga,1,1,1,2.3054612029227428e-05,40.06568145751953,1.0000230073928833,41.06568145751953,0.02377288229763508,0.9762271046638489,0.04754466935992241
GaPt28_01.txt_win25,GaPt28,GaPt28_01.txt,Ga,1,1,1,1.20629119919613e-05,42.411529541015625,1.0000120401382446,43.411529541015625,0.022516941651701927,0.9774830937385559,0.04503333941102028
GaPt28_01.txt_win26,GaPt28,GaPt28_01.txt,Ga,1,1,1,2.1477549125847872e-06,49.05641555786133,1.000002145767212,50.05641555786133,0.019586218520998955,0.9804137349128723,0.039172351360321045
GaPt28_01.txt_win27,GaPt28,GaPt28_01.txt,Ga,1,1,1,7.697496585024055e-06,44.28026580810547,1.0000077486038208,45.28026580810547,0.021607644855976105,0.9783923625946045,0.043214958161115646
GaPt28_01.txt_win28,GaPt28,GaPt28_01.txt,Ga,1,1,1,1.4406260561372619e-05,41.840538024902344,1.0000144243240356,42.840538024902344,0.022810259833931923,0.9771897196769714,0.045619864016771317
GaPt28_01.txt_win29,GaPt28,GaPt28_01.txt,Ga,1,1,1,9.780395885172766e-06,43.30650329589844,1.0000097751617432,44.30650329589844,0.022072097286581993,0.9779278635978699,0.044143762439489365
GaPt28_01.txt_win30,GaPt28,GaPt28_01.txt,Ga,1,1,1,3.880153599311598e-06,46.8276252746582,1.0000039339065552,47.8276252746582,0.020480288192629814,0.9795197248458862,0.040960416197776794
GaPt28_01.txt_win31,GaPt28,GaPt28_01.txt,Ga,1,1,1,4.273222657502629e-06,46.39107894897461,1.0000042915344238,47.39107894897461,0.02066505327820778,0.9793349504470825,0.04132992774248123
GaPt28_02.txt_win0,GaPt28,GaPt28_02.txt,Ga,1,1,1,3.083915089518996e-06,47.81830978393555,1.0000030994415283,48.81830978393555,0.020073002204298973,0.9799270033836365,0.0401458777487278
GaPt28_02.txt_win1,GaPt28,GaPt28_02.txt,Ga,1,1,1,2.1434047994262073e-06,49.17555236816406,1.000002145767212,50.17555236816406,0.01954062096774578,0.9804593324661255,0.0390811562538147
GaPt28_02.txt_win2,GaPt28,GaPt28_02.txt,Ga,1,1,1,1.897045535770303e-06,49.48714828491211,1.0000019073486328,50.48714828491211,0.01942235790193081,0.9805775880813599,0.03884464129805565
GaPt28_02.txt_win3,GaPt28,GaPt28_02.txt,Ga,1,1,1,1.0297459994035307e-05,43.128196716308594,1.0000102519989014,44.128196716308594,0.022159317508339882,0.9778406620025635,0.04431818053126335
GaPt28_02.txt_win4,GaPt28,GaPt28_02.txt,Ga,1,1,1,1.7598298654775135e-05,41.13325881958008,1.0000176429748535,42.13325881958008,0.023184364661574364,0.9768155813217163,0.046367909759283066
GaPt28_02.txt_win5,GaPt28,GaPt28_02.txt,Ga,1,1,1,6.767053491785191e-06,44.80363082885742,1.0000067949295044,45.80363082885742,0.021366005763411522,0.9786339998245239,0.042731720954179764
GaPt28_02.txt_win6,GaPt28,GaPt28_02.txt,Ga,1,1,1,5.748433250118978e-05,36.600181579589844,1.0000574588775635,37.600181579589844,0.02590806409716606,0.9740919470787048,0.05181315168738365
GaPt28_02.txt_win7,GaPt28,GaPt28_02.txt,Ga,1,1,1,2.2867390725878067e-05,40.08576583862305,1.0000228881835938,41.08576583862305,0.023761533200740814,0.976238489151001,0.04752197861671448
GaPt28_02.txt_win8,GaPt28,GaPt28_02.txt,Ga,1,1,1,3.188123855579761e-06,47.68633270263672,1.0000032186508179,48.68633270263672,0.02012632228434086,0.9798736572265625,0.04025251418352127
GaPt28_02.txt_win9,GaPt28,GaPt28_02.txt,Ga,1,1,1,2.966867214126978e-06,47.955841064453125,1.0000029802322388,48.955841064453125,0.02001773752272129,0.9799822568893433,0.04003535583615303
GaPt28_02.txt_win10,GaPt28,GaPt28_02.txt,Ga,1,1,1,2.8058786938345293e-06,48.079280853271484,1.0000028610229492,49.079280853271484,0.019968394190073013,0.9800316095352173,0.039936672896146774
GaPt28_02.txt_win11,GaPt28,GaPt28_02.txt,Ga,1,1,1,3.3820758744695922e-06,47.34708786010742,1.0000033378601074,48.34708786010742,0.02026468701660633,0.9797353148460388,0.04052923619747162
GaPt28_02.txt_win12,GaPt28,GaPt28_02.txt,Ga,1,1,1,4.631307092495263e-06,46.143131256103516,1.0000046491622925,47.143131256103516,0.020771490409970284,0.9792285561561584,0.04154278710484505
GaPt28_02.txt_win13,GaPt28,GaPt28_02.txt,Ga,1,1,1,2.7561250135477167e-06,48.16624450683594,1.0000027418136597,49.16624450683594,0.019933775067329407,0.980066180229187,0.03986744210124016
GaPt28_02.txt_win14,GaPt28,GaPt28_02.txt,Ga,1,1,1,2.203231588282506e-06,49.07091522216797,1.000002145767212,50.07091522216797,0.01958065666258335,0.9804193377494812,0.039161231368780136
GaPt28_02.txt_win15,GaPt28,GaPt28_02.txt,Ga,1,1,1,8.212301509047393e-06,43.992942810058594,1.000008225440979,44.992942810058594,0.021742641925811768,0.9782573580741882,0.04348492622375488
GaPt28_02.txt_win16,GaPt28,GaPt28_02.txt,Ga,1,1,1,3.745579988390091e-06,46.89033508300781,1.000003695487976,47.89033508300781,0.020454013720154762,0.9795460104942322,0.040907878428697586
GaPt28_02.txt_win17,GaPt28,GaPt28_02.txt,Ga,1,1,1,2.7658015824272297e-06,48.11528396606445,1.0000027418136597,49.11528396606445,0.019954046234488487,0.9800459146499634,0.03990798071026802
GaPt28_02.txt_win18,GaPt28,GaPt28_02.txt,Ga,1,1,1,2.8755946459568804e-06,48.068519592285156,1.0000028610229492,49.068519592285156,0.01997268572449684,0.9800273180007935,0.03994525596499443
GaPt28_02.txt_win19,GaPt28,GaPt28_02.txt,Ga,1,1,1,3.194195187461446e-06,47.602821350097656,1.0000032186508179,48.602821350097656,0.020160207524895668,0.9798398017883301,0.04032028466463089
GaPt28_02.txt_win20,GaPt28,GaPt28_02.txt,Ga,1,1,1,2.578726480351179e-06,48.43429183959961,1.0000026226043701,49.43429183959961,0.0198278296738863,0.9801721572875977,0.03965555503964424
GaPt28_02.txt_win21,GaPt28,GaPt28_02.txt,Ga,1,1,1,3.0614803563366877e-06,47.80345153808594,1.0000030994415283,48.80345153808594,0.02007899060845375,0.9799209833145142,0.040157854557037354
GaPt28_02.txt_win22,GaPt28,GaPt28_02.txt,Ga,1,1,1,3.964289589930559e-06,46.75457763671875,1.0000039339065552,47.75457763671875,0.020510973408818245,0.9794890284538269,0.041021786630153656
GaPt28_02.txt_win23,GaPt28,GaPt28_02.txt,Ga,1,1,1,2.534257419029018e-06,48.49259567260742,1.0000025033950806,49.49259567260742,0.019804932177066803,0.9801950454711914,0.03960976377129555
GaPt28_02.txt_win24,GaPt28,GaPt28_02.txt,Ga,1,1,1,2.6242109925078694e-06,48.38810729980469,1.0000026226043701,49.38810729980469,0.019846003502607346,0.9801539778709412,0.039691902697086334
GaPt28_02.txt_win25,GaPt28,GaPt28_02.txt,Ga,1,1,1,5.238391622697236e-06,45.74869155883789,1.0000052452087402,46.74869155883789,0.020943090319633484,0.9790569543838501,0.04188596084713936
GaPt28_02.txt_win26,GaPt28,GaPt28_02.txt,Ga,1,1,1,3.7211982544249622e-06,47.00837707519531,1.000003695487976,48.00837707519531,0.020404748618602753,0.9795952439308167,0.04080934822559357
GaPt28_02.txt_win27,GaPt28,GaPt28_02.txt,Ga,1,1,1,2.975012876049732e-06,47.81622314453125,1.0000029802322388,48.81622314453125,0.020073840394616127,0.9799261689186096,0.0401475615799427
GaPt28_02.txt_win28,GaPt28,GaPt28_02.txt,Ga,1,1,1,5.100674115965376e-06,45.80211639404297,1.0000051259994507,46.80211639404297,0.02091968059539795,0.979080319404602,0.041839148849248886
GaPt28_02.txt_win29,GaPt28,GaPt28_02.txt,Ga,1,1,1,2.467681042617187e-06,48.66379928588867,1.0000025033950806,49.66379928588867,0.019738007336854935,0.9802619814872742,0.03947591409087181
GaPt28_02.txt_win30,GaPt28,GaPt28_02.txt,Ga,1,1,1,3.287415665909066e-06,47.63346481323242,1.0000033378601074,48.63346481323242,0.020147763192653656,0.9798521995544434,0.04029539227485657
GaPt28_02.txt_win31,GaPt28,GaPt28_02.txt,Ga,1,1,1,4.500085651670815e-06,46.2047233581543,1.000004529953003,47.2047233581543,0.020744947716593742,0.9792550802230835,0.04148970544338226
GaPt28_02.txt_win0,GaPt28,GaPt28_02.txt,Ga,1,1,1,2.70278337666241e-06,48.17266845703125,1.0000027418136597,49.17266845703125,0.01993122324347496,0.9800687432289124,0.039862338453531265
GaPt28_02.txt_win1,GaPt28,GaPt28_02.txt,Ga,1,1,1,3.3450396585976705e-06,47.4658203125,1.0000033378601074,48.4658203125,0.020216045901179314,0.9797839522361755,0.040431953966617584
GaPt28_02.txt_win2,GaPt28,GaPt28_02.txt,Ga,1,1,1,3.4613585739862174e-06,47.31681442260742,1.000003457069397,48.31681442260742,0.020277127623558044,0.9797228574752808,0.040554117411375046
GaPt28_02.txt_win3,GaPt28,GaPt28_02.txt,Ga,1,1,1,2.6650377549231052e-06,48.283599853515625,1.0000026226043701,49.283599853515625,0.019887249916791916,0.9801127314567566,0.039774395525455475
GaPt28_02.txt_win4,GaPt28,GaPt28_02.txt,Ga,1,1,1,4.299609827285167e-06,46.41350555419922,1.0000042915344238,47.41350555419922,0.02065548114478588,0.9793445467948914,0.041310783475637436
GaPt28_02.txt_win5,GaPt28,GaPt28_02.txt,Ga,1,1,1,5.655797394865658e-06,45.404720306396484,1.0000056028366089,46.404720306396484,0.02109506167471409,0.9789049625396729,0.042189888656139374
GaPt28_02.txt_win6,GaPt28,GaPt28_02.txt,Ga,1,1,1,3.6689575608761515e-06,47.03900146484375,1.000003695487976,48.03900146484375,0.020392006263136864,0.9796079993247986,0.04078385978937149
GaPt28_02.txt_win7,GaPt28,GaPt28_02.txt,Ga,1,1,1,4.515424279816216e-06,46.158023834228516,1.000004529953003,47.158023834228516,0.020765064284205437,0.9792349338531494,0.04152993857860565
GaPt28_02.txt_win8,GaPt28,GaPt28_02.txt,Ga,1,1,1,7.75751414039405e-06,43.907230377197266,1.0000077486038208,44.907230377197266,0.02178322710096836,0.9782167673110962,0.04356611520051956
GaPt28_02.txt_win9,GaPt28,GaPt28_02.txt,Ga,1,1,1,6.165517788758734e-06,44.989688873291016,1.0000061988830566,45.989688873291016,0.021281393244862556,0.9787185788154602,0.04256252199411392
GaPt28_02.txt_win10,GaPt28,GaPt28_02.txt,Ga,1,1,1,3.207323516107863e-06,47.607093811035156,1.0000032186508179,48.607093811035156,0.020158469676971436,0.9798415303230286,0.04031681269407272
GaPt28_02.txt_win11,GaPt28,GaPt28_02.txt,Ga,1,1,1,2.015284917433746e-05,40.57115173339844,1.000020146369934,41.57115173339844,0.023490548133850098,0.9765094518661499,0.046980150043964386
GaPt28_02.txt_win12,GaPt28,GaPt28_02.txt,Ga,1,1,1,5.537863671634113e-06,45.434654235839844,1.0000054836273193,46.434654235839844,0.021081747487187386,0.9789183139801025,0.042163264006376266
GaPt28_02.txt_win13,GaPt28,GaPt28_02.txt,Ga,1,1,1,2.702677875277004e-06,48.197471618652344,1.0000027418136597,49.197471618652344,0.019921375438570976,0.9800785779953003,0.0398426428437233
GaPt28_02.txt_win14,GaPt28,GaPt28_02.txt,Ga,1,1,1,4.982280188414734e-06,45.84169387817383,1.0000050067901611,46.84169387817383,0.020902372896671295,0.9790976643562317,0.041804537177085876
GaPt28_02.txt_win15,GaPt28,GaPt28_02.txt,Ga,1,1,1,3.970706984546268e-06,46.61020278930664,1.0000039339065552,47.61020278930664,0.020571893081068993,0.9794281125068665,0.04114362224936485
GaPt28_10.txt_win16,GaPt28,GaPt28_10.txt,Ga,1,1,1,3.9054839362506755e-06,46.87578201293945,1.0000039339065552,47.87578201293945,0.020460110157728195,0.9795398712158203,0.04092005640268326
GaPt28_10.txt_win17,GaPt28,GaPt28_10.txt,Ga,1,1,1,3.025037767656613e-05,39.18956756591797,1.000030279159546,40.18956756591797,0.024278709664940834,0.9757212996482849,0.048555947840213776
GaPt28_10.txt_win18,GaPt28,GaPt28_10.txt,Ga,1,1,1,6.681922968709841e-06,44.94058609008789,1.0000066757202148,45.94058609008789,0.02130366489291191,0.9786962866783142,0.04260704666376114
GaPt28_10.txt_win19,GaPt28,GaPt28_10.txt,Ga,1,1,1,3.5068619581579696e-06,47.41875076293945,1.000003457069397,48.41875076293945,0.020235301926732063,0.9797646999359131,0.040470466017723083
GaPt28_10.txt_win20,GaPt28,GaPt28_10.txt,Ga,1,1,1,9.863978448265698e-06,43.40858459472656,1.0000098943710327,44.40858459472656,0.02202248014509678,0.9779775142669678,0.04404452443122864
GaPt28_10.txt_win21,GaPt28,GaPt28_10.txt,Ga,1,1,1,1.2355806575214956e-05,42.51702117919922,1.0000123977661133,43.51702117919922,0.022463589906692505,0.9775364398956299,0.04492662474513054
GaPt28_10.txt_win22,GaPt28,GaPt28_10.txt,Ga,1,1,1,4.290348897484364e-06,46.5789909362793,1.0000042915344238,47.5789909362793,0.020585117861628532,0.9794148802757263,0.04117005690932274
GaPt28_10.txt_win23,GaPt28,GaPt28_10.txt,Ga,1,1,1,2.1015601305407472e-05,40.47813034057617,1.000020980834961,41.47813034057617,0.02354200929403305,0.9764580130577087,0.04708303138613701
GaPt28_10.txt_win24,GaPt28,GaPt28_10.txt,Ga,1,1,1,0.0010157576762139797,26.424537658691406,1.0010157823562622,27.424537658691406,0.0352153480052948,0.9647846221923828,0.07035922259092331
GaPt28_10.txt_win25,GaPt28,GaPt28_10.txt,Ga,1,1,1,2.4818933525239117e-05,39.79966354370117,1.0000247955322266,40.79966354370117,0.023924214765429497,0.9760757684707642,0.04784724488854408
GaPt28_10.txt_win26,GaPt28,GaPt28_10.txt,Ga,1,1,1,1.9010589085155516e-06,49.70684051513672,1.0000019073486328,50.70684051513672,0.01933983713388443,0.9806602001190186,0.03867960348725319
GaPt28_10.txt_win27,GaPt28,GaPt28_10.txt,Ga,1,1,1,6.265836873353692e-06,45.20185470581055,1.0000063180923462,46.20185470581055,0.02118573896586895,0.9788142442703247,0.04237120971083641
GaPt28_10.txt_win28,GaPt28,GaPt28_10.txt,Ga,1,1,1,1.1633153008006047e-05,42.68572235107422,1.000011682510376,43.68572235107422,0.022378768771886826,0.9776212573051453,0.04475701227784157
GaPt28_10.txt_win29,GaPt28,GaPt28_10.txt,Ga,1,1,1,4.838178938371129e-06,46.02164840698242,1.0000048875808716,47.02164840698242,0.020824041217565536,0.9791759848594666,0.041647881269454956
GaPt28_10.txt_win30,GaPt28,GaPt28_10.txt,Ga,1,1,1,3.9325877878582105e-06,46.93593215942383,1.0000039339065552,47.93593215942383,0.02043496072292328,0.9795650243759155,0.040869761258363724
GaPt28_10.txt_win31,GaPt28,GaPt28_10.txt,Ga,1,1,1,9.449771459912881e-05,34.862918853759766,1.0000945329666138,35.862918853759766,0.02713002637028694,0.9728699326515198,0.0542549230158329
GaPt28_10.txt_win0,GaPt28,GaPt28_10.txt,Ga,1,1,1,1.6588272046647035e-05,41.33039093017578,1.0000165700912476,42.33039093017578,0.023078864440321922,0.9769211411476135,0.04615696519613266
GaPt28_10.txt_win1,GaPt28,GaPt28_10.txt,Ga,1,1,1,4.477068614505697e-06,46.248069763183594,1.000004529953003,47.248069763183594,0.020726310089230537,0.9792736768722534,0.04145243391394615
GaPt28_10.txt_win2,GaPt28,GaPt28_10.txt,Ga,1,1,1,2.163578938052524e-05,40.36011505126953,1.0000215768814087,41.36011505126953,0.023607609793543816,0.976392388343811,0.04721419885754585
GaPt28_10.txt_win3,GaPt28,GaPt28_10.txt,Ga,1,1,1,1.60785984917311e-05,41.68372344970703,1.0000160932540894,42.68372344970703,0.0228921826928854,0.97710782289505,0.0457836277782917
GaPt28_10.txt_win4,GaPt28,GaPt28_10.txt,Ga,1,1,1,2.51596520683961e-06,48.63444519042969,1.0000025033950806,49.63444519042969,0.01974944956600666,0.9802505373954773,0.03949880227446556
GaPt28_10.txt_win5,GaPt28,GaPt28_10.txt,Ga,1,1,1,1.4677336821478093e-06,50.698631286621094,1.0000014305114746,51.698631286621094,0.01897585205733776,0.9810241460800171,0.037951648235321045
GaPt28_10.txt_win6,GaPt28,GaPt28_10.txt,Ga,1,1,1,9.147192031377926e-05,34.855594635009766,1.0000914335250854,35.855594635009766,0.0271353367716074,0.9728646874427795,0.05426571145653725
GaPt28_10.txt_win7,GaPt28,GaPt28_10.txt,Ga,1,1,1,2.5050663680303842e-05,39.616737365722656,1.0000250339508057,40.616737365722656,0.024029379710555077,0.9759705662727356,0.04805755615234375
GaPt28_10.txt_win8,GaPt28,GaPt28_10.txt,Ga,1,1,1,7.693710358580574e-06,44.1424674987793,1.0000077486038208,45.1424674987793,0.021672174334526062,0.9783278107643127,0.04334401339292526
GaPt28_10.txt_win9,GaPt28,GaPt28_10.txt,Ga,1,1,1,5.451596280181548e-06,45.637332916259766,1.0000054836273193,46.637332916259766,0.02099205181002617,0.9790079593658447,0.04198387637734413
GaPt28_10.txt_win10,GaPt28,GaPt28_10.txt,Ga,1,1,1,3.436283805058338e-05,38.60820388793945,1.0000343322753906,39.60820388793945,0.024626391008496284,0.9753736257553101,0.04925109073519707
GaPt28_10.txt_win11,GaPt28,GaPt28_10.txt,Ga,1,1,1,9.143856914306525e-06,43.59079360961914,1.0000091791152954,44.59079360961914,0.021934451535344124,0.9780656099319458,0.043868497014045715
GaPt28_10.txt_win12,GaPt28,GaPt28_10.txt,Ga,1,1,1,6.9467541834455915e-06,44.602787017822266,1.000006914138794,45.602787017822266,0.021458089351654053,0.978541910648346,0.04291588068008423
GaPt28_10.txt_win13,GaPt28,GaPt28_10.txt,Ga,1,1,1,1.482092648075195e-05,41.74568557739258,1.0000147819519043,42.74568557739258,0.0228597279638052,0.9771402478218079,0.04571877792477608
GaPt28_10.txt_win14,GaPt28,GaPt28_10.txt,Ga,1,1,1,4.945838372805156e-05,37.13684844970703,1.0000494718551636,38.13684844970703,0.025552598759531975,0.9744473695755005,0.05110267177224159
GaPt28_10.txt_win15,GaPt28,GaPt28_10.txt,Ga,1,1,1,2.3537919332738966e-05,39.98989486694336,1.0000234842300415,40.98989486694336,0.02381579950451851,0.9761841893196106,0.04763048142194748
GaPt28_10.txt_win16,GaPt28,GaPt28_10.txt,Ga,1,1,1,1.485660959588131e-06,50.557743072509766,1.0000014305114746,51.557743072509766,0.01902671903371811,0.9809733033180237,0.03805338591337204
GaPt28_10.txt_win17,GaPt28,GaPt28_10.txt,Ga,1,1,1,1.788509621292178e-06,49.8037109375,1.0000017881393433,50.8037109375,0.019303670153021812,0.9806963801383972,0.03860727325081825
GaPt28_10.txt_win18,GaPt28,GaPt28_10.txt,Ga,1,1,1,4.748678293253761e-06,46.12626266479492,1.000004768371582,47.12626266479492,0.020778773352503777,0.9792212247848511,0.041557349264621735
GaPt28_10.txt_win19,GaPt28,GaPt28_10.txt,Ga,1,1,1,6.551621027028887e-06,44.894248962402344,1.0000065565109253,45.894248962402344,0.02132471278309822,0.9786752462387085,0.04264914616942406
GaPt28_10.txt_win20,GaPt28,GaPt28_10.txt,Ga,1,1,1,4.626085228665033e-06,46.18489074707031,1.0000046491622925,47.18489074707031,0.020753487944602966,0.9792465567588806,0.04150678217411041
GaPt28_10.txt_win21,GaPt28,GaPt28_10.txt,Ga,1,1,1,3.647088078650995e-06,47.04389572143555,1.000003695487976,48.04389572143555,0.020389970391988754,0.979610025882721,0.04077979177236557
GaPt28_10.txt_win22,GaPt28,GaPt28_10.txt,Ga,1,1,1,1.0349164767831098e-05,43.114723205566406,1.000010371208191,44.114723205566406,0.02216593734920025,0.9778340458869934,0.04433141276240349
GaPt28_10.txt_win23,GaPt28,GaPt28_10.txt,Ga,1,1,1,5.6816224969225004e-06,45.381065368652344,1.0000057220458984,46.381065368652344,0.02110559493303299,0.9788943529129028,0.04221094772219658
GaPt28_10.txt_win24,GaPt28,GaPt28_10.txt,Ga,1,1,1,3.0746557513339212e-06,47.668487548828125,1.0000030994415283,48.668487548828125,0.020133551210165024,0.9798664450645447,0.0402669757604599
GaPt28_10.txt_win25,GaPt28,GaPt28_10.txt,Ga,1,1,1,3.596978103814763e-06,47.04853057861328,1.0000035762786865,48.04853057861328,0.0203880425542593,0.9796119332313538,0.04077593982219696
GaPt28_10.txt_win26,GaPt28,GaPt28_10.txt,Ga,1,1,1,2.8877223030576715e-06,48.0025749206543,1.0000028610229492,49.0025749206543,0.019999025389552116,0.9800009727478027,0.03999793529510498
GaPt28_10.txt_win27,GaPt28,GaPt28_10.txt,Ga,1,1,1,2.2669175905321026e-06,48.83482360839844,1.0000022649765015,49.83482360839844,0.019671598449349403,0.980328381061554,0.039343107491731644
GaPt28_10.txt_win28,GaPt28,GaPt28_10.txt,Ga,1,1,1,4.288843229005579e-06,46.4464111328125,1.0000042915344238,47.4464111328125,0.020641451701521873,0.9793585538864136,0.04128272458910942
GaPt28_10.txt_win29,GaPt28,GaPt28_10.txt,Ga,1,1,1,6.196425238158554e-05,36.414222717285156,1.0000619888305664,37.414222717285156,0.026033597066998482,0.9739664196968079,0.052063968032598495
GaPt28_10.txt_win30,GaPt28,GaPt28_10.txt,Ga,1,1,1,9.899496035359334e-06,43.327064514160156,1.0000098943710327,44.327064514160156,0.022062087431550026,0.9779378771781921,0.04412373900413513
GaPt28_10.txt_win31,GaPt28,GaPt28_10.txt,Ga,1,1,1,7.058343271637568e-06,44.58647155761719,1.0000070333480835,45.58647155761719,0.02146560698747635,0.9785344004631042,0.04293091222643852
GaPt30_01.txt_win0,GaPt30,GaPt30_01.txt,Ga,1,1,1,3.3364685805281624e-05,37.760887145996094,1.0000333786010742,38.760887145996094,0.02515116147696972,0.9748488068580627,0.05030064657330513
GaPt30_01.txt_win1,GaPt30,GaPt30_01.txt,Ga,1,1,1,4.497408554016147e-06,45.462005615234375,1.000004529953003,46.462005615234375,0.02106957882642746,0.9789304137229919,0.0421389676630497
GaPt30_01.txt_win2,GaPt30,GaPt30_01.txt,Ga,1,1,1,7.145114068407565e-06,43.69959259033203,1.000007152557373,44.69959259033203,0.021882185712456703,0.978117823600769,0.043764058500528336
GaPt30_01.txt_win3,GaPt30,GaPt30_01.txt,Ga,1,1,1,0.0007225189474411309,27.894474029541016,1.0007225275039673,28.894474029541016,0.033474359661340714,0.9665256142616272,0.06690037995576859
GaPt30_01.txt_win4,GaPt30,GaPt30_01.txt,Ga,1,1,1,0.00018811097834259272,31.67083740234375,1.0001881122589111,32.67083740234375,0.029704712331295013,0.9702953100204468,0.05939825251698494
GaPt30_01.txt_win5,GaPt30,GaPt30_01.txt,Ga,1,1,1,4.417805030243471e-06,45.66191482543945,1.0000044107437134,46.66191482543945,0.020981203764677048,0.9790188074111938,0.04196222126483917
GaPt30_01.txt_win6,GaPt30,GaPt30_01.txt,Ga,1,1,1,0.0002644729393068701,30.654775619506836,1.0002645254135132,31.654775619506836,0.03063124418258667,0.9693687558174133,0.06124628707766533
GaPt30_01.txt_win7,GaPt30,GaPt30_01.txt,Ga,1,1,1,0.3241015076637268,15.359479904174805,1.324101448059082,16.359479904174805,0.07487744092941284,0.9251224994659424,0.11309925466775894
GaPt30_01.txt_win8,GaPt30,GaPt30_01.txt,Ga,1,1,1,0.002270613331347704,25.2265682220459,1.0022705793380737,26.2265682220459,0.03680915758013725,0.9631908535957336,0.07345153391361237
GaPt30_01.txt_win9,GaPt30,GaPt30_01.txt,Ga,1,1,1,5.498733043670654,7.134396076202393,6.498733043670654,8.134395599365234,0.4441109597682953,0.5558890104293823,0.13667616248130798
GaPt30_01.txt_win10,GaPt30,GaPt30_01.txt,Ga,1,1,1,3.089873416683986e-06,47.103294372558594,1.0000030994415283,48.103294372558594,0.020365294069051743,0.979634702205658,0.04073046147823334
GaPt30_01.txt_win11,GaPt30,GaPt30_01.txt,Ga,1,1,1,4.107602308067726e-06,46.00498962402344,1.0000040531158447,47.00498962402344,0.02083125151693821,0.9791687726974487,0.04166233167052269
GaPt30_01.txt_win12,GaPt30,GaPt30_01.txt,Ga,1,1,1,0.0002563301532063633,30.971965789794922,1.0002562999725342,31.971965789794922,0.03033633343875408,0.969663679599762,0.06065712124109268
GaPt30_01.txt_win13,GaPt30,GaPt30_01.txt,Ga,1,1,1,2.22171929635806e-05,39.54365921020508,1.0000221729278564,40.54365921020508,0.024071581661701202,0.9759284257888794,0.048142097890377045
GaPt30_01.txt_win14,GaPt30,GaPt30_01.txt,Ga,1,1,1,8.576339496357832e-06,43.37506866455078,1.0000085830688477,44.37506866455078,0.022038718685507774,0.9779613018035889,0.044077061116695404
GaPt30_01.txt_win15,GaPt30,GaPt30_01.txt,Ga,1,1,1,7.959803770063445e-05,34.86677551269531,1.00007963180542,35.86677551269531,0.027126794680953026,0.9728732109069824,0.054249268025159836
GaPt30_01.txt_win16,GaPt30,GaPt30_01.txt,Ga,1,1,1,0.00018794852076098323,32.037864685058594,1.0001879930496216,33.037864685058594,0.02938440814614296,0.9706156253814697,0.05875777080655098
GaPt30_01.txt_win17,GaPt30,GaPt30_01.txt,Ga,1,1,1,1.7266957001993433e-05,40.61663818359375,1.0000172853469849,41.61663818359375,0.023465408012270927,0.9765345454216003,0.04693000763654709
GaPt30_01.txt_win18,GaPt30,GaPt30_01.txt,Ga,1,1,1,0.0032392297871410847,23.971088409423828,1.0032392740249634,24.971088409423828,0.03862426429986954,0.9613757729530334,0.07699910551309586
GaPt30_01.txt_win19,GaPt30,GaPt30_01.txt,Ga,1,1,1,0.21808595955371857,14.8831205368042,1.2180860042572021,15.8831205368042,0.07122807949781418,0.92877197265625,0.11695081740617752
GaPt30_01.txt_win20,GaPt30,GaPt30_01.txt,Ga,1,1,1,3.303062385384692e-06,46.88446807861328,1.0000033378601074,47.88446807861328,0.020456461235880852,0.9795435070991516,0.04091278836131096
GaPt30_01.txt_win21,GaPt30,GaPt30_01.txt,Ga,1,1,1,3.169860519847134e-06,47.01322555541992,1.0000032186508179,48.01322555541992,0.02040272019803524,0.979597270488739,0.040805310010910034
GaPt30_01.txt_win22,GaPt30,GaPt30_01.txt,Ga,1,1,1,5.978504759696079e-06,44.48806381225586,1.0000059604644775,45.48806381225586,0.021511022001504898,0.9784889221191406,0.0430217906832695
GaPt30_01.txt_win23,GaPt30,GaPt30_01.txt,Ga,1,1,1,7.014999482635176e-06,43.9619255065918,1.0000070333480835,44.9619255065918,0.02175728790462017,0.9782426953315735,0.04351427033543587
GaPt30_01.txt_win24,GaPt30,GaPt30_01.txt,Ga,1,1,1,4.273569174984004e-06,45.940425872802734,1.0000042915344238,46.940425872802734,0.020859310403466225,0.9791406989097595,0.04171844199299812
GaPt30_01.txt_win25,GaPt30,GaPt30_01.txt,Ga,1,1,1,3.9243157516466454e-05,37.31070327758789,1.0000392198562622,38.31070327758789,0.025439336895942688,0.9745606780052185,0.0508766807615757
GaPt30_01.txt_win26,GaPt30,GaPt30_01.txt,Ga,1,1,1,5.07706863572821e-06,45.15578079223633,1.0000051259994507,46.15578079223633,0.021206414327025414,0.9787936210632324,0.042412612587213516
GaPt30_01.txt_win27,GaPt30,GaPt30_01.txt,Ga,1,1,1,6.937472335266648e-06,44.1444091796875,1.000006914138794,45.1444091796875,0.021671244874596596,0.9783287644386292,0.043342188000679016
GaPt30_01.txt_win28,GaPt30,GaPt30_01.txt,Ga,1,1,1,1.2180639714642894e-05,41.910430908203125,1.0000121593475342,42.910430908203125,0.022773902863264084,0.9772261381149292,0.0455472506582737
GaPt30_01.txt_win29,GaPt30,GaPt30_01.txt,Ga,1,1,1,8.254739077528939e-05,34.78595733642578,1.0000824928283691,35.78595733642578,0.02718646638095379,0.9728134870529175,0.05436844751238823
GaPt30_01.txt_win30,GaPt30,GaPt30_01.txt,Ga,1,1,1,1.4518695024889894e-05,41.211143493652344,1.0000145435333252,42.211143493652344,0.023142507299780846,0.9768574833869934,0.04628434032201767
GaPt30_01.txt_win31,GaPt30,GaPt30_01.txt,Ga,1,1,1,1.7272666354983812e-06,49.375064849853516,1.0000016689300537,50.375064849853516,0.019464727491140366,0.9805353283882141,0.03892939165234566
GaPt30_01.txt_win0,GaPt30,GaPt30_01.txt,Ga,1,1,1,2.948785777334706e-06,47.453067779541016,1.0000029802322388,48.453067779541016,0.020221251994371414,0.9797787070274353,0.04044238105416298
GaPt30_01.txt_win1,GaPt30,GaPt30_01.txt,Ga,1,1,1,6.146927626105025e-05,35.79043960571289,1.0000615119934082,36.79043960571289,0.026463303714990616,0.9735367298126221,0.052923351526260376
GaPt30_01.txt_win2,GaPt30,GaPt30_01.txt,Ga,1,1,1,2.5483675472059986e-06,47.868934631347656,1.0000025033950806,48.868934631347656,0.020052611827850342,0.9799473881721497,0.040105123072862625
GaPt30_01.txt_win3,GaPt30,GaPt30_01.txt,Ga,1,1,1,7.258221103256801e-06,43.93060302734375,1.0000072717666626,44.93060302734375,0.021772131323814392,0.9782278537750244,0.043543945997953415
GaPt30_01.txt_win4,GaPt30,GaPt30_01.txt,Ga,1,1,1,3.9553055103169754e-05,37.43463134765625,1.0000395774841309,38.43463134765625,0.025359399616718292,0.9746406078338623,0.05071679502725601
GaPt30_01.txt_win5,GaPt30,GaPt30_01.txt,Ga,1,1,1,7.543541414634092e-06,43.70937728881836,1.0000075101852417,44.70937728881836,0.021877510473132133,0.9781224727630615,0.043754689395427704
GaPt30_01.txt_win6,GaPt30,GaPt30_01.txt,Ga,1,1,1,9.145688636635896e-06,43.193389892578125,1.0000091791152954,44.193389892578125,0.02212732844054699,0.9778727293014526,0.04425425082445145
GaPt30_01.txt_win7,GaPt30,GaPt30_01.txt,Ga,1,1,1,5.5252687161555514e-05,36.46239471435547,1.000055193901062,37.46239471435547,0.026000820100307465,0.9739992022514343,0.051998771727085114
GaPt30_01.txt_win8,GaPt30,GaPt30_01.txt,Ga,1,1,1,2.572721496107988e-05,39.052310943603516,1.000025749206543,40.052310943603516,0.024359775707125664,0.9756401777267456,0.048718295991420746
GaPt30_01.txt_win9,GaPt30,GaPt30_01.txt,Ga,1,1,1,2.0236223008396337e-06,48.730167388916016,1.0000020265579224,49.730167388916016,0.0197121761739254,0.9802877902984619,0.03942427039146423
GaPt30_01.txt_win10,GaPt30,GaPt30_01.txt,Ga,1,1,1,1.7703061985230306e-06,49.403419494628906,1.0000017881393433,50.403419494628906,0.019453993067145348,0.9805460572242737,0.03890791907906532
GaPt30_01.txt_win11,GaPt30,GaPt30_01.txt,Ga,1,1,1,1.3127006241120398e-05,41.517913818359375,1.0000131130218506,42.517913818359375,0.022979337722063065,0.9770206809043884,0.04595807194709778
GaPt30_01.txt_win12,GaPt30,GaPt30_01.txt,Ga,1,1,1,2.9835391615051776e-06,47.18659973144531,1.0000029802322388,48.18659973144531,0.020330799743533134,0.9796691536903381,0.04066147655248642
GaPt30_01.txt_win13,GaPt30,GaPt30_01.txt,Ga,1,1,1,1.637704599488643e-06,49.75481414794922,1.0000016689300537,50.75481414794922,0.019321905449032784,0.980678141117096,0.03864374756813049
GaPt30_01.txt_win14,GaPt30,GaPt30_01.txt,Ga,1,1,1,1.2373753634165041e-05,41.863731384277344,1.0000123977661133,42.863731384277344,0.02279815450310707,0.9772018790245056,0.045595742762088776
GaPt30_01.txt_win15,GaPt30,GaPt30_01.txt,Ga,1,1,1,2.1164514691918157e-05,39.75642395019531,1.00002121925354,40.75642395019531,0.023948905989527702,0.9760510325431824,0.047896794974803925
GaPt30_02.txt_win16,GaPt30,GaPt30_02.txt,Ga,1,1,1,7.583314072689973e-06,43.51686477661133,1.0000076293945312,44.51686477661133,0.02197004295885563,0.9780299663543701,0.043939750641584396
GaPt30_02.txt_win17,GaPt30,GaPt30_02.txt,Ga,1,1,1,3.818442564806901e-06,46.197776794433594,1.0000038146972656,47.197776794433594,0.020747922360897064,0.9792520999908447,0.04149568825960159
GaPt30_02.txt_win18,GaPt30,GaPt30_02.txt,Ga,1,1,1,1.1982276646449463e-06,50.720951080322266,1.0000011920928955,51.720951080322266,0.01896781474351883,0.9810321927070618,0.03793558105826378
GaPt30_02.txt_win19,GaPt30,GaPt30_02.txt,Ga,1,1,1,2.685512527023093e-06,47.52361297607422,1.0000027418136597,48.52361297607422,0.02019244246184826,0.9798075556755066,0.040384773164987564
GaPt30_02.txt_win20,GaPt30,GaPt30_02.txt,Ga,1,1,1,1.2633399819605984e-06,50.4720458984375,1.000001311302185,51.4720458984375,0.01905779168009758,0.9809422492980957,0.03811553120613098
GaPt30_02.txt_win21,GaPt30,GaPt30_02.txt,Ga,1,1,1,5.003559181204764e-06,45.08815383911133,1.0000050067901611,46.08815383911133,0.02123686857521534,0.9787631630897522,0.04247352480888367
GaPt30_02.txt_win22,GaPt30,GaPt30_02.txt,Ga,1,1,1,1.286575661652023e-05,41.68105697631836,1.0000128746032715,42.68105697631836,0.022893507033586502,0.977106511592865,0.04578642547130585
GaPt30_02.txt_win23,GaPt30,GaPt30_02.txt,Ga,1,1,1,1.6113490346469916e-06,49.69580078125,1.0000016689300537,50.69580078125,0.019343962892889977,0.980656087398529,0.03868786245584488
GaPt30_02.txt_win24,GaPt30,GaPt30_02.txt,Ga,1,1,1,1.8007896187555161e-06,49.083431243896484,1.0000017881393433,50.083431243896484,0.019575854763388634,0.980424165725708,0.0391516387462616
GaPt30_02.txt_win25,GaPt30,GaPt30_02.txt,Ga,1,1,1,5.50661061424762e-05,36.1821403503418,1.0000550746917725,37.1821403503418,0.02619166113436222,0.9738084077835083,0.05238043889403343
GaPt30_02.txt_win26,GaPt30,GaPt30_02.txt,Ga,1,1,1,2.0380839487188496e-06,48.59758377075195,1.0000020265579224,49.59758377075195,0.019763827323913574,0.9802361130714417,0.03952757641673088
GaPt30_02.txt_win27,GaPt30,GaPt30_02.txt,Ga,1,1,1,1.332869942416437e-06,50.369468688964844,1.000001311302185,51.369468688964844,0.019095120951533318,0.9809048771858215,0.03819018974900246
GaPt30_02.txt_win28,GaPt30,GaPt30_02.txt,Ga,1,1,1,3.73838224732026e-06,46.275108337402344,1.000003695487976,47.275108337402344,0.020714683458209038,0.9792852997779846,0.04142921417951584
GaPt30_02.txt_win29,GaPt30,GaPt30_02.txt,Ga,1,1,1,2.2220242499315646e-06,48.253684997558594,1.0000022649765015,49.253684997558594,0.01989908143877983,0.9801008701324463,0.0397980734705925
GaPt30_02.txt_win30,GaPt30,GaPt30_02.txt,Ga,1,1,1,1.4343805787575548e-06,50.078163146972656,1.0000014305114746,51.078163146972656,0.019201934337615967,0.980798065662384,0.03840381279587746
GaPt30_02.txt_win31,GaPt30,GaPt30_02.txt,Ga,1,1,1,1.7633591369303758e-06,49.221656799316406,1.0000017881393433,50.221656799316406,0.019523026421666145,0.9804770350456238,0.03904598578810692
GaPt30_02.txt_win0,GaPt30,GaPt30_02.txt,Ga,1,1,1,1.842738242885389e-06,49.195640563964844,1.0000017881393433,50.195640563964844,0.0195329487323761,0.9804670810699463,0.039065826684236526
GaPt30_02.txt_win1,GaPt30,GaPt30_02.txt,Ga,1,1,1,2.3863904061727226e-06,48.2269172668457,1.000002384185791,49.2269172668457,0.0199096892029047,0.9800902605056763,0.03981928154826164
GaPt30_02.txt_win2,GaPt30,GaPt30_02.txt,Ga,1,1,1,9.43893610383384e-06,42.747093200683594,1.0000094175338745,43.747093200683594,0.022348027676343918,0.9776520133018494,0.04469563439488411
GaPt30_02.txt_win3,GaPt30,GaPt30_02.txt,Ga,1,1,1,2.8022416245221393e-06,47.356300354003906,1.0000028610229492,48.356300354003906,0.020260894671082497,0.9797390699386597,0.04052167385816574
GaPt30_02.txt_win4,GaPt30,GaPt30_02.txt,Ga,1,1,1,1.0202468274655985e-06,51.374507904052734,1.000001072883606,52.374507904052734,0.018735555931925774,0.9812644720077515,0.037471070885658264
GaPt30_02.txt_win5,GaPt30,GaPt30_02.txt,Ga,1,1,1,2.5539632133586565e-06,47.77500915527344,1.0000025033950806,48.77500915527344,0.02009045146405697,0.9799095392227173,0.04018080234527588
GaPt30_02.txt_win6,GaPt30,GaPt30_02.txt,Ga,1,1,1,6.615996426262427e-06,44.290550231933594,1.0000065565109253,45.290550231933594,0.021602818742394447,0.9783971309661865,0.04320535436272621
GaPt30_02.txt_win7,GaPt30,GaPt30_02.txt,Ga,1,1,1,1.743957682265318e-06,49.34305953979492,1.0000017881393433,50.34305953979492,0.019476864486932755,0.9805231690406799,0.03895365819334984
GaPt30_02.txt_win8,GaPt30,GaPt30_02.txt,Ga,1,1,1,1.5341005337177194e-06,49.70927810668945,1.0000015497207642,50.70927810668945,0.01933891884982586,0.9806610941886902,0.03867777809500694
GaPt30_02.txt_win9,GaPt30,GaPt30_02.txt,Ga,1,1,1,1.1287771712886752e-06,51.043914794921875,1.000001072883606,52.043914794921875,0.018852323293685913,0.9811477065086365,0.03770460933446884
GaPt30_02.txt_win10,GaPt30,GaPt30_02.txt,Ga,1,1,1,7.660624760319479e-06,43.658016204833984,1.0000076293945312,44.658016204833984,0.021902121603488922,0.9780978560447693,0.04380391165614128
GaPt30_02.txt_win11,GaPt30,GaPt30_02.txt,Ga,1,1,1,2.4205153749790043e-05,39.379127502441406,1.0000241994857788,40.379127502441406,0.024167345836758614,0.9758327007293701,0.04833352193236351
GaPt30_02.txt_win12,GaPt30,GaPt30_02.txt,Ga,1,1,1,5.036967650084989e-06,45.307159423828125,1.0000050067901611,46.307159423828125,0.02113855443894863,0.9788614511489868,0.04227689653635025
GaPt30_02.txt_win13,GaPt30,GaPt30_02.txt,Ga,1,1,1,1.3424171356746228e-06,50.40303039550781,1.000001311302185,51.40303039550781,0.019082890823483467,0.9809171557426453,0.038165733218193054
GaPt30_02.txt_win14,GaPt30,GaPt30_02.txt,Ga,1,1,1,2.4426490199402906e-06,47.944313049316406,1.000002384185791,48.944313049316406,0.020022345706820488,0.9799776077270508,0.040044594556093216
GaPt30_02.txt_win15,GaPt30,GaPt30_02.txt,Ga,1,1,1,6.067557933420176e-06,44.658966064453125,1.000006079673767,45.658966064453125,0.021432233974337578,0.9785677194595337,0.04286420717835426
GaPt30_02.txt_win16,GaPt30,GaPt30_02.txt,Ga,1,1,1,1.2708477470368962e-06,50.76774978637695,1.000001311302185,51.76774978637695,0.018950993195176125,0.9810490012168884,0.03790193796157837
GaPt30_02.txt_win17,GaPt30,GaPt30_02.txt,Ga,1,1,1,2.2991732748778304e-06,48.209415435791016,1.0000022649765015,49.209415435791016,0.019916627556085587,0.9800833463668823,0.03983316197991371
GaPt30_02.txt_win18,GaPt30,GaPt30_02.txt,Ga,1,1,1,9.875104751699837e-07,51.54442596435547,1.0000009536743164,52.54442596435547,0.018676098436117172,0.9813238978385925,0.03735215961933136
GaPt30_02.txt_win19,GaPt30,GaPt30_02.txt,Ga,1,1,1,4.500832346820971e-06,45.834712982177734,1.000004529953003,46.834712982177734,0.02090541273355484,0.9790946245193481,0.04181063920259476
GaPt30_02.txt_win20,GaPt30,GaPt30_02.txt,Ga,1,1,1,1.2197692740301136e-05,41.871665954589844,1.0000121593475342,42.871665954589844,0.022794026881456375,0.9772059917449951,0.04558749869465828
GaPt30_02.txt_win21,GaPt30,GaPt30_02.txt,Ga,1,1,1,5.578524906013627e-06,44.913429260253906,1.0000056028366089,45.913429260253906,0.02131597511470318,0.9786840677261353,0.042631711810827255
GaPt30_02.txt_win22,GaPt30,GaPt30_02.txt,Ga,1,1,1,1.9667675132950535e-06,49.0181884765625,1.0000019073486328,50.0181884765625,0.019600890576839447,0.9803991317749023,0.039201706647872925
GaPt30_02.txt_win23,GaPt30,GaPt30_02.txt,Ga,1,1,1,3.0496585168293677e-06,47.05492401123047,1.0000030994415283,48.05492401123047,0.0203853752464056,0.9796146154403687,0.040770623832941055
GaPt30_02.txt_win24,GaPt30,GaPt30_02.txt,Ga,1,1,1,1.2945868547831196e-05,41.76203155517578,1.000012993812561,42.76203155517578,0.02285115048289299,0.9771488904953003,0.045701704919338226
GaPt30_02.txt_win25,GaPt30,GaPt30_02.txt,Ga,1,1,1,1.089096485884511e-06,51.215816497802734,1.000001072883606,52.215816497802734,0.018791425973176956,0.9812086224555969,0.03758281096816063
GaPt30_02.txt_win26,GaPt30,GaPt30_02.txt,Ga,1,1,1,1.6193858982660458e-06,49.5596809387207,1.0000016689300537,50.5596809387207,0.01939503289759159,0.9806050062179565,0.03878999873995781
GaPt30_02.txt_win27,GaPt30,GaPt30_02.txt,Ga,1,1,1,9.689987336969352e-07,51.54157257080078,1.0000009536743164,52.54157257080078,0.01867709308862686,0.9813229441642761,0.03735415264964104
GaPt30_02.txt_win28,GaPt30,GaPt30_02.txt,Ga,1,1,1,2.093954435622436e-06,48.533897399902344,1.000002145767212,49.533897399902344,0.01978873834013939,0.9802112579345703,0.03957739099860191
GaPt30_02.txt_win29,GaPt30,GaPt30_02.txt,Ga,1,1,1,0.0008697074372321367,27.598201751708984,1.0008697509765625,28.598201751708984,0.03381422907114029,0.9661857485771179,0.06756968796253204
GaPt30_02.txt_win30,GaPt30,GaPt30_02.txt,Ga,1,1,1,2.2491326490126085e-06,48.357566833496094,1.0000022649765015,49.357566833496094,0.01985803246498108,0.9801419377326965,0.039715975522994995
GaPt30_02.txt_win31,GaPt30,GaPt30_02.txt,Ga,1,1,1,1.8604083606987842e-06,49.14514923095703,1.0000019073486328,50.14514923095703,0.019552234560251236,0.9804478287696838,0.039104390889406204
GaPt30_10.txt_win0,GaPt30,GaPt30_10.txt,Ga,1,1,1,1.7966024188353913e-06,49.460777282714844,1.0000017881393433,50.460777282714844,0.01943231001496315,0.9805677533149719,0.03886454924941063
GaPt30_10.txt_win1,GaPt30,GaPt30_10.txt,Ga,1,1,1,9.890118235489354e-07,51.59282302856445,1.0000009536743164,52.59282302856445,0.018659232184290886,0.981340765953064,0.037318430840969086
GaPt30_10.txt_win2,GaPt30,GaPt30_10.txt,Ga,1,1,1,5.60980379304965e-06,44.76139831542969,1.0000056028366089,45.76139831542969,0.021385278552770615,0.9786147475242615,0.04277031868696213
GaPt30_10.txt_win3,GaPt30,GaPt30_10.txt,Ga,1,1,1,1.2033993925797404e-06,50.65424346923828,1.0000011920928955,51.65424346923828,0.018991844728589058,0.9810081720352173,0.037983644753694534
GaPt30_10.txt_win4,GaPt30,GaPt30_10.txt,Ga,1,1,1,2.775228949758457e-06,47.497283935546875,1.0000027418136597,48.497283935546875,0.020203182473778725,0.9797967672348022,0.040406253188848495
GaPt30_10.txt_win5,GaPt30,GaPt30_10.txt,Ga,1,1,1,1.7945253603102174e-06,49.10943603515625,1.0000017881393433,50.10943603515625,0.019565893337130547,0.9804341197013855,0.03913171589374542
GaPt30_10.txt_win6,GaPt30,GaPt30_10.txt,Ga,1,1,1,8.800438990874682e-07,51.99577331542969,1.0000008344650269,52.99577331542969,0.01851998269557953,0.9814800024032593,0.03703993558883667
GaPt30_10.txt_win7,GaPt30,GaPt30_10.txt,Ga,1,1,1,2.3261700334842317e-05,39.34048080444336,1.0000232458114624,40.34048080444336,0.024189913645386696,0.9758101105690002,0.048378705978393555
GaPt30_10.txt_win8,GaPt30,GaPt30_10.txt,Ga,1,1,1,1.608283128007315e-06,49.566429138183594,1.0000015497207642,50.566429138183594,0.01939249224960804,0.9806075096130371,0.038784924894571304
GaPt30_10.txt_win9,GaPt30,GaPt30_10.txt,Ga,1,1,1,6.337224021990551e-06,44.33345413208008,1.0000063180923462,45.33345413208008,0.02158281020820141,0.978417158126831,0.04316534847021103
GaPt30_10.txt_win10,GaPt30,GaPt30_10.txt,Ga,1,1,1,2.083693516397034e-06,48.557464599609375,1.0000020265579224,49.557464599609375,0.0197795107960701,0.9802204370498657,0.03955894336104393
GaPt30_10.txt_win11,GaPt30,GaPt30_10.txt,Ga,1,1,1,8.441028285233187e-07,52.09033966064453,1.0000008344650269,53.09033966064453,0.018487604334950447,0.9815124273300171,0.036975178867578506
GaPt30_10.txt_win12,GaPt30,GaPt30_10.txt,Ga,1,1,1,2.028441031143302e-06,48.604522705078125,1.0000020265579224,49.604522705078125,0.019761119037866592,0.9802388548851013,0.03952215611934662
GaPt30_10.txt_win13,GaPt30,GaPt30_10.txt,Ga,1,1,1,1.4676693353976589e-06,49.95267105102539,1.0000014305114746,50.95267105102539,0.019248316064476967,0.9807516932487488,0.03849657624959946
GaPt30_10.txt_win14,GaPt30,GaPt30_10.txt,Ga,1,1,1,8.071916454355232e-06,43.44265365600586,1.0000081062316895,44.44265365600586,0.02200593240559101,0.9779940843582153,0.04401150718331337
GaPt30_10.txt_win15,GaPt30,GaPt30_10.txt,Ga,1,1,1,2.3409558707498945e-05,39.53814697265625,1.000023365020752,40.53814697265625,0.02407480590045452,0.9759252071380615,0.04814848676323891
GaPt30_10.txt_win16,GaPt30,GaPt30_10.txt,Ga,1,1,1,1.101369093703397e-06,51.22371292114258,1.000001072883606,52.22371292114258,0.018788637593388557,0.9812113642692566,0.03757723420858383
GaPt30_10.txt_win17,GaPt30,GaPt30_10.txt,Ga,1,1,1,2.5946669666154776e-06,47.871822357177734,1.0000026226043701,48.871822357177734,0.02005145326256752,0.9799485206604004,0.04010280221700668
GaPt30_10.txt_win18,GaPt30,GaPt30_10.txt,Ga,1,1,1,0.00028759942506439984,30.72144317626953,1.000287652015686,31.72144317626953,0.030569523572921753,0.9694305062294006,0.061121463775634766
GaPt30_10.txt_win19,GaPt30,GaPt30_10.txt,Ga,1,1,1,0.0013825561618432403,25.981672286987305,1.00138258934021,26.981672286987305,0.03578532114624977,0.9642146825790405,0.07147182524204254
GaPt30_10.txt_win20,GaPt30,GaPt30_10.txt,Ga,1,1,1,9.24300650240184e-07,51.748008728027344,1.0000009536743164,52.748008728027344,0.01860535889863968,0.9813946485519409,0.03721068054437637
GaPt30_10.txt_win21,GaPt30,GaPt30_10.txt,Ga,1,1,1,1.4664256013929844e-06,50.004085540771484,1.0000014305114746,51.004085540771484,0.019229285418987274,0.9807707667350769,0.03845851868391037
GaPt30_10.txt_win22,GaPt30,GaPt30_10.txt,Ga,1,1,1,1.58844443376438e-06,49.57242965698242,1.0000015497207642,50.57242965698242,0.019390234723687172,0.9806097745895386,0.03878040984272957
GaPt30_10.txt_win23,GaPt30,GaPt30_10.txt,Ga,1,1,1,7.776351367283496e-07,52.40951156616211,1.0000008344650269,53.40951156616211,0.018379155546426773,0.9816208481788635,0.03675827756524086
GaPt30_10.txt_win24,GaPt30,GaPt30_10.txt,Ga,1,1,1,3.417663492655265e-06,46.65335464477539,1.000003457069397,47.65335464477539,0.02055363729596138,0.9794463515281677,0.04110713303089142
GaPt30_10.txt_win25,GaPt30,GaPt30_10.txt,Ga,1,1,1,2.38399093177577e-06,48.0190315246582,1.000002384185791,49.0190315246582,0.019992437213659286,0.980007529258728,0.03998477756977081
GaPt30_10.txt_win26,GaPt30,GaPt30_10.txt,Ga,1,1,1,8.44053715809423e-07,52.12253189086914,1.0000008344650269,53.12253189086914,0.018476609140634537,0.9815233945846558,0.03695318475365639
GaPt30_10.txt_win27,GaPt30,GaPt30_10.txt,Ga,1,1,1,1.6353884575437405e-06,49.54719161987305,1.0000016689300537,50.54719161987305,0.01939973048865795,0.9806002974510193,0.03879939764738083
GaPt30_10.txt_win28,GaPt30,GaPt30_10.txt,Ga,1,1,1,1.9848341253236867e-05,40.232322692871094,1.0000197887420654,41.232322692871094,0.02367900311946869,0.9763210415840149,0.047357071191072464
GaPt30_10.txt_win29,GaPt30,GaPt30_10.txt,Ga,1,1,1,3.21832317240478e-06,46.775489807128906,1.0000032186508179,47.775489807128906,0.020502164959907532,0.9794978499412537,0.04100419953465462
GaPt30_10.txt_win30,GaPt30,GaPt30_10.txt,Ga,1,1,1,1.4241114740798366e-06,49.996421813964844,1.0000014305114746,50.996421813964844,0.019232120364904404,0.9807679057121277,0.03846418485045433
GaPt30_10.txt_win31,GaPt30,GaPt30_10.txt,Ga,1,1,1,8.224654266086873e-06,43.341068267822266,1.000008225440979,44.341068267822266,0.022055238485336304,0.9779447913169861,0.04411011189222336
GaPt30_10.txt_win0,GaPt30,GaPt30_10.txt,Ga,1,1,1,2.2983226699579973e-06,48.246826171875,1.0000022649765015,49.246826171875,0.01990179717540741,0.9800981879234314,0.039803504943847656
GaPt30_10.txt_win1,GaPt30,GaPt30_10.txt,Ga,1,1,1,7.699920843151631e-07,52.54111862182617,1.0000007152557373,53.54111862182617,0.018334804102778435,0.9816651940345764,0.03666958212852478
GaPt30_10.txt_win2,GaPt30,GaPt30_10.txt,Ga,1,1,1,1.766673449310474e-06,49.30415344238281,1.0000017881393433,50.30415344238281,0.019491633400321007,0.9805083870887756,0.03898319974541664
GaPt30_10.txt_win3,GaPt30,GaPt30_10.txt,Ga,1,1,1,8.870336387190036e-06,42.98686981201172,1.0000088214874268,43.98686981201172,0.022228900343179703,0.9777711033821106,0.04445740953087807
GaPt30_10.txt_win4,GaPt30,GaPt30_10.txt,Ga,1,1,1,2.014184019571985e-06,48.69984436035156,1.0000020265579224,49.69984436035156,0.019723964855074883,0.9802759885787964,0.0394478514790535
GaPt30_10.txt_win5,GaPt30,GaPt30_10.txt,Ga,1,1,1,0.017552461475133896,21.997859954833984,1.0175524950027466,22.997859954833984,0.04237080737948418,0.9576291441917419,0.08327984809875488
GaPt30_10.txt_win6,GaPt30,GaPt30_10.txt,Ga,1,1,1,0.0004567537398543209,28.951932907104492,1.0004568099975586,29.951932907104492,0.03232244402170181,0.9676775932312012,0.06461536884307861
GaPt30_10.txt_win7,GaPt30,GaPt30_10.txt,Ga,1,1,1,2.251795876873075e-06,48.78617477416992,1.0000022649765015,49.78617477416992,0.019690440967679024,0.9803095459938049,0.039380792528390884
GaPt30_10.txt_win8,GaPt30,GaPt30_10.txt,Ga,1,1,1,6.49967205390567e-07,53.426456451416016,1.0000005960464478,54.426456451416016,0.018041936680674553,0.9819580912590027,0.036083851009607315
GaPt30_10.txt_win9,GaPt30,GaPt30_10.txt,Ga,1,1,1,3.122592033832916e-06,47.15138626098633,1.0000030994415283,48.15138626098633,0.02034536749124527,0.9796546101570129,0.04069060832262039
GaPt30_10.txt_win10,GaPt30,GaPt30_10.txt,Ga,1,1,1,1.7552268900544732e-06,49.196571350097656,1.0000017881393433,50.196571350097656,0.019532592967152596,0.9804674386978149,0.03906511515378952
GaPt30_10.txt_win11,GaPt30,GaPt30_10.txt,Ga,1,1,1,1.378826709697023e-06,50.22093963623047,1.0000014305114746,51.22093963623047,0.019149433821439743,0.9808505773544312,0.03829881176352501
GaPt30_10.txt_win12,GaPt30,GaPt30_10.txt,Ga,1,1,1,1.528367420178256e-06,49.681358337402344,1.0000015497207642,50.681358337402344,0.019349366426467896,0.9806506633758545,0.038698673248291016
GaPt30_10.txt_win13,GaPt30,GaPt30_10.txt,Ga,1,1,1,7.553237537649693e-07,52.483360290527344,1.0000007152557373,53.483360290527344,0.01835424080491066,0.9816457629203796,0.03670845553278923
GaPt30_10.txt_win14,GaPt30,GaPt30_10.txt,Ga,1,1,1,8.636459824629128e-06,43.22180938720703,1.0000085830688477,44.22180938720703,0.022113410755991936,0.9778866171836853,0.04422644153237343
GaPt30_10.txt_win15,GaPt30,GaPt30_10.txt,Ga,1,1,1,2.801908522087615e-05,38.6987190246582,1.0000280141830444,39.6987190246582,0.02457147091627121,0.975428581237793,0.04914156347513199
GaPt33_01.txt_win16,GaPt33,GaPt33_01.txt,Ga,1,1,1,7.057709012769919e-07,54.4338493347168,1.0000007152557373,55.4338493347168,0.017719874158501625,0.9822801351547241,0.03543972223997116
GaPt33_01.txt_win17,GaPt33,GaPt33_01.txt,Ga,1,1,1,6.611174967474653e-07,54.738590240478516,1.0000007152557373,55.738590240478516,0.01762470230460167,0.9823753237724304,0.03524937853217125
GaPt33_01.txt_win18,GaPt33,GaPt33_01.txt,Ga,1,1,1,6.142906840977957e-07,55.053199768066406,1.0000005960464478,56.053199768066406,0.017527511343359947,0.9824724793434143,0.035055000334978104
GaPt33_01.txt_win19,GaPt33,GaPt33_01.txt,Ga,1,1,1,5.910889626647986e-07,55.21870040893555,1.0000005960464478,56.21870040893555,0.01747681386768818,0.9825232028961182,0.034953609108924866
GaPt33_01.txt_win20,GaPt33,GaPt33_01.txt,Ga,1,1,1,5.92870151194802e-07,55.19115447998047,1.0000005960464478,56.19115447998047,0.017485231161117554,0.9825147986412048,0.034970443695783615
GaPt33_01.txt_win21,GaPt33,GaPt33_01.txt,Ga,1,1,1,6.665467822131177e-07,54.7744255065918,1.0000007152557373,55.7744255065918,0.017613576725125313,0.9823864102363586,0.035227127373218536
GaPt33_01.txt_win22,GaPt33,GaPt33_01.txt,Ga,1,1,1,6.850999625385157e-07,54.657657623291016,1.0000007152557373,55.657657623291016,0.017649877816438675,0.9823501110076904,0.03529972955584526
GaPt33_01.txt_win23,GaPt33,GaPt33_01.txt,Ga,1,1,1,6.936617182873306e-07,54.64921951293945,1.0000007152557373,55.64921951293945,0.01765250600874424,0.9823474884033203,0.03530498594045639
GaPt33_01.txt_win24,GaPt33,GaPt33_01.txt,Ga,1,1,1,7.603068752359832e-07,54.323143005371094,1.0000007152557373,55.323143005371094,0.017754703760147095,0.9822453260421753,0.0355093814432621
GaPt33_01.txt_win25,GaPt33,GaPt33_01.txt,Ga,1,1,1,7.171552738327591e-07,54.50811767578125,1.0000007152557373,55.50811767578125,0.01769658550620079,0.9823034405708313,0.03539314493536949
GaPt33_01.txt_win26,GaPt33,GaPt33_01.txt,Ga,1,1,1,7.06094738234242e-07,54.54377746582031,1.0000007152557373,55.54377746582031,0.0176854245364666,0.9823145866394043,0.03537082299590111
GaPt33_01.txt_win27,GaPt33,GaPt33_01.txt,Ga,1,1,1,7.104657129275438e-07,54.42003631591797,1.0000007152557373,55.42003631591797,0.017724212259054184,0.9822757840156555,0.03544839844107628
GaPt33_01.txt_win28,GaPt33,GaPt33_01.txt,Ga,1,1,1,8.522125085619336e-07,53.65140914916992,1.0000008344650269,54.65140914916992,0.01796901226043701,0.982030987739563,0.035937994718551636
GaPt33_01.txt_win29,GaPt33,GaPt33_01.txt,Ga,1,1,1,8.504815127707843e-07,53.646705627441406,1.0000008344650269,54.646705627441406,0.017970530316233635,0.9820294976234436,0.03594103083014488
GaPt33_01.txt_win30,GaPt33,GaPt33_01.txt,Ga,1,1,1,7.073739993757044e-07,54.46504211425781,1.0000007152557373,55.46504211425781,0.017710085958242416,0.9822899103164673,0.035420145839452744
GaPt33_01.txt_win31,GaPt33,GaPt33_01.txt,Ga,1,1,1,6.829179142187058e-07,54.6802864074707,1.0000007152557373,55.6802864074707,0.017642831429839134,0.9823572039604187,0.03528563678264618
GaPt33_01.txt_win0,GaPt33,GaPt33_01.txt,Ga,1,1,1,6.855032097519143e-07,54.66312789916992,1.0000007152557373,55.66312789916992,0.01764817349612713,0.9823518395423889,0.03529632091522217
GaPt33_01.txt_win1,GaPt33,GaPt33_01.txt,Ga,1,1,1,7.425131229865656e-07,54.36923599243164,1.0000007152557373,55.36923599243164,0.01774018630385399,0.9822598099708557,0.03548034653067589
GaPt33_01.txt_win2,GaPt33,GaPt33_01.txt,Ga,1,1,1,7.734503810752358e-07,54.20027542114258,1.0000007152557373,55.20027542114258,0.01779351942241192,0.9822064638137817,0.03558701276779175
GaPt33_01.txt_win3,GaPt33,GaPt33_01.txt,Ga,1,1,1,7.990898325260787e-07,54.025203704833984,1.0000008344650269,55.025203704833984,0.01784912496805191,0.9821509122848511,0.03569822013378143
GaPt33_01.txt_win4,GaPt33,GaPt33_01.txt,Ga,1,1,1,7.873075560382858e-07,54.01442337036133,1.0000008344650269,55.01442337036133,0.017852559685707092,0.9821474552154541,0.0357050895690918
GaPt33_01.txt_win5,GaPt33,GaPt33_01.txt,Ga,1,1,1,7.117012614799023e-07,54.45347213745117,1.0000007152557373,55.45347213745117,0.01771371439099312,0.982286274433136,0.035427406430244446
GaPt33_01.txt_win6,GaPt33,GaPt33_01.txt,Ga,1,1,1,6.869999538139382e-07,54.61119842529297,1.0000007152557373,55.61119842529297,0.017664361745119095,0.98233562707901,0.0353286974132061
GaPt33_01.txt_win7,GaPt33,GaPt33_01.txt,Ga,1,1,1,6.883299192850245e-07,54.589778900146484,1.0000007152557373,55.589778900146484,0.017671048641204834,0.9823289513587952,0.03534207120537758
GaPt33_01.txt_win8,GaPt33,GaPt33_01.txt,Ga,1,1,1,6.74199327477254e-07,54.74797439575195,1.0000007152557373,55.74797439575195,0.017621787264943123,0.9823782444000244,0.035243548452854156
GaPt33_01.txt_win9,GaPt33,GaPt33_01.txt,Ga,1,1,1,7.245031952152203e-07,54.4251708984375,1.0000007152557373,55.4251708984375,0.01772259920835495,0.9822773933410645,0.03544517233967781
GaPt33_01.txt_win10,GaPt33,GaPt33_01.txt,Ga,1,1,1,7.94822938132711e-07,53.92851257324219,1.0000008344650269,54.92851257324219,0.01787998341023922,0.9821200370788574,0.03575993701815605
GaPt33_01.txt_win11,GaPt33,GaPt33_01.txt,Ga,1,1,1,7.80552852575056e-07,54.0349006652832,1.0000008344650269,55.0349006652832,0.017846034839749336,0.9821539521217346,0.035692039877176285
GaPt33_01.txt_win12,GaPt33,GaPt33_01.txt,Ga,1,1,1,6.865186037430249e-07,54.644569396972656,1.0000007152557373,55.644569396972656,0.01765395514667034,0.9823460578918457,0.035307884216308594
GaPt33_01.txt_win13,GaPt33,GaPt33_01.txt,Ga,1,1,1,7.022735530881619e-07,54.59292221069336,1.0000007152557373,55.59292221069336,0.01767006702721119,0.9823299646377563,0.03534010797739029
GaPt33_01.txt_win14,GaPt33,GaPt33_01.txt,Ga,1,1,1,7.414064384647645e-07,54.37957000732422,1.0000007152557373,55.37957000732422,0.01773693412542343,0.9822630882263184,0.035473842173814774
GaPt33_01.txt_win15,GaPt33,GaPt33_01.txt,Ga,1,1,1,7.125182719391887e-07,54.564422607421875,1.0000007152557373,55.564422607421875,0.017678970471024513,0.98232102394104,0.03535791486501694
GaPt33_01.txt_win16,GaPt33,GaPt33_01.txt,Ga,1,1,1,6.329754569378565e-07,55.023433685302734,1.0000005960464478,56.023433685302734,0.01753666065633297,0.9824633598327637,0.03507329896092415
GaPt33_01.txt_win17,GaPt33,GaPt33_01.txt,Ga,1,1,1,7.020419161563041e-07,54.60344696044922,1.0000007152557373,55.60344696044922,0.017666781321167946,0.982333242893219,0.0353335365653038
GaPt33_01.txt_win18,GaPt33,GaPt33_01.txt,Ga,1,1,1,7.279335250132135e-07,54.48893737792969,1.0000007152557373,55.48893737792969,0.01770259439945221,0.982297420501709,0.03540516272187233
GaPt33_01.txt_win19,GaPt33,GaPt33_01.txt,Ga,1,1,1,7.706003088969737e-07,54.2362060546875,1.0000007152557373,55.2362060546875,0.017782151699066162,0.9822178483009338,0.035564277321100235
GaPt33_01.txt_win20,GaPt33,GaPt33_01.txt,Ga,1,1,1,7.854080195102142e-07,54.1552619934082,1.0000008344650269,55.1552619934082,0.01780778542160988,0.9821922183036804,0.03561554104089737
GaPt33_01.txt_win21,GaPt33,GaPt33_01.txt,Ga,1,1,1,7.487885795853799e-07,54.3596076965332,1.0000007152557373,55.3596076965332,0.017743216827511787,0.9822567701339722,0.035486407577991486
GaPt33_01.txt_win22,GaPt33,GaPt33_01.txt,Ga,1,1,1,6.59384056689305e-07,54.88251495361328,1.0000007152557373,55.88251495361328,0.017580106854438782,0.9824199080467224,0.035160187631845474
GaPt33_01.txt_win23,GaPt33,GaPt33_01.txt,Ga,1,1,1,7.037351679173298e-07,54.52643966674805,1.0000007152557373,55.52643966674805,0.01769084855914116,0.9823091626167297,0.03538167476654053
GaPt33_01.txt_win24,GaPt33,GaPt33_01.txt,Ga,1,1,1,8.730812623980455e-07,53.56825637817383,1.0000008344650269,54.56825637817383,0.01799590140581131,0.9820041060447693,0.03599177300930023
GaPt33_01.txt_win25,GaPt33,GaPt33_01.txt,Ga,1,1,1,8.175842367563746e-07,53.84942626953125,1.0000008344650269,54.84942626953125,0.017905302345752716,0.9820947051048279,0.035810574889183044
GaPt33_01.txt_win26,GaPt33,GaPt33_01.txt,Ga,1,1,1,7.627186846548284e-07,54.17552185058594,1.0000007152557373,55.17552185058594,0.01780136115849018,0.9821986556053162,0.03560269623994827
GaPt33_01.txt_win27,GaPt33,GaPt33_01.txt,Ga,1,1,1,8.399920830015617e-07,53.76383590698242,1.0000008344650269,54.76383590698242,0.01793278381228447,0.9820672273635864,0.03586553782224655
GaPt33_01.txt_win28,GaPt33,GaPt33_01.txt,Ga,1,1,1,7.660756864424911e-07,54.19657516479492,1.0000007152557373,55.19657516479492,0.017794691026210785,0.982205331325531,0.03558935597538948
GaPt33_01.txt_win29,GaPt33,GaPt33_01.txt,Ga,1,1,1,7.479342798433208e-07,54.30924987792969,1.0000007152557373,55.30924987792969,0.017759084701538086,0.9822409152984619,0.03551814332604408
GaPt33_01.txt_win30,GaPt33,GaPt33_01.txt,Ga,1,1,1,7.129478376555198e-07,54.51576232910156,1.0000007152557373,55.51576232910156,0.01769419200718403,0.9823058247566223,0.03538835793733597
GaPt33_01.txt_win31,GaPt33,GaPt33_01.txt,Ga,1,1,1,8.081885312094528e-07,54.038299560546875,1.0000008344650269,55.038299560546875,0.017844952642917633,0.9821550846099854,0.03568987548351288
GaPt33_02.txt_win0,GaPt33,GaPt33_02.txt,Ga,1,1,1,2.0827437765547074e-06,50.0727653503418,1.0000020265579224,51.0727653503418,0.01920393481850624,0.9807960391044617,0.038407791405916214
GaPt33_02.txt_win1,GaPt33,GaPt33_02.txt,Ga,1,1,1,6.876416591694579e-07,54.61640930175781,1.0000007152557373,55.61640930175781,0.017662735655903816,0.9823372960090637,0.03532544896006584
GaPt33_02.txt_win2,GaPt33,GaPt33_02.txt,Ga,1,1,1,6.711534297210164e-07,54.692100524902344,1.0000007152557373,55.692100524902344,0.017639154568314552,0.98236083984375,0.035278283059597015
GaPt33_02.txt_win3,GaPt33,GaPt33_02.txt,Ga,1,1,1,6.591307055714424e-07,54.86566925048828,1.0000007152557373,55.86566925048828,0.01758531481027603,0.982414722442627,0.035170603543519974
GaPt33_02.txt_win4,GaPt33,GaPt33_02.txt,Ga,1,1,1,6.143387167867331e-07,55.19010925292969,1.0000005960464478,56.19010925292969,0.01748555153608322,0.9825144410133362,0.03497108072042465
GaPt33_02.txt_win5,GaPt33,GaPt33_02.txt,Ga,1,1,1,5.519673322851304e-07,55.597591400146484,1.0000005960464478,56.597591400146484,0.017361847683787346,0.9826381802558899,0.0347236730158329
GaPt33_02.txt_win6,GaPt33,GaPt33_02.txt,Ga,1,1,1,5.878806064174569e-07,55.375282287597656,1.0000005960464478,56.375282287597656,0.01742911897599697,0.9825708866119385,0.03485821560025215
GaPt33_02.txt_win7,GaPt33,GaPt33_02.txt,Ga,1,1,1,5.889878025300277e-07,55.2866325378418,1.0000005960464478,56.2866325378418,0.017456090077757835,0.9825439453125,0.03491215780377388
GaPt33_02.txt_win8,GaPt33,GaPt33_02.txt,Ga,1,1,1,6.101302005845355e-07,55.0416259765625,1.0000005960464478,56.0416259765625,0.01753106713294983,0.9824689626693726,0.035062115639448166
GaPt33_02.txt_win9,GaPt33,GaPt33_02.txt,Ga,1,1,1,8.530508353032928e-07,53.83586502075195,1.0000008344650269,54.83586502075195,0.01790964975953102,0.9820903539657593,0.035819269716739655
GaPt33_02.txt_win10,GaPt33,GaPt33_02.txt,Ga,1,1,1,8.141831813190947e-07,54.03514862060547,1.0000008344650269,55.03514862060547,0.01784595660865307,0.9821540713310242,0.03569188341498375
GaPt33_02.txt_win11,GaPt33,GaPt33_02.txt,Ga,1,1,1,7.286079153345781e-07,54.35283660888672,1.0000007152557373,55.35283660888672,0.017745347693562508,0.982254683971405,0.035490673035383224
GaPt33_02.txt_win12,GaPt33,GaPt33_02.txt,Ga,1,1,1,7.326821105380077e-07,54.3576545715332,1.0000007152557373,55.3576545715332,0.017743831500411034,0.9822561740875244,0.03548763692378998
GaPt33_02.txt_win13,GaPt33,GaPt33_02.txt,Ga,1,1,1,7.021262717898935e-07,54.62956619262695,1.0000007152557373,55.62956619262695,0.01765863224864006,0.9823414087295532,0.03531724214553833
GaPt33_02.txt_win14,GaPt33,GaPt33_02.txt,Ga,1,1,1,7.218624205052038e-07,54.5459098815918,1.0000007152557373,55.5459098815918,0.017684757709503174,0.9823152422904968,0.03536948934197426
GaPt33_02.txt_win15,GaPt33,GaPt33_02.txt,Ga,1,1,1,6.283486300162622e-07,55.09281539916992,1.0000005960464478,56.09281539916992,0.01751534827053547,0.9824846386909485,0.035030677914619446
GaPt33_02.txt_win16,GaPt33,GaPt33_02.txt,Ga,1,1,1,6.516075359286333e-07,54.948814392089844,1.0000005960464478,55.948814392089844,0.017559638246893883,0.9824403524398804,0.03511925786733627
GaPt33_02.txt_win17,GaPt33,GaPt33_02.txt,Ga,1,1,1,7.618725135216664e-07,54.311187744140625,1.0000007152557373,55.311187744140625,0.017758473753929138,0.9822415113449097,0.03551692143082619
GaPt33_02.txt_win18,GaPt33,GaPt33_02.txt,Ga,1,1,1,7.616087600581523e-07,54.254066467285156,1.0000007152557373,55.254066467285156,0.017776506021618843,0.9822235107421875,0.0355529859662056
GaPt33_02.txt_win19,GaPt33,GaPt33_02.txt,Ga,1,1,1,6.770065965611138e-07,54.75289535522461,1.0000007152557373,55.75289535522461,0.017620259895920753,0.9823797345161438,0.03524049371480942
GaPt33_02.txt_win20,GaPt33,GaPt33_02.txt,Ga,1,1,1,7.466279612344806e-07,54.244789123535156,1.0000007152557373,55.244789123535156,0.017779437825083733,0.9822205901145935,0.035558849573135376
GaPt33_02.txt_win21,GaPt33,GaPt33_02.txt,Ga,1,1,1,1.1776849078160012e-06,52.274253845214844,1.0000011920928955,53.274253845214844,0.01842496357858181,0.981575071811676,0.03684988617897034
GaPt33_02.txt_win22,GaPt33,GaPt33_02.txt,Ga,1,1,1,1.5458613233931828e-06,51.03916549682617,1.0000015497207642,52.03916549682617,0.01885402202606201,0.9811460375785828,0.03770798444747925
GaPt33_02.txt_win23,GaPt33,GaPt33_02.txt,Ga,1,1,1,7.53043082113436e-07,54.27693176269531,1.0000007152557373,55.27693176269531,0.017769282683730125,0.9822307229042053,0.03553853929042816
GaPt33_02.txt_win24,GaPt33,GaPt33_02.txt,Ga,1,1,1,6.213883239070128e-07,55.14255142211914,1.0000005960464478,56.14255142211914,0.017500104382634163,0.982499897480011,0.035000186413526535
GaPt33_02.txt_win25,GaPt33,GaPt33_02.txt,Ga,1,1,1,6.006922035339812e-07,55.213069915771484,1.0000005960464478,56.213069915771484,0.01747853495180607,0.9825214743614197,0.034957047551870346
GaPt33_02.txt_win26,GaPt33,GaPt33_02.txt,Ga,1,1,1,5.719264208892127e-07,55.42387771606445,1.0000005960464478,56.42387771606445,0.01741436868906021,0.9825856685638428,0.03482871875166893
GaPt33_02.txt_win27,GaPt33,GaPt33_02.txt,Ga,1,1,1,6.189580972204567e-07,55.11415100097656,1.0000005960464478,56.11415100097656,0.01750880666077137,0.9824911952018738,0.03501759096980095
GaPt33_02.txt_win28,GaPt33,GaPt33_02.txt,Ga,1,1,1,6.743427434230398e-07,54.77556228637695,1.0000007152557373,55.77556228637695,0.017613224685192108,0.9823867678642273,0.03522642329335213
GaPt33_02.txt_win29,GaPt33,GaPt33_02.txt,Ga,1,1,1,7.197630225164175e-07,54.421085357666016,1.0000007152557373,55.421085357666016,0.01772388257086277,0.9822761416435242,0.03544773906469345
GaPt33_02.txt_win30,GaPt33,GaPt33_02.txt,Ga,1,1,1,6.371106451297237e-07,54.919761657714844,1.0000005960464478,55.919761657714844,0.017568601295351982,0.9824314117431641,0.03513718023896217
GaPt33_02.txt_win31,GaPt33,GaPt33_02.txt,Ga,1,1,1,8.676196898704802e-07,53.54493713378906,1.0000008344650269,54.54493713378906,0.01800345629453659,0.9819965362548828,0.03600688278675079
GaPt33_02.txt_win0,GaPt33,GaPt33_02.txt,Ga,1,1,1,7.569124136352912e-07,54.18611526489258,1.0000007152557373,55.18611526489258,0.017798004671931267,0.9822019934654236,0.035595983266830444
GaPt33_02.txt_win1,GaPt33,GaPt33_02.txt,Ga,1,1,1,1.0562358738752664e-06,52.922420501708984,1.000001072883606,53.922420501708984,0.018207520246505737,0.9817925095558167,0.03641499951481819
GaPt33_02.txt_win2,GaPt33,GaPt33_02.txt,Ga,1,1,1,9.281562824980938e-07,53.451656341552734,1.0000009536743164,54.451656341552734,0.018033742904663086,0.9819662570953369,0.036067452281713486
GaPt33_02.txt_win3,GaPt33,GaPt33_02.txt,Ga,1,1,1,7.715717060818861e-07,54.0639533996582,1.0000007152557373,55.0639533996582,0.017836784943938255,0.9821632504463196,0.03567354381084442
GaPt33_02.txt_win4,GaPt33,GaPt33_02.txt,Ga,1,1,1,7.829528385627782e-07,54.03162384033203,1.0000008344650269,55.03162384033203,0.017847079783678055,0.9821529388427734,0.03569412976503372
GaPt33_02.txt_win5,GaPt33,GaPt33_02.txt,Ga,1,1,1,7.26843779830233e-07,54.384178161621094,1.0000007152557373,55.384178161621094,0.01773548498749733,0.982264518737793,0.03547094389796257
GaPt33_02.txt_win6,GaPt33,GaPt33_02.txt,Ga,1,1,1,6.594834189854737e-07,54.7873649597168,1.0000007152557373,55.7873649597168,0.01760956272482872,0.9823904633522034,0.03521910309791565
GaPt33_02.txt_win7,GaPt33,GaPt33_02.txt,Ga,1,1,1,6.635259524045978e-07,54.79068374633789,1.0000007152557373,55.79068374633789,0.017608534544706345,0.9823914766311646,0.0352170430123806
GaPt33_02.txt_win8,GaPt33,GaPt33_02.txt,Ga,1,1,1,6.958256335565238e-07,54.62175369262695,1.0000007152557373,55.62175369262695,0.017661068588495255,0.9823389649391174,0.03532211482524872
GaPt33_02.txt_win9,GaPt33,GaPt33_02.txt,Ga,1,1,1,6.716580287502438e-07,54.74557876586914,1.0000007152557373,55.74557876586914,0.017622530460357666,0.9823774695396423,0.03524503484368324
GaPt33_02.txt_win10,GaPt33,GaPt33_02.txt,Ga,1,1,1,6.437526280933525e-07,54.936729431152344,1.0000005960464478,55.936729431152344,0.017563365399837494,0.9824366569519043,0.0351267084479332
GaPt33_02.txt_win11,GaPt33,GaPt33_02.txt,Ga,1,1,1,6.62163074593991e-07,54.850318908691406,1.0000007152557373,55.850318908691406,0.01759006269276142,0.9824099540710449,0.03518010303378105
GaPt33_02.txt_win12,GaPt33,GaPt33_02.txt,Ga,1,1,1,6.178581770655001e-07,55.08586120605469,1.0000005960464478,56.08586120605469,0.017517482861876488,0.9824825525283813,0.035034943372011185
GaPt33_02.txt_win13,GaPt33,GaPt33_02.txt,Ga,1,1,1,6.76187710269005e-07,54.752708435058594,1.0000007152557373,55.752708435058594,0.01762031763792038,0.982379674911499,0.03524060919880867
GaPt33_02.txt_win14,GaPt33,GaPt33_02.txt,Ga,1,1,1,7.871169032114267e-07,54.117008209228516,1.0000008344650269,55.117008209228516,0.017819924280047417,0.982180118560791,0.035639818757772446
GaPt33_02.txt_win15,GaPt33,GaPt33_02.txt,Ga,1,1,1,6.899999220877362e-07,54.60984420776367,1.0000007152557373,55.60984420776367,0.01766478456556797,0.9823352098464966,0.03532954305410385
GaPt33_10.txt_win16,GaPt33,GaPt33_10.txt,Ga,1,1,1,8.062470442382619e-07,54.07703399658203,1.0000008344650269,55.07703399658203,0.017832627519965172,0.9821673631668091,0.035665225237607956
GaPt33_10.txt_win17,GaPt33,GaPt33_10.txt,Ga,1,1,1,7.407110160784214e-07,54.43070602416992,1.0000007152557373,55.43070602416992,0.017720861360430717,0.9822791218757629,0.035441696643829346
GaPt33_10.txt_win18,GaPt33,GaPt33_10.txt,Ga,1,1,1,6.654847766185412e-07,54.91029357910156,1.0000007152557373,55.91029357910156,0.017571525648236275,0.9824284911155701,0.03514302894473076
GaPt33_10.txt_win19,GaPt33,GaPt33_10.txt,Ga,1,1,1,6.26401117642672e-07,55.144161224365234,1.0000005960464478,56.144161224365234,0.017499610781669617,0.9825003743171692,0.03499920293688774
GaPt33_10.txt_win20,GaPt33,GaPt33_10.txt,Ga,1,1,1,6.529629672513693e-07,54.96403503417969,1.0000005960464478,55.96403503417969,0.01755494624376297,0.9824450612068176,0.03510987386107445
GaPt33_10.txt_win21,GaPt33,GaPt33_10.txt,Ga,1,1,1,9.3025118985679e-07,53.3915901184082,1.0000009536743164,54.3915901184082,0.018053298816084862,0.9819467067718506,0.03610656410455704
GaPt33_10.txt_win22,GaPt33,GaPt33_10.txt,Ga,1,1,1,8.180077202268876e-07,54.033966064453125,1.0000008344650269,55.033966064453125,0.017846332862973213,0.9821536540985107,0.03569263592362404
GaPt33_10.txt_win23,GaPt33,GaPt33_10.txt,Ga,1,1,1,6.841656272627006e-07,54.82583236694336,1.0000007152557373,55.82583236694336,0.01759764365851879,0.9824023842811584,0.03519526124000549
GaPt33_10.txt_win24,GaPt33,GaPt33_10.txt,Ga,1,1,1,6.162458134895132e-07,55.227230072021484,1.0000005960464478,56.227230072021484,0.017474209889769554,0.9825258255004883,0.03494839742779732
GaPt33_10.txt_win25,GaPt33,GaPt33_10.txt,Ga,1,1,1,6.423513809750148e-07,55.054656982421875,1.0000005960464478,56.054656982421875,0.017527064308524132,0.9824729561805725,0.03505410626530647
GaPt33_10.txt_win26,GaPt33,GaPt33_10.txt,Ga,1,1,1,1.0250166724290466e-06,53.10797119140625,1.000001072883606,54.10797119140625,0.0181462150067091,0.9818537831306458,0.036292389035224915
GaPt33_10.txt_win27,GaPt33,GaPt33_10.txt,Ga,1,1,1,1.091215153792291e-06,52.72304916381836,1.000001072883606,53.72304916381836,0.0182738546282053,0.9817261695861816,0.036547672003507614
GaPt33_10.txt_win28,GaPt33,GaPt33_10.txt,Ga,1,1,1,6.588774112969986e-07,54.86415481567383,1.0000007152557373,55.86415481567383,0.017585784196853638,0.9824142456054688,0.035171542316675186
GaPt33_10.txt_win29,GaPt33,GaPt33_10.txt,Ga,1,1,1,7.762761811136443e-07,54.146759033203125,1.0000008344650269,55.146759033203125,0.017810482531785965,0.9821895360946655,0.03562093526124954
GaPt33_10.txt_win30,GaPt33,GaPt33_10.txt,Ga,1,1,1,7.331734650506405e-07,54.42972183227539,1.0000007152557373,55.42972183227539,0.01772117055952549,0.9822788238525391,0.03544231504201889
GaPt33_10.txt_win31,GaPt33,GaPt33_10.txt,Ga,1,1,1,6.961661256355001e-07,54.67093276977539,1.0000007152557373,55.67093276977539,0.017645742744207382,0.9823542833328247,0.035291459411382675
GaPt33_10.txt_win0,GaPt33,GaPt33_10.txt,Ga,1,1,1,7.008605393821199e-07,54.70697784423828,1.0000007152557373,55.70697784423828,0.017634525895118713,0.9823654890060425,0.035269029438495636
GaPt33_10.txt_win1,GaPt33,GaPt33_10.txt,Ga,1,1,1,7.608377927681431e-07,54.372779846191406,1.0000007152557373,55.372779846191406,0.0177390705794096,0.9822609424591064,0.03547811508178711
GaPt33_10.txt_win2,GaPt33,GaPt33_10.txt,Ga,1,1,1,7.173755420808448e-07,54.59981918334961,1.0000007152557373,55.59981918334961,0.01766791380941868,0.9823321104049683,0.03533580154180527
GaPt33_10.txt_win3,GaPt33,GaPt33_10.txt,Ga,1,1,1,6.600315032301296e-07,54.93579864501953,1.0000007152557373,55.93579864501953,0.017563654109835625,0.9824363589286804,0.03512728586792946
GaPt33_10.txt_win4,GaPt33,GaPt33_10.txt,Ga,1,1,1,8.714583259461506e-07,53.6612434387207,1.0000008344650269,54.6612434387207,0.017965836450457573,0.9820342063903809,0.03593164309859276
GaPt33_10.txt_win5,GaPt33,GaPt33_10.txt,Ga,1,1,1,9.490738648310071e-07,53.23183822631836,1.0000009536743164,54.23183822631836,0.018105516210198402,0.9818944931030273,0.03621099889278412
GaPt33_10.txt_win6,GaPt33,GaPt33_10.txt,Ga,1,1,1,9.589059573045233e-07,53.20966339111328,1.0000009536743164,54.20966339111328,0.018112787976861,0.9818872213363647,0.036225542426109314
GaPt33_10.txt_win7,GaPt33,GaPt33_10.txt,Ga,1,1,1,8.606510846220772e-07,53.619503021240234,1.0000008344650269,54.619503021240234,0.017979320138692856,0.9820206761360168,0.035958610475063324
GaPt33_10.txt_win8,GaPt33,GaPt33_10.txt,Ga,1,1,1,6.088438908591343e-07,55.20613098144531,1.0000005960464478,56.20613098144531,0.017480654641985893,0.9825193285942078,0.034961286932229996
GaPt33_10.txt_win9,GaPt33,GaPt33_10.txt,Ga,1,1,1,7.184381161096098e-07,54.4549446105957,1.0000007152557373,55.4549446105957,0.01771325245499611,0.9822867512702942,0.03542647883296013
GaPt33_10.txt_win10,GaPt33,GaPt33_10.txt,Ga,1,1,1,7.674921107536647e-07,54.184452056884766,1.0000007152557373,55.184452056884766,0.0177985318005085,0.9822014570236206,0.03559703752398491
GaPt33_10.txt_win11,GaPt33,GaPt33_10.txt,Ga,1,1,1,8.564247195863572e-07,53.774932861328125,1.0000008344650269,54.774932861328125,0.017929216846823692,0.982070803642273,0.035858403891325
GaPt33_10.txt_win12,GaPt33,GaPt33_10.txt,Ga,1,1,1,8.33242211228935e-07,53.886749267578125,1.0000008344650269,54.886749267578125,0.017893344163894653,0.9821066856384277,0.03578665852546692
GaPt33_10.txt_win13,GaPt33,GaPt33_10.txt,Ga,1,1,1,7.854708883314743e-07,54.12255096435547,1.0000008344650269,55.12255096435547,0.017818164080381393,0.9821818470954895,0.0356362983584404
GaPt33_10.txt_win14,GaPt33,GaPt33_10.txt,Ga,1,1,1,8.115218861348694e-07,54.02541732788086,1.0000008344650269,55.02541732788086,0.01784905605018139,0.9821509718894958,0.03569808229804039
GaPt33_10.txt_win15,GaPt33,GaPt33_10.txt,Ga,1,1,1,7.55292830945109e-07,54.29776382446289,1.0000007152557373,55.29776382446289,0.01776270754635334,0.9822372794151306,0.03552538901567459
GaPt33_10.txt_win16,GaPt33,GaPt33_10.txt,Ga,1,1,1,6.883896048748284e-07,54.7047004699707,1.0000007152557373,55.7047004699707,0.01763523556292057,0.9823647737503052,0.03527044504880905
GaPt33_10.txt_win17,GaPt33,GaPt33_10.txt,Ga,1,1,1,6.370449909809395e-07,55.01653289794922,1.0000005960464478,56.01653289794922,0.017538782209157944,0.9824612140655518,0.035077545791864395
GaPt33_10.txt_win18,GaPt33,GaPt33_10.txt,Ga,1,1,1,6.704701718263095e-07,54.8128662109375,1.0000007152557373,55.8128662109375,0.017601659521460533,0.9823983311653137,0.03520329296588898
GaPt33_10.txt_win19,GaPt33,GaPt33_10.txt,Ga,1,1,1,7.17493890078913e-07,54.56264877319336,1.0000007152557373,55.56264877319336,0.017679523676633835,0.9823204874992371,0.03535902127623558
GaPt33_10.txt_win20,GaPt33,GaPt33_10.txt,Ga,1,1,1,6.559714051945775e-07,54.98290252685547,1.0000007152557373,55.98290252685547,0.01754913665354252,0.9824509024620056,0.03509824723005295
GaPt33_10.txt_win21,GaPt33,GaPt33_10.txt,Ga,1,1,1,5.783536494163855e-07,55.42236328125,1.0000005960464478,56.42236328125,0.01741482876241207,0.9825851917266846,0.03482963517308235
GaPt33_10.txt_win22,GaPt33,GaPt33_10.txt,Ga,1,1,1,7.40573966595548e-07,54.28215026855469,1.0000007152557373,55.28215026855469,0.017767636105418205,0.982232391834259,0.03553524613380432
GaPt33_10.txt_win23,GaPt33,GaPt33_10.txt,Ga,1,1,1,7.634457119820581e-07,54.24763488769531,1.0000007152557373,55.24763488769531,0.017778538167476654,0.9822214841842651,0.03555705025792122
GaPt33_10.txt_win24,GaPt33,GaPt33_10.txt,Ga,1,1,1,7.458208983734949e-07,54.43157958984375,1.0000007152557373,55.43157958984375,0.01772058755159378,0.9822794198989868,0.03544114902615547
GaPt33_10.txt_win25,GaPt33,GaPt33_10.txt,Ga,1,1,1,7.503741130676644e-07,54.37464141845703,1.0000007152557373,55.37464141845703,0.01773848384618759,0.9822615385055542,0.03547694534063339
GaPt33_10.txt_win26,GaPt33,GaPt33_10.txt,Ga,1,1,1,7.825250349924318e-07,54.217987060546875,1.0000008344650269,55.217987060546875,0.017787916585803032,0.9822121262550354,0.035575803369283676
GaPt33_10.txt_win27,GaPt33,GaPt33_10.txt,Ga,1,1,1,7.231681706798554e-07,54.54424285888672,1.0000007152557373,55.54424285888672,0.01768527925014496,0.9823147058486938,0.03537053242325783
GaPt33_10.txt_win28,GaPt33,GaPt33_10.txt,Ga,1,1,1,7.135688520065742e-07,54.6070442199707,1.0000007152557373,55.6070442199707,0.01766565814614296,0.9823343753814697,0.03533129021525383
GaPt33_10.txt_win29,GaPt33,GaPt33_10.txt,Ga,1,1,1,7.157907475630054e-07,54.59831237792969,1.0000007152557373,55.59831237792969,0.017668383195996284,0.9823316335678101,0.03533674404025078
GaPt33_10.txt_win30,GaPt33,GaPt33_10.txt,Ga,1,1,1,6.830325673945481e-07,54.759521484375,1.0000007152557373,55.759521484375,0.017618201673030853,0.9823818206787109,0.03523637726902962
GaPt33_10.txt_win31,GaPt33,GaPt33_10.txt,Ga,1,1,1,7.052750561342691e-07,54.62993621826172,1.0000007152557373,55.62993621826172,0.017658516764640808,0.982341468334198,0.035317011177539825
JuCo03_01.txt_win0,JuCo03,JuCo03_01.txt,Ju,0,1,0,3.2491316233063117e-06,48.92951202392578,1.0000032186508179,49.92951202392578,0.019635042175650597,0.9803649187088013,0.039269957691431046
JuCo03_01.txt_win1,JuCo03,JuCo03_01.txt,Ju,0,1,0,1.2114412584196543e-06,52.45433807373047,1.0000011920928955,53.45433807373047,0.018364030867815018,0.9816359877586365,0.03672802075743675
JuCo03_01.txt_win2,JuCo03,JuCo03_01.txt,Ju,0,1,0,8.987561841422576e-07,53.59813690185547,1.0000009536743164,54.59813690185547,0.017986230552196503,0.9820137619972229,0.03597242757678032
JuCo03_01.txt_win3,JuCo03,JuCo03_01.txt,Ju,0,1,0,1.5623853641955066e-06,51.42115020751953,1.0000015497207642,52.42115020751953,0.018719207495450974,0.9812808036804199,0.03743835538625717
JuCo03_01.txt_win4,JuCo03,JuCo03_01.txt,Ju,0,1,0,1.3777054164165747e-06,51.82396697998047,1.0000014305114746,52.82396697998047,0.018579110503196716,0.9814209342002869,0.037158168852329254
JuCo03_01.txt_win5,JuCo03,JuCo03_01.txt,Ju,0,1,0,9.686837074696086e-07,53.35377502441406,1.0000009536743164,54.35377502441406,0.01806563325226307,0.9819343686103821,0.036131229251623154
JuCo03_01.txt_win6,JuCo03,JuCo03_01.txt,Ju,0,1,0,1.2688580000030925e-06,52.20475387573242,1.000001311302185,53.20475387573242,0.018448591232299805,0.9815514087677002,0.03689713403582573
JuCo03_01.txt_win7,JuCo03,JuCo03_01.txt,Ju,0,1,0,1.1318428505546763e-06,52.57727813720703,1.000001072883606,53.57727813720703,0.018322663381695747,0.9816773533821106,0.03664528578519821
JuCo03_01.txt_win8,JuCo03,JuCo03_01.txt,Ju,0,1,0,2.0671607217082055e-06,50.13459014892578,1.0000020265579224,51.13459014892578,0.019181160256266594,0.9808188080787659,0.03836224228143692
JuCo03_01.txt_win9,JuCo03,JuCo03_01.txt,Ju,0,1,0,1.4970374877520953e-06,51.5410041809082,1.0000015497207642,52.5410041809082,0.018677303567528725,0.981322705745697,0.037354547530412674
JuCo03_01.txt_win10,JuCo03,JuCo03_01.txt,Ju,0,1,0,9.723999028210528e-07,53.29298400878906,1.0000009536743164,54.29298400878906,0.01808549463748932,0.9819145202636719,0.03617095574736595
JuCo03_01.txt_win11,JuCo03,JuCo03_01.txt,Ju,0,1,0,1.1149544434374548e-06,52.681541442871094,1.000001072883606,53.681541442871094,0.018287725746631622,0.981712281703949,0.03657541424036026
JuCo03_01.txt_win12,JuCo03,JuCo03_01.txt,Ju,0,1,0,8.06168600320234e-07,54.04986572265625,1.0000008344650269,55.04986572265625,0.017841270193457603,0.9821587204933167,0.03568251058459282
JuCo03_01.txt_win13,JuCo03,JuCo03_01.txt,Ju,0,1,0,1.0708054105634801e-06,52.86457061767578,1.000001072883606,53.86457061767578,0.01822671853005886,0.981773316860199,0.03645339608192444
JuCo03_01.txt_win14,JuCo03,JuCo03_01.txt,Ju,0,1,0,1.39743133331649e-06,52.05817413330078,1.0000014305114746,53.05817413330078,0.0184986162930727,0.9815014004707336,0.03699718043208122
JuCo03_01.txt_win15,JuCo03,JuCo03_01.txt,Ju,0,1,0,1.9461319880065275e-06,50.6776237487793,1.0000019073486328,51.6776237487793,0.018983427435159683,0.9810165166854858,0.0379667803645134
JuCo04_01.txt_win16,JuCo04,JuCo04_01.txt,Ju,0,0,1,54.69163131713867,1.468093557832617e-07,55.69163131713867,1.0000001192092896,0.9823607206344604,0.017639290541410446,0.035278577357530594
JuCo04_01.txt_win17,JuCo04,JuCo04_01.txt,Ju,0,0,1,62.5366325378418,1.4422260719015867e-08,63.5366325378418,1.0,0.9845048785209656,0.015495074912905693,0.030990149825811386
JuCo04_01.txt_win18,JuCo04,JuCo04_01.txt,Ju,0,0,1,61.217369079589844,2.123879205839785e-08,62.217369079589844,1.0,0.9841815829277039,0.015818437561392784,0.03163687512278557
JuCo04_01.txt_win19,JuCo04,JuCo04_01.txt,Ju,0,0,1,58.11378479003906,5.3403990563083426e-08,59.11378479003906,1.0,0.9833648800849915,0.016635119915008545,0.03327023983001709
JuCo04_01.txt_win20,JuCo04,JuCo04_01.txt,Ju,0,0,1,61.92158889770508,1.7226289728000665e-08,62.92158889770508,1.0,0.9843558073043823,0.015644166618585587,0.03128833323717117
JuCo04_01.txt_win21,JuCo04,JuCo04_01.txt,Ju,0,0,1,59.017616271972656,4.050566815294587e-08,60.017616271972656,1.0,0.9836112856864929,0.01638871058821678,0.03277742117643356
JuCo04_01.txt_win22,JuCo04,JuCo04_01.txt,Ju,0,0,1,55.49256134033203,1.1620068818274376e-07,56.49256134033203,1.0000001192092896,0.9826064705848694,0.017393557354807854,0.03478710725903511
JuCo04_01.txt_win23,JuCo04,JuCo04_01.txt,Ju,0,0,1,30.955106735229492,0.00014635699335485697,31.955106735229492,1.0001463890075684,0.9696513414382935,0.03034861758351326,0.06068835034966469
JuCo04_01.txt_win24,JuCo04,JuCo04_01.txt,Ju,0,1,0,0.19270554184913635,6.468118190765381,1.192705512046814,7.468118190765381,0.13771270215511322,0.8622872829437256,0.23092491924762726
JuCo04_01.txt_win25,JuCo04,JuCo04_01.txt,Ju,0,0,1,22.135887145996094,0.001996356761083007,23.135887145996094,1.001996397972107,0.9584886431694031,0.04151136055588722,0.08285730332136154
JuCo04_01.txt_win26,JuCo04,JuCo04_01.txt,Ju,0,0,1,53.53328323364258,2.0849347492912784e-07,54.53328323364258,1.000000238418579,0.981992781162262,0.018007222563028336,0.036014437675476074
JuCo04_01.txt_win27,JuCo04,JuCo04_01.txt,Ju,0,0,1,60.65430450439453,2.5120481694784758e-08,61.65430450439453,1.0,0.9840394258499146,0.01596059463918209,0.03192118927836418
JuCo04_01.txt_win28,JuCo04,JuCo04_01.txt,Ju,0,0,1,60.459312438964844,2.6561835397842515e-08,61.459312438964844,1.0,0.9839895963668823,0.016010422259569168,0.032020844519138336
JuCo04_01.txt_win29,JuCo04,JuCo04_01.txt,Ju,0,0,1,56.323429107666016,8.963448294707632e-08,57.323429107666016,1.0000001192092896,0.9828542470932007,0.01714576967060566,0.03429153561592102
JuCo04_01.txt_win30,JuCo04,JuCo04_01.txt,Ju,0,0,1,61.44994354248047,1.9849057508736223e-08,62.44994354248047,1.0,0.9842395186424255,0.015760455280542374,0.03152091056108475
JuCo04_01.txt_win31,JuCo04,JuCo04_01.txt,Ju,0,0,1,58.720924377441406,4.402782138868133e-08,59.720924377441406,1.0,0.9835312366485596,0.01646878756582737,0.03293757513165474
JuCo04_01.txt_win0,JuCo04,JuCo04_01.txt,Ju,0,0,1,61.46375274658203,1.9810931561892176e-08,62.46375274658203,1.0,0.9842429757118225,0.01575702615082264,0.03151405230164528
JuCo04_01.txt_win1,JuCo04,JuCo04_01.txt,Ju,0,0,1,56.949886322021484,7.304974758426397e-08,57.949886322021484,1.0000001192092896,0.983036458492279,0.016963563859462738,0.03392712399363518
JuCo04_01.txt_win2,JuCo04,JuCo04_01.txt,Ju,0,0,1,45.91468048095703,1.85256510576437e-06,46.91468048095703,1.0000019073486328,0.9791295528411865,0.020870469510555267,0.04174086079001427
JuCo04_01.txt_win3,JuCo04,JuCo04_01.txt,Ju,0,0,1,50.175079345703125,5.509917286872223e-07,51.175079345703125,1.0000005960464478,0.9808337688446045,0.019166249781847,0.03833247721195221
JuCo04_01.txt_win4,JuCo04,JuCo04_01.txt,Ju,0,0,1,59.87680435180664,3.1354250751292057e-08,60.87680435180664,1.0,0.9838388562202454,0.016161145642399788,0.032322291284799576
JuCo04_01.txt_win5,JuCo04,JuCo04_01.txt,Ju,0,0,1,57.839012145996094,5.6954608140813434e-08,58.839012145996094,1.0,0.9832884669303894,0.016711505129933357,0.033423010259866714
JuCo04_01.txt_win6,JuCo04,JuCo04_01.txt,Ju,0,0,1,61.32598876953125,2.0563836855558293e-08,62.32598876953125,1.0,0.9842087030410767,0.015791304409503937,0.031582608819007874
JuCo04_01.txt_win7,JuCo04,JuCo04_01.txt,Ju,0,0,1,61.298797607421875,2.0654677967968382e-08,62.298797607421875,1.0,0.9842019081115723,0.015798088163137436,0.03159617632627487
JuCo04_01.txt_win8,JuCo04,JuCo04_01.txt,Ju,0,0,1,60.11223220825195,2.943370169816717e-08,61.11223220825195,1.0,0.9839001297950745,0.01609988883137703,0.03219977766275406
JuCo04_01.txt_win9,JuCo04,JuCo04_01.txt,Ju,0,0,1,61.913246154785156,1.7213643843660975e-08,62.913246154785156,1.0,0.98435378074646,0.015646208077669144,0.03129241615533829
JuCo04_01.txt_win10,JuCo04,JuCo04_01.txt,Ju,0,0,1,51.615234375,3.5349904692338896e-07,52.615234375,1.0000003576278687,0.9813485741615295,0.01865142211318016,0.03730282932519913
JuCo04_01.txt_win11,JuCo04,JuCo04_01.txt,Ju,0,0,1,48.73020553588867,8.364077643818746e-07,49.73020553588867,1.0000008344650269,0.9802878499031067,0.019712138921022415,0.039424244314432144
JuCo04_01.txt_win12,JuCo04,JuCo04_01.txt,Ju,0,0,1,56.876068115234375,7.681979496965141e-08,57.876068115234375,1.0000001192092896,0.9830151796340942,0.016984831541776657,0.033969659358263016
JuCo04_01.txt_win13,JuCo04,JuCo04_01.txt,Ju,0,0,1,61.80643081665039,1.784897030177035e-08,62.80643081665039,1.0,0.9843276143074036,0.01567240059375763,0.03134480118751526
JuCo04_01.txt_win14,JuCo04,JuCo04_01.txt,Ju,0,0,1,58.87241744995117,4.2158212920639926e-08,59.87241744995117,1.0,0.9835721850395203,0.01642780192196369,0.03285560384392738
JuCo04_01.txt_win15,JuCo04,JuCo04_01.txt,Ju,0,0,1,61.59189987182617,1.9207421431133298e-08,62.59189987182617,1.0,0.9842747449874878,0.0157252736389637,0.0314505472779274
JuCo04_01.txt_win16,JuCo04,JuCo04_01.txt,Ju,0,0,1,60.49155807495117,2.6280435605485764e-08,61.49155807495117,1.0,0.9839978218078613,0.01600216142833233,0.03200432285666466
JuCo04_01.txt_win17,JuCo04,JuCo04_01.txt,Ju,0,0,1,58.4896125793457,4.719461443869477e-08,59.4896125793457,1.0,0.983468234539032,0.01653176359832287,0.03306352719664574
JuCo04_01.txt_win18,JuCo04,JuCo04_01.txt,Ju,0,0,1,61.91520690917969,1.7382237871288453e-08,62.91520690917969,1.0,0.9843542575836182,0.01564572937786579,0.03129145875573158
JuCo04_01.txt_win19,JuCo04,JuCo04_01.txt,Ju,0,0,1,54.687744140625,1.4427851624532195e-07,55.687744140625,1.0000001192092896,0.9823595285415649,0.017640499398112297,0.035280995070934296
JuCo06_01.txt_win20,JuCo06,JuCo06_01.txt,Ju,0,0,1,22.144336700439453,0.0030775375198572874,23.144336700439453,1.003077507019043,0.9584602117538452,0.0415397472679615,0.08282460272312164
JuCo06_01.txt_win21,JuCo06,JuCo06_01.txt,Ju,0,0,1,57.73161315917969,5.994462526359712e-08,58.73161315917969,1.0000001192092896,0.9832584261894226,0.0167415551841259,0.0334831066429615
JuCo06_01.txt_win22,JuCo06,JuCo06_01.txt,Ju,0,0,1,56.10251998901367,9.514662480114566e-08,57.10251998901367,1.0000001192092896,0.9827890396118164,0.017210960388183594,0.03442191332578659
JuCo06_01.txt_win23,JuCo06,JuCo06_01.txt,Ju,0,0,1,59.07067108154297,4.077659099266384e-08,60.07067108154297,1.0,0.9836255311965942,0.01637447252869606,0.03274894505739212
JuCo06_01.txt_win24,JuCo06,JuCo06_01.txt,Ju,0,0,1,55.87702941894531,1.0124635707597918e-07,56.87702941894531,1.0000001192092896,0.9827219843864441,0.01727801375091076,0.03455602377653122
JuCo06_01.txt_win25,JuCo06,JuCo06_01.txt,Ju,0,0,1,58.579368591308594,4.6750681548246575e-08,59.579368591308594,1.0,0.9834927320480347,0.01650726981461048,0.03301453962922096
JuCo06_01.txt_win26,JuCo06,JuCo06_01.txt,Ju,0,0,1,58.36290740966797,4.880905635218369e-08,59.36290740966797,1.0,0.9834335446357727,0.01656646467745304,0.03313292935490608
JuCo06_01.txt_win27,JuCo06,JuCo06_01.txt,Ju,0,0,1,58.4610710144043,4.852658364029594e-08,59.4610710144043,1.0,0.9834604263305664,0.016539568081498146,0.03307913616299629
JuCo06_01.txt_win28,JuCo06,JuCo06_01.txt,Ju,0,0,1,60.19132995605469,2.8397883156117132e-08,61.19132995605469,1.0,0.9839205741882324,0.016079410910606384,0.03215882182121277
JuCo06_01.txt_win29,JuCo06,JuCo06_01.txt,Ju,0,0,1,60.75020980834961,2.439390378583539e-08,61.75020980834961,1.0,0.9840638041496277,0.015936201438307762,0.031872402876615524
JuCo06_01.txt_win30,JuCo06,JuCo06_01.txt,Ju,0,0,1,23.01084327697754,0.001556006376631558,24.01084327697754,1.0015560388565063,0.9599575996398926,0.04004238173365593,0.07996033877134323
JuCo06_01.txt_win31,JuCo06,JuCo06_01.txt,Ju,0,0,1,23.074552536010742,0.0019482489442452788,24.074552536010742,1.0019482374191284,0.9600443840026855,0.03995566442608833,0.07975594699382782
JuCo06_01.txt_win0,JuCo06,JuCo06_01.txt,Ju,0,0,1,60.833160400390625,2.4019421118737228e-08,61.833160400390625,1.0,0.9840848445892334,0.0159151628613472,0.0318303257226944
JuCo06_01.txt_win1,JuCo06,JuCo06_01.txt,Ju,0,0,1,59.621185302734375,3.3640255026057275e-08,60.621185302734375,1.0,0.983771800994873,0.01622818596661091,0.03245637193322182
JuCo06_01.txt_win2,JuCo06,JuCo06_01.txt,Ju,0,0,1,55.778297424316406,1.0372527015078958e-07,56.778297424316406,1.0000001192092896,0.9826924800872803,0.01730753853917122,0.03461507335305214
JuCo06_01.txt_win3,JuCo06,JuCo06_01.txt,Ju,0,0,1,59.443824768066406,3.588035468737871e-08,60.443824768066406,1.0,0.9837249517440796,0.01627502776682377,0.03255005553364754
JuCo06_01.txt_win4,JuCo06,JuCo06_01.txt,Ju,0,0,1,62.27238845825195,1.5586897106345532e-08,63.27238845825195,1.0,0.9844412803649902,0.015558782033622265,0.03111756406724453
JuCo06_01.txt_win5,JuCo06,JuCo06_01.txt,Ju,0,0,1,60.460750579833984,2.6425951205055753e-08,61.460750579833984,1.0,0.983989953994751,0.01601005345582962,0.03202010691165924
JuCo06_01.txt_win6,JuCo06,JuCo06_01.txt,Ju,0,0,1,60.257694244384766,2.8132587814866383e-08,61.257694244384766,1.0,0.9839377403259277,0.01606227084994316,0.03212454169988632
JuCo06_01.txt_win7,JuCo06,JuCo06_01.txt,Ju,0,0,1,60.077232360839844,2.9734342987808304e-08,61.077232360839844,1.0,0.9838910102844238,0.016108965501189232,0.032217931002378464
JuCo06_01.txt_win8,JuCo06,JuCo06_01.txt,Ju,0,0,1,59.93387985229492,3.103036760876421e-08,60.93387985229492,1.0,0.9838537573814392,0.016146251931786537,0.032292503863573074
JuCo06_01.txt_win9,JuCo06,JuCo06_01.txt,Ju,0,0,1,45.39120864868164,2.1439220745378407e-06,46.39120864868164,1.000002145767212,0.9788989424705505,0.021101003512740135,0.04220191761851311
JuCo06_01.txt_win10,JuCo06,JuCo06_01.txt,Ju,0,0,1,54.0155143737793,1.7396409646153188e-07,55.0155143737793,1.0000001192092896,0.9821478128433228,0.01785219833254814,0.035704392939805984
JuCo06_01.txt_win11,JuCo06,JuCo06_01.txt,Ju,0,0,1,59.11290740966797,3.959838679179484e-08,60.11290740966797,1.0,0.9836368560791016,0.016363155096769333,0.032726310193538666
JuCo06_01.txt_win12,JuCo06,JuCo06_01.txt,Ju,0,0,1,60.853240966796875,2.337242932526351e-08,61.853240966796875,1.0,0.9840899109840393,0.015910077840089798,0.031820155680179596
JuCo06_01.txt_win13,JuCo06,JuCo06_01.txt,Ju,0,0,1,54.64989471435547,1.4300154305146862e-07,55.64989471435547,1.0000001192092896,0.9823477268218994,0.01765228621661663,0.03530456870794296
JuCo06_01.txt_win14,JuCo06,JuCo06_01.txt,Ju,0,0,1,59.111778259277344,3.959423366950432e-08,60.111778259277344,1.0,0.9836365580558777,0.01636345684528351,0.03272691369056702
JuCo06_01.txt_win15,JuCo06,JuCo06_01.txt,Ju,0,0,1,57.07710266113281,7.045549921258498e-08,58.07710266113281,1.0000001192092896,0.9830729961395264,0.01692703366279602,0.03385406360030174
JuCo06_01.txt_win16,JuCo06,JuCo06_01.txt,Ju,0,0,1,60.178367614746094,2.9061505202321314e-08,61.178367614746094,1.0,0.983917236328125,0.016082763671875,0.03216552734375
JuCo06_01.txt_win17,JuCo06,JuCo06_01.txt,Ju,0,0,1,57.23952865600586,6.637163352252173e-08,58.23952865600586,1.0000001192092896,0.9831193685531616,0.016880622133612633,0.03376124054193497
JuCo06_01.txt_win18,JuCo06,JuCo06_01.txt,Ju,0,0,1,59.08053207397461,4.033321232554954e-08,60.08053207397461,1.0,0.9836281538009644,0.0163718294352293,0.0327436588704586
JuCo06_01.txt_win19,JuCo06,JuCo06_01.txt,Ju,0,0,1,61.62120056152344,1.8617321018155053e-08,62.62120056152344,1.0,0.9842819571495056,0.01571803167462349,0.03143606334924698
JuCo06_01.txt_win20,JuCo06,JuCo06_01.txt,Ju,0,0,1,60.655033111572266,2.4936738896030874e-08,61.655033111572266,1.0,0.9840396046638489,0.015960410237312317,0.031920820474624634
JuCo06_01.txt_win21,JuCo06,JuCo06_01.txt,Ju,0,0,1,35.84352493286133,3.575699884095229e-05,36.84352493286133,1.0000357627868652,0.9735745191574097,0.026425519958138466,0.05284915119409561
JuCo06_01.txt_win22,JuCo06,JuCo06_01.txt,Ju,0,0,1,34.834781646728516,4.9382219003746286e-05,35.834781646728516,1.000049352645874,0.9728504419326782,0.027149556204676628,0.05429643392562866
JuCo06_01.txt_win23,JuCo06,JuCo06_01.txt,Ju,0,0,1,54.230960845947266,1.6441899219898914e-07,55.230960845947266,1.0000001192092896,0.9822161793708801,0.01778380014002323,0.035567592829465866
JuCo06_01.txt_win24,JuCo06,JuCo06_01.txt,Ju,0,0,1,58.86430358886719,4.1941824235891545e-08,59.86430358886719,1.0,0.9835699796676636,0.016429992392659187,0.032859984785318375
JuCo06_01.txt_win25,JuCo06,JuCo06_01.txt,Ju,0,0,1,58.99623489379883,3.977748974648421e-08,59.99623489379883,1.0,0.9836055636405945,0.01639445498585701,0.03278890997171402
JuCo06_01.txt_win26,JuCo06,JuCo06_01.txt,Ju,0,0,1,60.97994613647461,2.2788460896094875e-08,61.97994613647461,1.0,0.9841219186782837,0.015878070145845413,0.031756140291690826
JuCo06_01.txt_win27,JuCo06,JuCo06_01.txt,Ju,0,0,1,60.69352722167969,2.439748669758046e-08,61.69352722167969,1.0,0.984049379825592,0.015950610861182213,0.031901221722364426
JuCo06_01.txt_win28,JuCo06,JuCo06_01.txt,Ju,0,0,1,60.91183853149414,2.304319046686487e-08,61.91183853149414,1.0,0.9841047525405884,0.015895258635282516,0.03179051727056503
JuCo06_01.txt_win29,JuCo06,JuCo06_01.txt,Ju,0,0,1,62.61929702758789,1.392682591472294e-08,63.61929702758789,1.0,0.9845247864723206,0.015475254505872726,0.030950509011745453
JuCo06_01.txt_win30,JuCo06,JuCo06_01.txt,Ju,0,0,1,62.6385612487793,1.3871605197834924e-08,63.6385612487793,1.0,0.9845293164253235,0.015470640733838081,0.030941281467676163
JuCo06_01.txt_win31,JuCo06,JuCo06_01.txt,Ju,0,0,1,63.41702651977539,1.0989155363461123e-08,64.41702270507812,1.0,0.9847134351730347,0.015286540612578392,0.030573081225156784
JuCo06_01.txt_win0,JuCo06,JuCo06_01.txt,Ju,0,0,1,55.58930206298828,1.081080611697871e-07,56.58930206298828,1.0000001192092896,0.9826356768608093,0.017364338040351868,0.03472867235541344
JuCo06_01.txt_win1,JuCo06,JuCo06_01.txt,Ju,0,0,1,59.03571701049805,4.0452551530734127e-08,60.03571701049805,1.0,0.9836161732673645,0.01638384908437729,0.03276769816875458
JuPt12_01.txt_win2,JuPt12,JuPt12_01.txt,Ju,1,1,1,6.153323283797363e-06,46.26203155517578,1.0000061988830566,47.26203155517578,0.02072034776210785,0.979279637336731,0.041440438479185104
JuPt12_01.txt_win3,JuPt12,JuPt12_01.txt,Ju,1,1,1,0.018476415425539017,16.910886764526367,1.0184763669967651,17.910886764526367,0.05380404740571976,0.9461959600448608,0.1056559607386589
JuPt12_01.txt_win4,JuPt12,JuPt12_01.txt,Ju,1,1,1,0.45116955041885376,10.224357604980469,1.451169490814209,11.224357604980469,0.11448592692613602,0.8855140209197998,0.1577843576669693
JuPt12_01.txt_win5,JuPt12,JuPt12_01.txt,Ju,1,1,1,4.0944156353361905e-05,38.73054504394531,1.000040888786316,39.73054504394531,0.02455257810652256,0.975447416305542,0.04910314828157425
JuPt12_01.txt_win6,JuPt12,JuPt12_01.txt,Ju,1,1,1,2.1294592443155125e-05,41.1783561706543,1.0000213384628296,42.1783561706543,0.023160234093666077,0.9768397212028503,0.04631947726011276
JuPt12_01.txt_win7,JuPt12,JuPt12_01.txt,Ju,1,1,1,2.634813790791668e-05,40.3326416015625,1.0000263452529907,41.3326416015625,0.023623039945960045,0.9763769507408142,0.0472448356449604
JuPt12_01.txt_win8,JuPt12,JuPt12_01.txt,Ju,1,1,1,7.160057430155575e-05,36.5490837097168,1.00007164478302,37.5490837097168,0.025942763313651085,0.9740571975708008,0.051881808787584305
JuPt12_01.txt_win9,JuPt12,JuPt12_01.txt,Ju,1,1,1,0.005692461971193552,19.662988662719727,1.005692481994629,20.662988662719727,0.046412259340286255,0.9535877108573914,0.09229910373687744
JuPt12_01.txt_win10,JuPt12,JuPt12_01.txt,Ju,1,1,1,0.015797991305589676,17.312814712524414,1.0157979726791382,18.312814712524414,0.05255410447716713,0.9474458694458008,0.10347353667020798
JuPt12_01.txt_win11,JuPt12,JuPt12_01.txt,Ju,1,1,1,4.321492451708764e-05,38.486732482910156,1.000043272972107,39.486732482910156,0.02470049262046814,0.9752995371818542,0.04939884692430496
JuPt12_01.txt_win12,JuPt12,JuPt12_01.txt,Ju,1,1,1,1.8441285646986216e-05,41.531578063964844,1.0000184774398804,42.531578063964844,0.022972244769334793,0.9770277142524719,0.04594364017248154
JuPt12_01.txt_win13,JuPt12,JuPt12_01.txt,Ju,1,1,1,5.335510286386125e-05,37.64038848876953,1.0000534057617188,38.64038848876953,0.0252281092107296,0.9747719168663025,0.05045352503657341
JuPt12_01.txt_win14,JuPt12,JuPt12_01.txt,Ju,1,1,1,1.1015899872290902e-05,43.74815368652344,1.0000109672546387,44.74815368652344,0.02185904048383236,0.9781409502029419,0.04371760040521622
JuPt12_01.txt_win15,JuPt12,JuPt12_01.txt,Ju,1,1,1,9.214228157361504e-06,44.453033447265625,1.0000091791152954,45.453033447265625,0.021527312695980072,0.9784727096557617,0.04305423051118851
JuPt12_01.txt_win16,JuPt12,JuPt12_01.txt,Ju,1,1,1,4.496370820561424e-06,47.24724197387695,1.000004529953003,48.24724197387695,0.020305795595049858,0.9796942472457886,0.04061140865087509
JuPt12_01.txt_win17,JuPt12,JuPt12_01.txt,Ju,1,1,1,3.5390175980865024e-06,48.241092681884766,1.0000035762786865,49.241092681884766,0.01990409567952156,0.9800959229469299,0.03980804979801178
JuPt12_01.txt_win18,JuPt12,JuPt12_01.txt,Ju,1,1,1,2.356198592678993e-06,49.8892707824707,1.000002384185791,50.8892707824707,0.0192718505859375,0.9807281494140625,0.03854361176490784
JuPt12_01.txt_win19,JuPt12,JuPt12_01.txt,Ju,1,1,1,9.138129826169461e-06,44.633758544921875,1.0000091791152954,45.633758544921875,0.021443886682391167,0.9785561561584473,0.042887378484010696
JuPt12_01.txt_win20,JuPt12,JuPt12_01.txt,Ju,1,1,1,0.00011224992340430617,34.778358459472656,1.0001122951507568,35.778358459472656,0.027192873880267143,0.9728071689605713,0.05437964200973511
JuPt12_01.txt_win21,JuPt12,JuPt12_01.txt,Ju,1,1,1,4.186292426311411e-05,38.58427810668945,1.0000418424606323,39.58427810668945,0.024641089141368866,0.9753589034080505,0.049280114471912384
JuPt12_01.txt_win22,JuPt12,JuPt12_01.txt,Ju,1,1,1,6.934740213182522e-06,45.68621826171875,1.000006914138794,46.68621826171875,0.020970560610294342,0.9790294170379639,0.041940830647945404
JuPt12_01.txt_win23,JuPt12,JuPt12_01.txt,Ju,1,1,1,0.00012129719107178971,34.507747650146484,1.0001213550567627,35.507747650146484,0.027394678443670273,0.972605288028717,0.05478270724415779
JuPt12_01.txt_win24,JuPt12,JuPt12_01.txt,Ju,1,1,1,4.606924267136492e-05,38.15105438232422,1.0000460147857666,39.15105438232422,0.02490706369280815,0.9750929474830627,0.04981183633208275
JuPt12_01.txt_win25,JuPt12,JuPt12_01.txt,Ju,1,1,1,6.080243110773154e-06,46.15385055541992,1.000006079673767,47.15385055541992,0.02076689340174198,0.9792330861091614,0.041533537209033966
JuPt12_01.txt_win26,JuPt12,JuPt12_01.txt,Ju,1,1,1,4.507817266130587e-06,47.26200866699219,1.000004529953003,48.26200866699219,0.02029970847070217,0.9797003269195557,0.04059923440217972
JuPt12_01.txt_win27,JuPt12,JuPt12_01.txt,Ju,1,1,1,9.508958100923337e-06,44.35786437988281,1.000009536743164,45.35786437988281,0.021571515128016472,0.9784285426139832,0.04314262047410011
JuPt12_01.txt_win28,JuPt12,JuPt12_01.txt,Ju,1,1,1,1.0016952728619799e-05,44.16752243041992,1.0000100135803223,45.16752243041992,0.02166046015918255,0.9783394932746887,0.04332048445940018
JuPt12_01.txt_win29,JuPt12,JuPt12_01.txt,Ju,1,1,1,9.000713362183888e-06,44.54997634887695,1.0000090599060059,45.54997634887695,0.021482478827238083,0.9785175323486328,0.042964570224285126
JuPt12_01.txt_win30,JuPt12,JuPt12_01.txt,Ju,1,1,1,4.442283170646988e-06,47.3315315246582,1.0000044107437134,48.3315315246582,0.020271098241209984,0.9797289371490479,0.04054201766848564
JuPt12_01.txt_win31,JuPt12,JuPt12_01.txt,Ju,1,1,1,1.0546089470153674e-05,43.95218276977539,1.0000104904174805,44.95218276977539,0.021761974319815636,0.9782379865646362,0.04352349415421486
JuPt12_01.txt_win0,JuPt12,JuPt12_01.txt,Ju,1,1,1,1.0463150829309598e-05,43.971805572509766,1.0000104904174805,44.971805572509766,0.02175268530845642,0.9782472848892212,0.04350491613149643
JuPt12_01.txt_win1,JuPt12,JuPt12_01.txt,Ju,1,1,1,2.5022372938110493e-06,49.55945587158203,1.0000025033950806,50.55945587158203,0.0193951316177845,0.9806048274040222,0.03879016637802124
JuPt12_01.txt_win2,JuPt12,JuPt12_01.txt,Ju,1,1,1,4.5407596189761534e-06,47.321380615234375,1.000004529953003,48.321380615234375,0.02027527242898941,0.9797247648239136,0.040550362318754196
JuPt12_01.txt_win3,JuPt12,JuPt12_01.txt,Ju,1,1,1,6.677463716187049e-06,45.64598083496094,1.0000066757202148,46.64598083496094,0.020988265052437782,0.9790117144584656,0.04197625070810318
JuPt12_01.txt_win4,JuPt12,JuPt12_01.txt,Ju,1,1,1,3.7731129850726575e-05,38.749786376953125,1.0000377893447876,39.749786376953125,0.024540910497307777,0.975459098815918,0.04907996580004692
JuPt12_01.txt_win5,JuPt12,JuPt12_01.txt,Ju,1,1,1,1.5738962247269228e-05,42.29391098022461,1.0000157356262207,43.29391098022461,0.022576814517378807,0.9774231910705566,0.04515291750431061
JuPt12_01.txt_win6,JuPt12,JuPt12_01.txt,Ju,1,1,1,3.369146361364983e-05,39.39030838012695,1.0000337362289429,40.39030838012695,0.024161040782928467,0.9758389592170715,0.04832044988870621
JuPt12_01.txt_win7,JuPt12,JuPt12_01.txt,Ju,1,1,1,0.00011860971426358446,34.49241256713867,1.000118613243103,35.49241256713867,0.02740611881017685,0.9725939035415649,0.05480573698878288
JuPt12_01.txt_win8,JuPt12,JuPt12_01.txt,Ju,1,1,1,2.7532998501555994e-05,40.12017059326172,1.0000275373458862,41.12017059326172,0.023742232471704483,0.9762578010559082,0.047483157366514206
JuPt16_01.txt_win9,JuPt16,JuPt16_01.txt,Ju,1,1,1,0.00010070562711916864,34.8830680847168,1.0001007318496704,35.8830680847168,0.027115369215607643,0.9728846549987793,0.05422527715563774
JuPt16_01.txt_win10,JuPt16,JuPt16_01.txt,Ju,1,1,1,0.00010355677659390494,34.38059616088867,1.0001035928726196,35.38059616088867,0.027489949017763138,0.972510039806366,0.054974205791950226
JuPt16_01.txt_win11,JuPt16,JuPt16_01.txt,Ju,1,1,1,2.2773896489525214e-05,40.274845123291016,1.0000227689743042,41.274845123291016,0.023655254393815994,0.9763447642326355,0.04730943217873573
JuPt16_01.txt_win12,JuPt16,JuPt16_01.txt,Ju,1,1,1,1.6627740478725173e-05,41.4122314453125,1.0000165700912476,42.4122314453125,0.023035356774926186,0.9769646525382996,0.046069949865341187
JuPt16_01.txt_win13,JuPt16,JuPt16_01.txt,Ju,1,1,1,9.732877515489236e-06,43.431732177734375,1.0000097751617432,44.431732177734375,0.022011257708072662,0.9779887199401855,0.0440220832824707
JuPt16_01.txt_win14,JuPt16,JuPt16_01.txt,Ju,1,1,1,7.149142220441718e-06,44.70313262939453,1.000007152557373,45.70313262939453,0.021411988884210587,0.9785879850387573,0.0428236722946167
JuPt16_01.txt_win15,JuPt16,JuPt16_01.txt,Ju,1,1,1,2.616602068883367e-05,39.70174789428711,1.0000261068344116,40.70174789428711,0.02398042008280754,0.976019561290741,0.0479595884680748
JuPt16_01.txt_win16,JuPt16,JuPt16_01.txt,Ju,1,1,1,0.00014239920710679144,33.211181640625,1.0001424551010132,34.211181640625,0.028404001146554947,0.9715960621833801,0.056799910962581635
JuPt16_01.txt_win17,JuPt16,JuPt16_01.txt,Ju,1,1,1,0.0001578782103024423,32.79130935668945,1.0001578330993652,33.79130935668945,0.02874721772968769,0.9712527990341187,0.05748536065220833
JuPt16_01.txt_win18,JuPt16,JuPt16_01.txt,Ju,1,1,1,0.00040320586413145065,29.173978805541992,1.0004031658172607,30.173978805541992,0.032090555876493454,0.9679094552993774,0.06415524333715439
JuPt16_01.txt_win19,JuPt16,JuPt16_01.txt,Ju,1,1,1,2.279899490531534e-05,40.10087585449219,1.0000227689743042,41.10087585449219,0.023753002285957336,0.9762470126152039,0.04750492423772812
JuPt16_01.txt_win20,JuPt16,JuPt16_01.txt,Ju,1,1,1,0.0001692931546131149,32.519447326660156,1.000169277191162,33.519447326660156,0.028973940759897232,0.9710261225700378,0.057938072830438614
JuPt16_01.txt_win21,JuPt16,JuPt16_01.txt,Ju,1,1,1,1.0993316209351178e-05,43.08159637451172,1.0000109672546387,44.08159637451172,0.022182239219546318,0.9778177738189697,0.04436399042606354
JuPt16_01.txt_win22,JuPt16,JuPt16_01.txt,Ju,1,1,1,3.676948108477518e-05,39.08997344970703,1.0000367164611816,40.08997344970703,0.024337708950042725,0.9756622314453125,0.04867362976074219
JuPt16_01.txt_win23,JuPt16,JuPt16_01.txt,Ju,1,1,1,2.5292438294854946e-05,40.455833435058594,1.0000252723693848,41.455833435058594,0.023554470390081406,0.9764454960823059,0.0471077486872673
JuPt16_01.txt_win24,JuPt16,JuPt16_01.txt,Ju,1,1,1,6.2296458054333925e-06,45.3720703125,1.0000061988830566,46.3720703125,0.02110961265861988,0.9788903594017029,0.04221896454691887
JuPt16_01.txt_win25,JuPt16,JuPt16_01.txt,Ju,1,1,1,5.1593328862509225e-06,46.0659065246582,1.0000051259994507,47.0659065246582,0.0208048727363348,0.9791951775550842,0.04160953313112259
JuPt16_01.txt_win26,JuPt16,JuPt16_01.txt,Ju,1,1,1,8.290172445413191e-06,44.09810256958008,1.0000083446502686,45.09810256958008,0.021693043410778046,0.9783069491386414,0.04338572546839714
JuPt16_01.txt_win27,JuPt16,JuPt16_01.txt,Ju,1,1,1,5.0205177103634924e-05,37.2286376953125,1.0000501871109009,38.2286376953125,0.025492828339338303,0.974507212638855,0.05098309740424156
JuPt16_01.txt_win28,JuPt16,JuPt16_01.txt,Ju,1,1,1,0.0009203666122630239,26.123348236083984,1.0009204149246216,27.123348236083984,0.03558920696377754,0.9644107818603516,0.07111296057701111
JuPt16_01.txt_win29,JuPt16,JuPt16_01.txt,Ju,1,0,0,8.531168937683105,1.393547773361206,9.531168937683105,2.393547773361206,0.7992784380912781,0.20072156190872192,0.16771887242794037
JuPt16_01.txt_win30,JuPt16,JuPt16_01.txt,Ju,1,0,0,15.574959754943848,0.03049824759364128,16.57495880126953,1.0304982662200928,0.9414671063423157,0.05853288993239403,0.11360114067792892
JuPt16_01.txt_win31,JuPt16,JuPt16_01.txt,Ju,1,1,1,0.004056459292769432,20.32330894470215,1.004056453704834,21.32330894470215,0.044969767332077026,0.9550302028656006,0.08957616984844208
JuPt16_01.txt_win0,JuPt16,JuPt16_01.txt,Ju,1,1,1,7.383720367215574e-05,35.631866455078125,1.000073790550232,36.631866455078125,0.026575133204460144,0.9734249114990234,0.05314634367823601
JuPt16_01.txt_win1,JuPt16,JuPt16_01.txt,Ju,1,1,1,3.41193335771095e-05,38.56831359863281,1.0000340938568115,39.56831359863281,0.02465059980750084,0.9753493666648865,0.04929951950907707
JuPt16_01.txt_win2,JuPt16,JuPt16_01.txt,Ju,1,1,1,0.000452062493423,28.663352966308594,1.0004520416259766,29.663352966308594,0.03262647986412048,0.9673734903335571,0.06522347778081894
JuPt16_01.txt_win3,JuPt16,JuPt16_01.txt,Ju,1,1,1,0.018139604479074478,18.34489631652832,1.0181396007537842,19.34489631652832,0.049999404698610306,0.9500006437301636,0.0982171818614006
JuPt16_01.txt_win4,JuPt16,JuPt16_01.txt,Ju,1,1,1,8.681519830133766e-05,35.09510803222656,1.000086784362793,36.09510803222656,0.026960007846355438,0.973039984703064,0.05391533672809601
JuPt16_01.txt_win5,JuPt16,JuPt16_01.txt,Ju,1,1,1,9.203688932757359e-06,44.486358642578125,1.0000091791152954,45.486358642578125,0.021511880680918694,0.9784881472587585,0.04302336648106575
JuPt16_01.txt_win6,JuPt16,JuPt16_01.txt,Ju,1,1,1,0.0003632760199252516,30.38294219970703,1.0003632307052612,31.38294219970703,0.030891327187418938,0.9691087007522583,0.06176022067666054
JuPt16_01.txt_win7,JuPt16,JuPt16_01.txt,Ju,1,1,1,0.0007050627609714866,27.159912109375,1.0007050037384033,28.159912109375,0.034317001700401306,0.9656829833984375,0.06858564913272858
JuPt16_01.txt_win8,JuPt16,JuPt16_01.txt,Ju,1,1,1,0.0002056154771707952,31.867168426513672,1.000205636024475,32.86716842651367,0.029533013701438904,0.9704669713973999,0.05905388295650482
JuPt16_01.txt_win9,JuPt16,JuPt16_01.txt,Ju,1,1,1,2.004419184231665e-05,40.71934509277344,1.0000200271606445,41.71934509277344,0.023409057408571243,0.9765909910202026,0.046817176043987274
JuPt16_01.txt_win10,JuPt16,JuPt16_01.txt,Ju,1,1,1,1.0475631825102028e-05,43.0545654296875,1.0000104904174805,44.0545654296875,0.022195536643266678,0.97780442237854,0.04439060762524605
JuPt16_01.txt_win11,JuPt16,JuPt16_01.txt,Ju,1,1,1,1.1448244549683295e-05,42.72848129272461,1.0000114440917969,43.72848129272461,0.02235736884176731,0.9776426553726196,0.04471422731876373
JuPt16_01.txt_win12,JuPt16,JuPt16_01.txt,Ju,1,1,1,9.031668014358729e-06,43.71271896362305,1.0000090599060059,44.71271896362305,0.02187594398856163,0.9781240820884705,0.043751493096351624
JuPt16_01.txt_win13,JuPt16,JuPt16_01.txt,Ju,1,1,1,1.240754863829352e-05,42.5262451171875,1.0000123977661133,43.5262451171875,0.022458937019109726,0.9775410890579224,0.04491731896996498
JuPt16_01.txt_win14,JuPt16,JuPt16_01.txt,Ju,1,1,1,1.4310367077996489e-05,42.00205612182617,1.000014305114746,43.00205612182617,0.022726528346538544,0.9772734642028809,0.04545240476727486
JuPt16_01.txt_win15,JuPt16,JuPt16_01.txt,Ju,1,1,1,8.229728700825945e-05,35.27190399169922,1.00008225440979,36.27190399169922,0.026832006871700287,0.9731679558753967,0.053659599274396896
JuPt16_01.txt_win16,JuPt16,JuPt16_01.txt,Ju,1,1,1,9.929686711984687e-06,43.296321868896484,1.0000098943710327,44.296321868896484,0.022077061235904694,0.9779229164123535,0.04415368288755417
JuPt16_01.txt_win17,JuPt16,JuPt16_01.txt,Ju,1,1,1,7.083016043907264e-06,44.499610900878906,1.0000070333480835,45.499610900878906,0.021505704149603844,0.9784942865371704,0.04301110655069351
JuPt16_01.txt_win18,JuPt16,JuPt16_01.txt,Ju,1,1,1,2.2428095689974725e-05,40.31037521362305,1.0000224113464355,41.31037521362305,0.02363538183271885,0.9763646125793457,0.047269705682992935
JuPt16_01.txt_win19,JuPt16,JuPt16_01.txt,Ju,1,1,1,0.0002601927553769201,31.299116134643555,1.0002602338790894,32.29911804199219,0.03003840707242489,0.9699616432189941,0.06006118282675743
JuPt16_01.txt_win20,JuPt16,JuPt16_01.txt,Ju,1,1,1,0.033320795744657516,17.115123748779297,1.0333207845687866,18.115123748779297,0.053963690996170044,0.9460362792015076,0.1044471263885498
JuPt16_01.txt_win21,JuPt16,JuPt16_01.txt,Ju,1,1,1,1.9553057427401654e-05,40.704010009765625,1.0000195503234863,41.704010009765625,0.023417452350258827,0.9765825867652893,0.04683398827910423
JuPt16_01.txt_win22,JuPt16,JuPt16_01.txt,Ju,1,1,1,4.438894848135533e-06,46.47474670410156,1.0000044107437134,47.47474670410156,0.020629387348890305,0.979370653629303,0.041258592158555984
JuPt16_01.txt_win23,JuPt16,JuPt16_01.txt,Ju,1,1,1,5.1636302487167995e-06,45.85104751586914,1.0000051259994507,46.85104751586914,0.02089828997850418,0.9791017174720764,0.04179636389017105
JuPt16_01.txt_win24,JuPt16,JuPt16_01.txt,Ju,1,1,1,2.8847382054664195e-05,39.375083923339844,1.0000288486480713,40.375083923339844,0.024169813841581345,0.9758301377296448,0.048338234424591064
JuPt16_01.txt_win25,JuPt16,JuPt16_01.txt,Ju,1,1,1,1.1433591680543032e-05,42.83614730834961,1.0000114440917969,43.83614730834961,0.022303681820631027,0.9776962995529175,0.044606853276491165
JuPt16_01.txt_win26,JuPt16,JuPt16_01.txt,Ju,1,1,1,1.5950081433402374e-05,41.5437126159668,1.0000159740447998,42.5437126159668,0.02296578697860241,0.9770342111587524,0.04593084007501602
JuPt16_01.txt_win27,JuPt16,JuPt16_01.txt,Ju,1,1,1,0.00012784631690010428,33.60390853881836,1.0001277923583984,34.60390853881836,0.02809029445052147,0.971909761428833,0.0561734102666378
JuPt16_01.txt_win28,JuPt16,JuPt16_01.txt,Ju,1,1,1,5.933852662565187e-06,45.36488342285156,1.0000059604644775,46.36488342285156,0.02111281082034111,0.978887140750885,0.042225368320941925
JuPt16_01.txt_win29,JuPt16,JuPt16_01.txt,Ju,1,1,1,4.967292625224218e-06,46.00300979614258,1.0000050067901611,47.00300979614258,0.020832128822803497,0.9791678786277771,0.04166404902935028
JuPt16_01.txt_win30,JuPt16,JuPt16_01.txt,Ju,1,1,1,5.951098046352854e-06,45.31918716430664,1.0000059604644775,46.31918716430664,0.021133199334144592,0.9788667559623718,0.04226614534854889
JuPt16_01.txt_win31,JuPt16,JuPt16_01.txt,Ju,1,1,1,6.3306879383162595e-06,45.205142974853516,1.0000063180923462,46.205142974853516,0.02118426375091076,0.9788157343864441,0.04236825928092003
JuPt16_01.txt_win0,JuPt16,JuPt16_01.txt,Ju,1,1,1,0.06645245105028152,15.051955223083496,1.0664525032043457,16.051956176757812,0.06229857727885246,0.9377014636993408,0.11683329194784164
JuPt16_01.txt_win1,JuPt16,JuPt16_01.txt,Ju,1,1,1,0.0009058157447725534,26.21113395690918,1.0009058713912964,27.21113395690918,0.03547796979546547,0.9645220041275024,0.07089171558618546
JuPt24_01.txt_win2,JuPt24,JuPt24_01.txt,Ju,1,1,1,2.9692227840423584,10.38523006439209,3.9692227840423584,11.38523006439209,0.25850629806518555,0.7414937019348145,0.13025537133216858
JuPt24_01.txt_win3,JuPt24,JuPt24_01.txt,Ju,1,0,0,26.15079689025879,0.0006260353839024901,27.15079689025879,1.0006260871887207,0.9644556045532227,0.03554442524909973,0.07104437053203583
JuPt24_01.txt_win4,JuPt24,JuPt24_01.txt,Ju,1,0,0,15.546476364135742,0.015903290361166,16.546476364135742,1.0159032344818115,0.942154586315155,0.05784542113542557,0.11387978494167328
JuPt24_01.txt_win5,JuPt24,JuPt24_01.txt,Ju,1,0,0,25.85329246520996,0.0006445985636673868,26.85329246520996,1.000644564628601,0.9640752673149109,0.03592470660805702,0.07180313766002655
JuPt24_01.txt_win6,JuPt24,JuPt24_01.txt,Ju,1,0,0,23.1364803314209,0.0014330227859318256,24.1364803314209,1.00143301486969,0.9601624608039856,0.0398375578224659,0.07956109941005707
JuPt24_01.txt_win7,JuPt24,JuPt24_01.txt,Ju,1,0,0,19.953794479370117,0.0038377323653548956,20.953794479370117,1.0038377046585083,0.9542829990386963,0.0457170307636261,0.09108450263738632
JuPt24_01.txt_win8,JuPt24,JuPt24_01.txt,Ju,1,0,0,30.074752807617188,0.0001948607387021184,31.074752807617188,1.0001949071884155,0.9688169360160828,0.03118305653333664,0.062353961169719696
JuPt24_01.txt_win9,JuPt24,JuPt24_01.txt,Ju,1,0,0,12.6246976852417,0.15095201134681702,13.6246976852417,1.1509519815444946,0.9221047759056091,0.07789518684148788,0.1353578418493271
JuPt24_01.txt_win10,JuPt24,JuPt24_01.txt,Ju,1,0,0,31.332679748535156,0.00013631038018502295,32.332679748535156,1.0001362562179565,0.9699954390525818,0.030004551634192467,0.06000092998147011
JuPt24_01.txt_win11,JuPt24,JuPt24_01.txt,Ju,1,0,0,37.168846130371094,2.416135794192087e-05,38.168846130371094,1.0000241994857788,0.9744689464569092,0.025531096383929253,0.051060959696769714
JuPt24_01.txt_win12,JuPt24,JuPt24_01.txt,Ju,1,0,0,17.796735763549805,0.00742780975997448,18.796735763549805,1.0074278116226196,0.9491305351257324,0.050869498401880264,0.10098886489868164
JuPt24_01.txt_win13,JuPt24,JuPt24_01.txt,Ju,1,0,0,14.600801467895508,0.08813278377056122,15.600801467895508,1.0881327390670776,0.9347991347312927,0.06520085036754608,0.11983988434076309
JuPt24_01.txt_win14,JuPt24,JuPt24_01.txt,Ju,1,0,0,21.828706741333008,0.0022983297239989042,22.828706741333008,1.002298355102539,0.9579414129257202,0.04205858334898949,0.08392427861690521
JuPt24_01.txt_win15,JuPt24,JuPt24_01.txt,Ju,1,1,1,1.726393222808838,9.913220405578613,2.726393222808838,10.913220405578613,0.19988785684108734,0.8001121282577515,0.14663171768188477
JuPt24_01.txt_win16,JuPt24,JuPt24_01.txt,Ju,1,0,0,14.608948707580566,0.2348412573337555,15.608948707580566,1.234841227531433,0.9266886115074158,0.07331136614084244,0.11873812228441238
JuPt24_01.txt_win17,JuPt24,JuPt24_01.txt,Ju,1,0,0,15.303465843200684,0.022810421884059906,16.303466796875,1.022810459136963,0.9409676790237427,0.05903232842683792,0.11543160676956177
JuPt24_01.txt_win18,JuPt24,JuPt24_01.txt,Ju,1,1,1,0.15624898672103882,15.039036750793457,1.1562490463256836,16.03903579711914,0.06724221259355545,0.9327577352523804,0.11631094664335251
JuPt24_01.txt_win19,JuPt24,JuPt24_01.txt,Ju,1,1,1,0.005231277085840702,20.552377700805664,1.005231261253357,21.552377700805664,0.044562846422195435,0.9554371237754822,0.08866187930107117
JuPt24_01.txt_win20,JuPt24,JuPt24_01.txt,Ju,1,0,0,11.920294761657715,0.28980907797813416,12.920294761657715,1.2898091077804565,0.9092329740524292,0.090767040848732,0.14074492454528809
JuPt24_01.txt_win21,JuPt24,JuPt24_01.txt,Ju,1,0,0,32.38656234741211,9.999794565374032e-05,33.38656234741211,1.000100016593933,0.9709160923957825,0.02908395230770111,0.058162085711956024
JuPt24_01.txt_win22,JuPt24,JuPt24_01.txt,Ju,1,0,0,44.603878021240234,2.794771717162803e-06,45.603878021240234,1.0000027418136597,0.9785425066947937,0.021457498893141747,0.04291487857699394
JuPt24_01.txt_win23,JuPt24,JuPt24_01.txt,Ju,1,0,0,34.29988479614258,5.6298162235179916e-05,35.29988479614258,1.000056266784668,0.9724501967430115,0.027549803256988525,0.05509650707244873
JuPt24_01.txt_win24,JuPt24,JuPt24_01.txt,Ju,1,0,0,14.930052757263184,0.02567341737449169,15.930052757263184,1.0256733894348145,0.9395086765289307,0.06049126759171486,0.11795424669981003
JuPt24_01.txt_win25,JuPt24,JuPt24_01.txt,Ju,1,1,1,7.937601185403764e-05,36.69805145263672,1.0000793933868408,37.69805145263672,0.025843093171715736,0.97415691614151,0.05168208107352257
JuPt24_01.txt_win26,JuPt24,JuPt24_01.txt,Ju,1,0,0,34.21343994140625,6.269357254495844e-05,35.21343994140625,1.0000627040863037,0.9723843336105347,0.02761574275791645,0.05522802099585533
JuPt24_01.txt_win27,JuPt24,JuPt24_01.txt,Ju,1,0,0,47.53009796142578,1.162780677077535e-06,48.53009796142578,1.0000011920928955,0.9798102378845215,0.020189767703413963,0.04037948697805405
JuPt24_01.txt_win28,JuPt24,JuPt24_01.txt,Ju,1,0,0,30.775583267211914,0.00015976816939655691,31.775583267211914,1.000159740447998,0.969484806060791,0.030515244230628014,0.06102073937654495
JuPt24_01.txt_win29,JuPt24,JuPt24_01.txt,Ju,1,0,0,49.24239730834961,7.106133921297442e-07,50.24239730834961,1.0000007152557373,0.9804849028587341,0.019515104591846466,0.039030179381370544
JuPt24_01.txt_win30,JuPt24,JuPt24_01.txt,Ju,1,0,0,42.271278381347656,5.348872036847752e-06,43.271278381347656,1.0000053644180298,0.9774119257926941,0.022588128224015236,0.04517601430416107
JuPt24_01.txt_win31,JuPt24,JuPt24_01.txt,Ju,1,0,0,27.79641342163086,0.00037402682937681675,28.79641342163086,1.0003740787506104,0.9664267897605896,0.033573217689991,0.06712132692337036
JuPt24_01.txt_win0,JuPt24,JuPt24_01.txt,Ju,1,0,0,29.893041610717773,0.00019800607697106898,30.893041610717773,1.0001980066299438,0.9686391949653625,0.03136081621050835,0.06270921230316162
JuPt24_01.txt_win1,JuPt24,JuPt24_01.txt,Ju,1,0,0,22.507308959960938,0.0016924092778936028,23.507308959960938,1.0016924142837524,0.9591296315193176,0.040870390832424164,0.08160267025232315
JuPt24_01.txt_win2,JuPt24,JuPt24_01.txt,Ju,1,0,0,13.401857376098633,0.06718375533819199,14.401857376098633,1.0671837329864502,0.9310116767883301,0.0689883604645729,0.12929049134254456
JuPt24_01.txt_win3,JuPt24,JuPt24_01.txt,Ju,1,0,0,30.79290199279785,0.00015420241106767207,31.79290199279785,1.0001542568206787,0.9695010185241699,0.030498964712023735,0.060988519340753555
JuPt24_01.txt_win4,JuPt24,JuPt24_01.txt,Ju,1,0,0,15.372649192810059,0.020252753049135208,16.372650146484375,1.0202527046203613,0.9413408637046814,0.0586591400206089,0.11498943716287613
JuPt24_01.txt_win5,JuPt24,JuPt24_01.txt,Ju,1,1,1,0.0005313702276907861,29.14166259765625,1.0005313158035278,30.14166259765625,0.03212783485651016,0.967872142791748,0.06422154605388641
JuPt24_01.txt_win6,JuPt24,JuPt24_01.txt,Ju,1,0,0,16.074323654174805,0.015126907266676426,17.074323654174805,1.0151269435882568,0.943882942199707,0.056117068976163864,0.11056167632341385
JuPt24_01.txt_win7,JuPt24,JuPt24_01.txt,Ju,1,0,0,33.24653625488281,7.69872494856827e-05,34.24653625488281,1.0000770092010498,0.971626341342926,0.028373705223202705,0.056743040680885315
JuPt24_01.txt_win8,JuPt24,JuPt24_01.txt,Ju,1,0,0,6.144835948944092,3.9018874168395996,7.144835948944092,4.9018874168396,0.5930936932563782,0.40690627694129944,0.1660202443599701
JuPt24_01.txt_win9,JuPt24,JuPt24_01.txt,Ju,1,0,0,20.519302368164062,0.0031882731709629297,21.519302368164062,1.0031882524490356,0.9554583430290222,0.0445416197180748,0.08880012482404709
JuPt24_01.txt_win10,JuPt24,JuPt24_01.txt,Ju,1,0,0,5.921109676361084,4.6641387939453125,6.921109676361084,5.6641387939453125,0.5499382615089417,0.45006170868873596,0.15891620516777039
JuPt24_01.txt_win11,JuPt24,JuPt24_01.txt,Ju,1,1,1,0.006626128684729338,20.786441802978516,1.0066261291503906,21.786441802978516,0.044163696467876434,0.955836296081543,0.08774597942829132
JuPt24_01.txt_win12,JuPt24,JuPt24_01.txt,Ju,1,0,0,7.085539817810059,3.1154351234436035,8.085539817810059,4.1154351234436035,0.6626961827278137,0.3373037874698639,0.1639213263988495
JuPt24_01.txt_win13,JuPt24,JuPt24_01.txt,Ju,1,1,1,5.082665920257568,6.189432621002197,6.082665920257568,7.189432621002197,0.458304762840271,0.541695237159729,0.15069207549095154
JuPt24_01.txt_win14,JuPt24,JuPt24_01.txt,Ju,1,1,1,0.001611839747056365,24.926212310791016,1.0016118288040161,25.926212310791016,0.037196166813373566,0.962803840637207,0.07427261769771576
JuPt24_01.txt_win15,JuPt24,JuPt24_01.txt,Ju,1,0,0,13.20586109161377,0.05866766721010208,14.20586109161377,1.0586676597595215,0.9306452870368958,0.06935475766658783,0.13102272152900696
JuPt24_01.txt_win16,JuPt24,JuPt24_01.txt,Ju,1,0,0,34.3995475769043,5.6313998356927186e-05,35.3995475769043,1.000056266784668,0.9725255966186523,0.02747437171638012,0.054945651441812515
JuPt24_01.txt_win17,JuPt24,JuPt24_01.txt,Ju,1,0,0,19.60091781616211,0.0046988436952233315,20.60091781616211,1.0046988725662231,0.9534982442855835,0.04650174453854561,0.09256851673126221
JuPt24_02.txt_win18,JuPt24,JuPt24_02.txt,Ju,1,0,0,15.423433303833008,0.012656903825700283,16.423433303833008,1.0126569271087646,0.9419217705726624,0.058078210800886154,0.11470460891723633
JuPt24_02.txt_win19,JuPt24,JuPt24_02.txt,Ju,1,1,1,0.05015024542808533,10.669337272644043,1.0501502752304077,11.669337272644043,0.08256231248378754,0.917437732219696,0.15723904967308044
JuPt24_02.txt_win20,JuPt24,JuPt24_02.txt,Ju,1,1,1,0.06427766382694244,10.314275741577148,1.0642776489257812,11.314275741577148,0.08597754687070847,0.9140224456787109,0.1615697741508484
JuPt24_02.txt_win21,JuPt24,JuPt24_02.txt,Ju,1,0,0,21.119792938232422,0.0024372143670916557,22.119792938232422,1.0024372339248657,0.9566461443901062,0.04335382953286171,0.08649684488773346
JuPt24_02.txt_win22,JuPt24,JuPt24_02.txt,Ju,1,0,0,27.96672821044922,0.0003226502740290016,28.96672821044922,1.000322699546814,0.9666192531585693,0.03338075429201126,0.06673996895551682
JuPt24_02.txt_win23,JuPt24,JuPt24_02.txt,Ju,1,0,0,37.302913665771484,2.151267290173564e-05,38.302913665771484,1.0000214576721191,0.974556028842926,0.02544393762946129,0.05088678374886513
JuPt24_02.txt_win24,JuPt24,JuPt24_02.txt,Ju,1,0,0,21.682260513305664,0.0020648129284381866,22.682260513305664,1.002064824104309,0.9576907753944397,0.042309198528528214,0.08444403111934662
JuPt24_02.txt_win25,JuPt24,JuPt24_02.txt,Ju,1,1,1,0.04751564934849739,12.146957397460938,1.047515630722046,13.146957397460938,0.07379742711782455,0.9262025356292725,0.1408999115228653
JuPt24_02.txt_win26,JuPt24,JuPt24_02.txt,Ju,1,1,1,0.009365149773657322,18.042478561401367,1.009365200996399,19.042478561401367,0.0503377765417099,0.9496622085571289,0.09974145144224167
JuPt24_02.txt_win27,JuPt24,JuPt24_02.txt,Ju,1,1,1,0.0190195981413126,15.400705337524414,1.019019603729248,16.400705337524414,0.05849802866578102,0.9415019154548645,0.11481237411499023
JuPt24_02.txt_win28,JuPt24,JuPt24_02.txt,Ju,1,1,1,0.014126568101346493,16.79878044128418,1.0141265392303467,17.79878044128418,0.05390589311718941,0.9460941553115845,0.10630999505519867
JuPt24_02.txt_win29,JuPt24,JuPt24_02.txt,Ju,1,1,1,0.015093376860022545,16.811994552612305,1.0150933265686035,17.811994552612305,0.05391664057970047,0.9460833668708801,0.10622992366552353
JuPt24_02.txt_win30,JuPt24,JuPt24_02.txt,Ju,1,1,1,1.1128723621368408,3.0452957153320312,2.112872362136841,4.045295715332031,0.34310081601142883,0.6568992137908936,0.324771910905838
JuPt24_02.txt_win31,JuPt24,JuPt24_02.txt,Ju,1,1,1,0.011670943349599838,17.758058547973633,1.0116709470748901,18.758058547973633,0.05117272585630417,0.9488272666931152,0.10116476565599442
JuPt24_02.txt_win0,JuPt24,JuPt24_02.txt,Ju,1,1,1,0.0002483302669133991,32.682411193847656,1.0002483129501343,33.682411193847656,0.028840012848377228,0.9711599946022034,0.05766570568084717
JuPt24_02.txt_win1,JuPt24,JuPt24_02.txt,Ju,1,1,1,0.13584981858730316,7.723812103271484,1.1358498334884644,8.723812103271484,0.11520169675350189,0.8847982883453369,0.2028467059135437
JuPt24_02.txt_win2,JuPt24,JuPt24_02.txt,Ju,1,1,1,0.040168628096580505,12.858365058898926,1.0401686429977417,13.858365058898926,0.06981684267520905,0.9301831722259521,0.13424140214920044
JuPt24_02.txt_win3,JuPt24,JuPt24_02.txt,Ju,1,1,1,0.00375617784447968,22.483577728271484,1.0037561655044556,23.483577728271484,0.040990833193063736,0.9590091705322266,0.08167488127946854
JuPt24_02.txt_win4,JuPt24,JuPt24_02.txt,Ju,1,1,1,0.005500816274434328,20.940004348754883,1.0055007934570312,21.940004348754883,0.04382125288248062,0.9561787247657776,0.0871630385518074
JuPt24_02.txt_win5,JuPt24,JuPt24_02.txt,Ju,1,1,1,0.007088333368301392,19.925418853759766,1.007088303565979,20.925418853759766,0.045917611569166183,0.9540824294090271,0.09118884801864624
JuPt24_02.txt_win6,JuPt24,JuPt24_02.txt,Ju,1,1,1,0.010374513454735279,18.284820556640625,1.0103745460510254,19.284820556640625,0.04978393018245697,0.9502161145210266,0.09854549169540405
JuPt24_02.txt_win7,JuPt24,JuPt24_02.txt,Ju,1,1,1,0.0030253732111305,23.138513565063477,1.0030254125595093,24.138513565063477,0.03989514708518982,0.9601048827171326,0.0795496255159378
JuPt24_02.txt_win8,JuPt24,JuPt24_02.txt,Ju,1,0,0,10.589280128479004,0.05820145085453987,11.589280128479004,1.0582014322280884,0.9163310527801514,0.08366893976926804,0.15813425183296204
JuPt24_02.txt_win9,JuPt24,JuPt24_02.txt,Ju,1,0,0,11.131932258605957,0.0573330894112587,12.131932258605957,1.0573331117630005,0.9198338389396667,0.08016619086265564,0.151638463139534
JuPt24_02.txt_win10,JuPt24,JuPt24_02.txt,Ju,1,1,1,0.03879160434007645,12.98565673828125,1.0387916564941406,13.98565673828125,0.06914008408784866,0.9308599233627319,0.13311636447906494
JuPt24_02.txt_win11,JuPt24,JuPt24_02.txt,Ju,1,1,1,0.026522008702158928,14.56307315826416,1.0265220403671265,15.56307315826416,0.06187745928764343,0.9381225109100342,0.12055748701095581
JuPt24_02.txt_win12,JuPt24,JuPt24_02.txt,Ju,1,1,1,0.0012763779377564788,26.75678253173828,1.0012763738632202,27.75678253173828,0.03481724485754967,0.9651827812194824,0.06954572349786758
JuPt24_02.txt_win13,JuPt24,JuPt24_02.txt,Ju,1,1,1,0.004118555225431919,22.092636108398438,1.00411856174469,23.092636108398438,0.04167028144001961,0.9583297371864319,0.08299873024225235
JuPt24_02.txt_win14,JuPt24,JuPt24_02.txt,Ju,1,1,1,0.0007353543769568205,29.104328155517578,1.0007354021072388,30.104328155517578,0.03217274695634842,0.9678272008895874,0.06429821252822876
JuPt24_02.txt_win15,JuPt24,JuPt24_02.txt,Ju,1,1,1,0.00040787315811030567,31.091625213623047,1.0004078149795532,32.09162521362305,0.03023107722401619,0.9697689414024353,0.060437507927417755
JuPt24_02.txt_win16,JuPt24,JuPt24_02.txt,Ju,1,1,1,0.0002491887134965509,33.281532287597656,1.0002491474151611,34.281532287597656,0.028350302949547768,0.971649706363678,0.056686483323574066
JuPt24_02.txt_win17,JuPt24,JuPt24_02.txt,Ju,1,1,1,0.0003326459845993668,32.27095031738281,1.0003325939178467,33.27095031738281,0.029188653454184532,0.9708113670349121,0.05835789814591408
JuPt24_02.txt_win18,JuPt24,JuPt24_02.txt,Ju,1,1,1,3.4121578210033476e-05,40.40121841430664,1.0000340938568115,41.40121841430664,0.023585012182593346,0.9764149785041809,0.047168418765068054
JuPt24_02.txt_win19,JuPt24,JuPt24_02.txt,Ju,1,1,1,0.019683292135596275,15.423188209533691,1.0196832418441772,16.423187255859375,0.05845845118165016,0.9415414929389954,0.11466002464294434
JuPt24_02.txt_win20,JuPt24,JuPt24_02.txt,Ju,1,1,1,0.5829876065254211,1.5441288948059082,1.5829875469207764,2.544128894805908,0.3835577964782715,0.6164422631263733,0.48459988832473755
JuPt24_02.txt_win21,JuPt24,JuPt24_02.txt,Ju,1,1,1,0.015811359509825706,16.72492218017578,1.0158113241195679,17.72492218017578,0.05420339107513428,0.945796549320221,0.10671940445899963
JuPt24_02.txt_win22,JuPt24,JuPt24_02.txt,Ju,1,1,1,1.6484975276398472e-05,43.12776184082031,1.000016450881958,44.12776184082031,0.022159665822982788,0.9778403639793396,0.04431860148906708
JuPt24_02.txt_win23,JuPt24,JuPt24_02.txt,Ju,1,1,1,2.8004416890325956e-05,41.86296463012695,1.0000280141830444,42.86296463012695,0.022798901423811913,0.9772011041641235,0.04559652507305145
JuPt24_02.txt_win24,JuPt24,JuPt24_02.txt,Ju,1,1,1,0.0002477533707860857,33.384124755859375,1.0002477169036865,34.384124755859375,0.028268063440918922,0.9717319011688232,0.056522127240896225
JuPt24_02.txt_win25,JuPt24,JuPt24_02.txt,Ju,1,1,1,0.00033324345713481307,32.301605224609375,1.0003331899642944,33.301605224609375,0.029162585735321045,0.9708374738693237,0.05830574408173561
JuPt24_02.txt_win26,JuPt24,JuPt24_02.txt,Ju,1,1,1,8.227523358073086e-05,37.50594711303711,1.00008225440979,38.50594711303711,0.02531467378139496,0.9746853113174438,0.05062518268823624
JuPt24_02.txt_win27,JuPt24,JuPt24_02.txt,Ju,1,1,1,3.914989429176785e-05,40.510860443115234,1.0000391006469727,41.510860443115234,0.023524299263954163,0.976475715637207,0.047046758234500885
JuPt24_02.txt_win28,JuPt24,JuPt24_02.txt,Ju,1,1,1,3.08880080410745e-05,41.376434326171875,1.0000308752059937,42.376434326171875,0.023054689168930054,0.9769453406333923,0.046107951551675797
JuPt24_02.txt_win29,JuPt24,JuPt24_02.txt,Ju,1,1,1,4.785042165167397e-06,47.824310302734375,1.000004768371582,48.824310302734375,0.020070618018507957,0.9799293875694275,0.04014104604721069
SiCo01_01.txt_win30,SiCo01,SiCo01_01.txt,Si,0,0,1,29.53412628173828,0.0002470070612616837,30.53412628173828,1.0002470016479492,0.9682807326316833,0.03171925991773605,0.06342285126447678
SiCo01_01.txt_win31,SiCo01,SiCo01_01.txt,Si,0,0,1,40.76036834716797,9.31058093556203e-06,41.76036834716797,1.000009298324585,0.9766137003898621,0.023386353626847267,0.04677227512001991
SiCo01_01.txt_win0,SiCo01,SiCo01_01.txt,Si,0,0,1,48.76679229736328,8.74251895766065e-07,49.76679229736328,1.0000008344650269,0.980302095413208,0.01969793252646923,0.039395831525325775
SiCo01_01.txt_win1,SiCo01,SiCo01_01.txt,Si,0,0,1,48.145118713378906,1.0364231002313318e-06,49.145118713378906,1.000001072883606,0.9800578951835632,0.019942142069339752,0.03988423943519592
SiCo01_01.txt_win2,SiCo01,SiCo01_01.txt,Si,0,0,1,52.46381759643555,2.931828930741176e-07,53.46381759643555,1.000000238418579,0.9816392064094543,0.018360817804932594,0.03672162815928459
SiCo01_01.txt_win3,SiCo01,SiCo01_01.txt,Si,0,0,1,54.38306427001953,1.7124611417784763e-07,55.38306427001953,1.0000001192092896,0.9822641611099243,0.01773582398891449,0.03547164425253868
SiCo01_01.txt_win4,SiCo01,SiCo01_01.txt,Si,0,0,1,53.06143569946289,2.5420555971322756e-07,54.06143569946289,1.000000238418579,0.9818384647369385,0.018161535263061523,0.03632306307554245
SiCo01_01.txt_win5,SiCo01,SiCo01_01.txt,Si,0,0,1,55.66428756713867,1.1569689917223513e-07,56.66428756713867,1.0000001192092896,0.9826582670211792,0.01734175719320774,0.03468351066112518
SiCo01_01.txt_win6,SiCo01,SiCo01_01.txt,Si,0,0,1,51.55896759033203,3.868748592594784e-07,52.55896759033203,1.0000003576278687,0.9813289642333984,0.01867101714015007,0.03734201937913895
SiCo01_01.txt_win7,SiCo01,SiCo01_01.txt,Si,0,0,1,53.08528137207031,2.486412995494902e-07,54.08528137207031,1.000000238418579,0.9818463325500488,0.01815367303788662,0.03630733862519264
SiCo01_01.txt_win8,SiCo01,SiCo01_01.txt,Si,0,0,1,54.939701080322266,1.429862805935045e-07,55.939701080322266,1.0000001192092896,0.9824375510215759,0.017562441527843475,0.035124875605106354
SiCo01_01.txt_win9,SiCo01,SiCo01_01.txt,Si,0,0,1,53.588443756103516,2.1118421500432305e-07,54.588443756103516,1.000000238418579,0.9820106625556946,0.017989354208111763,0.03597870096564293
SiCo01_01.txt_win10,SiCo01,SiCo01_01.txt,Si,0,0,1,53.30815505981445,2.3024529127724236e-07,54.30815505981445,1.000000238418579,0.9819194674491882,0.018080521374940872,0.03616103157401085
SiCo01_01.txt_win11,SiCo01,SiCo01_01.txt,Si,0,0,1,53.39650344848633,2.2613951955463563e-07,54.39650344848633,1.000000238418579,0.9819483160972595,0.018051685765385628,0.03610336035490036
SiCo01_01.txt_win12,SiCo01,SiCo01_01.txt,Si,0,0,1,53.081024169921875,2.484149490555865e-07,54.081024169921875,1.000000238418579,0.9818449020385742,0.01815507747232914,0.036310143768787384
SiCo01_01.txt_win13,SiCo01,SiCo01_01.txt,Si,0,0,1,46.913795471191406,1.4742428220415604e-06,47.913795471191406,1.0000014305114746,0.9795558452606201,0.02044415846467018,0.040888261049985886
SiCo01_01.txt_win14,SiCo01,SiCo01_01.txt,Si,0,0,1,43.15740203857422,4.318269930081442e-06,44.15740203857422,1.0000042915344238,0.9778551459312439,0.022144857794046402,0.04428952559828758
SiCo01_01.txt_win15,SiCo01,SiCo01_01.txt,Si,0,0,1,44.77208709716797,2.7033634069084655e-06,45.77208709716797,1.0000027418136597,0.9786196351051331,0.021380329504609108,0.042760543525218964
SiCo01_01.txt_win16,SiCo01,SiCo01_01.txt,Si,0,0,1,47.448787689208984,1.3133161473888322e-06,48.448787689208984,1.000001311302185,0.9797770380973816,0.020222969353199005,0.04044588655233383
SiCo01_01.txt_win17,SiCo01,SiCo01_01.txt,Si,0,0,1,54.190433502197266,1.7546599906381743e-07,55.190433502197266,1.0000001192092896,0.9822033643722534,0.017796626314520836,0.03559324890375137
SiCo01_01.txt_win18,SiCo01,SiCo01_01.txt,Si,0,0,1,53.534019470214844,2.1450313170134905e-07,54.534019470214844,1.000000238418579,0.9819930195808411,0.018006984144449234,0.03601396083831787
SiCo01_01.txt_win19,SiCo01,SiCo01_01.txt,Si,0,0,1,54.554141998291016,1.5812592835118267e-07,55.554141998291016,1.0000001192092896,0.9823178052902222,0.01768217235803604,0.035364340990781784
SiCo01_01.txt_win20,SiCo01,SiCo01_01.txt,Si,0,0,1,54.99455261230469,1.3903688511618384e-07,55.99455261230469,1.0000001192092896,0.9824544787406921,0.017545538023114204,0.03509107232093811
SiCo01_01.txt_win21,SiCo01,SiCo01_01.txt,Si,0,0,1,55.722286224365234,1.1279367839733823e-07,56.722286224365234,1.0000001192092896,0.9826756715774536,0.017324334010481834,0.03464866057038307
SiCo01_01.txt_win22,SiCo01,SiCo01_01.txt,Si,0,0,1,56.95918655395508,7.810740498825908e-08,57.95918655395508,1.0000001192092896,0.983039140701294,0.016960887238383293,0.03392177075147629
SiCo01_01.txt_win23,SiCo01,SiCo01_01.txt,Si,0,0,1,57.785926818847656,6.143409336800687e-08,58.785926818847656,1.0000001192092896,0.9832736849784851,0.01672634668648243,0.03345268964767456
SiCo01_01.txt_win24,SiCo01,SiCo01_01.txt,Si,0,0,1,57.102413177490234,7.48949844364688e-08,58.102413177490234,1.0000001192092896,0.9830802083015442,0.016919784247875214,0.03383956477046013
SiCo01_01.txt_win25,SiCo01,SiCo01_01.txt,Si,0,0,1,55.75413513183594,1.1023231394347022e-07,56.75413513183594,1.0000001192092896,0.9826852083206177,0.01731478050351143,0.03462955355644226
SiCo01_01.txt_win26,SiCo01,SiCo01_01.txt,Si,0,0,1,55.025794982910156,1.3692753952909698e-07,56.025794982910156,1.0000001192092896,0.982464075088501,0.017535926774144173,0.03507184609770775
SiCo01_01.txt_win27,SiCo01,SiCo01_01.txt,Si,0,0,1,48.3570556640625,9.831419447436929e-07,49.3570556640625,1.0000009536743164,0.980141818523407,0.019858209416270256,0.03971638157963753
SiCo01_01.txt_win28,SiCo01,SiCo01_01.txt,Si,0,0,1,45.943302154541016,2.008925775953685e-06,46.943302154541016,1.0000020265579224,0.9791419506072998,0.02085801213979721,0.04171593859791756
SiCo01_01.txt_win29,SiCo01,SiCo01_01.txt,Si,0,0,1,28.536746978759766,0.0005277647287584841,29.536746978759766,1.0005277395248413,0.9672358632087708,0.032764144241809845,0.06549372524023056
SiCo01_01.txt_win30,SiCo01,SiCo01_01.txt,Si,0,0,1,34.238582611083984,5.979470006423071e-05,35.238582611083984,1.0000598430633545,0.9724034667015076,0.027596503496170044,0.05518970265984535
SiCo01_01.txt_win31,SiCo01,SiCo01_01.txt,Si,0,0,1,38.00431442260742,1.987665928027127e-05,39.00431442260742,1.000019907951355,0.9750022292137146,0.024997789412736893,0.049994584172964096
SiCo01_01.txt_win0,SiCo01,SiCo01_01.txt,Si,0,0,1,51.665863037109375,3.71505791463278e-07,52.665863037109375,1.0000003576278687,0.9813661575317383,0.018633825704455376,0.037267640233039856
SiCo01_01.txt_win1,SiCo01,SiCo01_01.txt,Si,0,0,1,48.840293884277344,8.322146527461882e-07,49.840293884277344,1.0000008344650269,0.9803305864334106,0.01966945454478264,0.03933887556195259
SiCo01_01.txt_win2,SiCo01,SiCo01_01.txt,Si,0,0,1,49.56398391723633,6.778664669582213e-07,50.56398391723633,1.0000007152557373,0.9806066155433655,0.019393395632505417,0.038786761462688446
SiCo01_01.txt_win3,SiCo01,SiCo01_01.txt,Si,0,0,1,48.81513214111328,8.472045465168776e-07,49.81513214111328,1.0000008344650269,0.9803208112716675,0.019679194316267967,0.03935835510492325
SiCo01_01.txt_win4,SiCo01,SiCo01_01.txt,Si,0,0,1,48.50811767578125,9.421650588592456e-07,49.50811767578125,1.0000009536743164,0.9802011847496033,0.019798817113041878,0.03959759697318077
SiCo01_01.txt_win5,SiCo01,SiCo01_01.txt,Si,0,0,1,53.81251525878906,2.0072778283974912e-07,54.81251525878906,1.000000238418579,0.9820828437805176,0.017917132005095482,0.03583425655961037
SiCo01_01.txt_win6,SiCo01,SiCo01_01.txt,Si,0,0,1,52.510433197021484,2.8603543000826903e-07,53.510433197021484,1.000000238418579,0.9816548824310303,0.018345115706324577,0.03669022396206856
SiCo01_01.txt_win7,SiCo01,SiCo01_01.txt,Si,0,0,1,51.55937194824219,3.8080824538155866e-07,52.55937194824219,1.0000003576278687,0.9813291430473328,0.01867087557911873,0.03734173625707626
SiCo01_01.txt_win8,SiCo01,SiCo01_01.txt,Si,0,0,1,50.27101516723633,5.560938234339119e-07,51.27101516723633,1.0000005960464478,0.980868935585022,0.019131071865558624,0.03826212137937546
SiCo01_01.txt_win9,SiCo01,SiCo01_01.txt,Si,0,0,1,52.903419494628906,2.603818245461298e-07,53.903419494628906,1.000000238418579,0.9817861914634705,0.018213806673884392,0.03642760217189789
SiCo01_01.txt_win10,SiCo01,SiCo01_01.txt,Si,0,0,1,52.33940887451172,3.0348783752742747e-07,53.33940887451172,1.0000003576278687,0.9815971255302429,0.018402855843305588,0.03680570051074028
SiCo01_01.txt_win11,SiCo01,SiCo01_01.txt,Si,0,0,1,52.28974914550781,3.0595390398957534e-07,53.28974914550781,1.0000003576278687,0.9815803170204163,0.018419690430164337,0.03683936595916748
SiCo01_01.txt_win12,SiCo01,SiCo01_01.txt,Si,0,0,1,46.4240837097168,1.7385574437867035e-06,47.4240837097168,1.0000017881393433,0.9793491363525391,0.020650917664170265,0.04130176082253456
SiCo01_01.txt_win13,SiCo01,SiCo01_01.txt,Si,0,0,1,47.306297302246094,1.3548232118409942e-06,48.306297302246094,1.000001311302185,0.9797186255455017,0.020281411707401276,0.04056277126073837
SiCo10_01.txt_win14,SiCo10,SiCo10_01.txt,Si,0,0,1,51.365745544433594,3.7898516325185483e-07,52.365745544433594,1.0000003576278687,0.9812613725662231,0.01873861812055111,0.03747722506523132
SiCo10_01.txt_win15,SiCo10,SiCo10_01.txt,Si,0,0,1,59.625999450683594,3.415215843460828e-08,60.625999450683594,1.0,0.9837731122970581,0.016226917505264282,0.032453835010528564
SiCo10_01.txt_win16,SiCo10,SiCo10_01.txt,Si,0,0,1,60.61603927612305,2.564957668482748e-08,61.61603927612305,1.0,0.9840296506881714,0.015970349311828613,0.03194069862365723
SiCo10_01.txt_win17,SiCo10,SiCo10_01.txt,Si,0,0,1,60.85039520263672,2.401772647431244e-08,61.85039520263672,1.0,0.984089195728302,0.01591079868376255,0.0318215973675251
SiCo10_01.txt_win18,SiCo10,SiCo10_01.txt,Si,0,0,1,59.144683837890625,3.9898989001585505e-08,60.144683837890625,1.0,0.9836453199386597,0.016354652121663094,0.03270930424332619
SiCo10_01.txt_win19,SiCo10,SiCo10_01.txt,Si,0,0,1,58.45757293701172,4.88004907595041e-08,59.45757293701172,1.0,0.98345947265625,0.01654052548110485,0.0330810509622097
SiCo10_01.txt_win20,SiCo10,SiCo10_01.txt,Si,0,0,1,61.94624710083008,1.7342069114079095e-08,62.94624710083008,1.0,0.9843618869781494,0.015638133510947227,0.031276267021894455
SiCo10_01.txt_win21,SiCo10,SiCo10_01.txt,Si,0,0,1,62.577789306640625,1.4343144449924239e-08,63.577789306640625,1.0,0.9845147728919983,0.015485200099647045,0.03097040019929409
SiCo10_01.txt_win22,SiCo10,SiCo10_01.txt,Si,0,0,1,63.5615234375,1.0822953200317897e-08,64.5615234375,1.0,0.9847471714019775,0.015252849087119102,0.030505698174238205
SiCo10_01.txt_win23,SiCo10,SiCo10_01.txt,Si,0,0,1,51.355690002441406,3.851200460758264e-07,52.355690002441406,1.0000003576278687,0.9812578558921814,0.01874214969575405,0.03748428821563721
SiCo10_01.txt_win24,SiCo10,SiCo10_01.txt,Si,0,0,1,50.44663619995117,5.160764544598351e-07,51.44663619995117,1.0000004768371582,0.9809330105781555,0.019067008048295975,0.038134001195430756
SiCo10_01.txt_win25,SiCo10,SiCo10_01.txt,Si,0,0,1,60.7100944519043,2.5088734645350996e-08,61.7100944519043,1.0,0.9840536117553711,0.015946395695209503,0.031892791390419006
SiCo10_01.txt_win26,SiCo10,SiCo10_01.txt,Si,0,0,1,59.0994758605957,4.004812481639419e-08,60.0994758605957,1.0,0.9836332201957703,0.016366751864552498,0.032733503729104996
SiCo10_01.txt_win27,SiCo10,SiCo10_01.txt,Si,0,0,1,61.41948318481445,2.0427171065762195e-08,62.41948318481445,1.0,0.9842319488525391,0.01576802507042885,0.0315360501408577
SiCo10_01.txt_win28,SiCo10,SiCo10_01.txt,Si,0,0,1,59.9647216796875,3.08786880509615e-08,60.9647216796875,1.0,0.9838618040084839,0.016138214617967606,0.03227642923593521
SiCo10_01.txt_win29,SiCo10,SiCo10_01.txt,Si,0,0,1,62.315574645996094,1.5599892932982584e-08,63.315574645996094,1.0,0.9844516515731812,0.015548333525657654,0.031096667051315308
SiCo10_01.txt_win30,SiCo10,SiCo10_01.txt,Si,0,0,1,61.30068588256836,2.1087661394858515e-08,62.30068588256836,1.0,0.9842023849487305,0.01579761691391468,0.03159523382782936
SiCo10_01.txt_win31,SiCo10,SiCo10_01.txt,Si,0,0,1,61.176631927490234,2.201116977573747e-08,62.176631927490234,1.0,0.9841713905334473,0.015828637406229973,0.031657274812459946
SiCo10_01.txt_win0,SiCo10,SiCo10_01.txt,Si,0,0,1,59.33936309814453,3.761993383477602e-08,60.33936309814453,1.0,0.983697235584259,0.016302745789289474,0.03260549157857895
SiCo10_01.txt_win1,SiCo10,SiCo10_01.txt,Si,0,0,1,59.10995864868164,3.995892683406055e-08,60.10995864868164,1.0,0.9836360812187195,0.016363944858312607,0.032727889716625214
SiCo10_01.txt_win2,SiCo10,SiCo10_01.txt,Si,0,0,1,35.295753479003906,4.21881559304893e-05,36.295753479003906,1.000042200088501,0.973186194896698,0.026813805103302002,0.05362534895539284
SiCo10_01.txt_win3,SiCo10,SiCo10_01.txt,Si,0,0,1,42.957393646240234,4.648143658414483e-06,43.957393646240234,1.0000046491622925,0.9777566194534302,0.022243384271860123,0.04448655992746353
SiCo10_01.txt_win4,SiCo10,SiCo10_01.txt,Si,0,0,1,59.56027603149414,3.479527421745843e-08,60.56027603149414,1.0,0.9837557673454285,0.01624424196779728,0.03248848393559456
SiCo10_01.txt_win5,SiCo10,SiCo10_01.txt,Si,0,0,1,60.07953643798828,3.0022878405588926e-08,61.07953643798828,1.0,0.9838916063308716,0.01610836759209633,0.03221673518419266
SiCo10_01.txt_win6,SiCo10,SiCo10_01.txt,Si,0,0,1,60.2719612121582,2.8250882522229404e-08,61.2719612121582,1.0,0.9839414358139038,0.01605859212577343,0.03211718425154686
SiCo10_01.txt_win7,SiCo10,SiCo10_01.txt,Si,0,0,1,58.113651275634766,5.377820500029884e-08,59.113651275634766,1.0,0.9833648204803467,0.01663515716791153,0.03327031433582306
SiCo10_01.txt_win8,SiCo10,SiCo10_01.txt,Si,0,0,1,59.679141998291016,3.39390382464444e-08,60.679141998291016,1.0,0.9837870597839355,0.016212936490774155,0.03242587298154831
SiCo10_01.txt_win9,SiCo10,SiCo10_01.txt,Si,0,0,1,56.1180534362793,9.555072466582715e-08,57.1180534362793,1.0000001192092896,0.9827936291694641,0.017206359654664993,0.03441271558403969
SiCo10_01.txt_win10,SiCo10,SiCo10_01.txt,Si,0,0,1,59.45664596557617,3.5834325728956173e-08,60.45664596557617,1.0,0.9837283492088318,0.01627163402736187,0.03254326805472374
SiCo10_01.txt_win11,SiCo10,SiCo10_01.txt,Si,0,0,1,59.61397933959961,3.424798578066657e-08,60.61397933959961,1.0,0.9837698936462402,0.016230082139372826,0.03246016427874565
SiCo10_01.txt_win12,SiCo10,SiCo10_01.txt,Si,0,0,1,52.66263961791992,2.6585615842122934e-07,53.66263961791992,1.000000238418579,0.9817059636116028,0.018294034525752068,0.03658806160092354
SiCo10_01.txt_win13,SiCo10,SiCo10_01.txt,Si,0,0,1,53.20661163330078,2.2790686671214644e-07,54.20661163330078,1.000000238418579,0.9818862080574036,0.01811377704143524,0.036227546632289886
SiCo10_01.txt_win14,SiCo10,SiCo10_01.txt,Si,0,0,1,62.34413528442383,1.5421912635815715e-08,63.34413528442383,1.0,0.9844586253166199,0.015541432425379753,0.031082864850759506
SiCo10_01.txt_win15,SiCo10,SiCo10_01.txt,Si,0,0,1,60.597434997558594,2.517434616322589e-08,61.597434997558594,1.0,0.9840248823165894,0.015975095331668854,0.03195019066333771
SiCo10_01.txt_win16,SiCo10,SiCo10_01.txt,Si,0,0,1,59.62112045288086,3.374275081569067e-08,60.62112045288086,1.0,0.983771800994873,0.01622820273041725,0.0324564054608345
SiCo10_01.txt_win17,SiCo10,SiCo10_01.txt,Si,0,0,1,60.362648010253906,2.761998985079117e-08,61.362648010253906,1.0,0.983964741230011,0.01603524014353752,0.03207048028707504
SiCo10_01.txt_win18,SiCo10,SiCo10_01.txt,Si,0,0,1,59.8880500793457,3.165059325738184e-08,60.8880500793457,1.0,0.9838417768478394,0.01615820825099945,0.0323164165019989
SiCo10_01.txt_win19,SiCo10,SiCo10_01.txt,Si,0,0,1,58.737632751464844,4.447710111321612e-08,59.737632751464844,1.0,0.9835357666015625,0.01646425761282444,0.03292851522564888
SiCo10_01.txt_win20,SiCo10,SiCo10_01.txt,Si,0,0,1,58.54682159423828,4.728507363438439e-08,59.54682159423828,1.0,0.9834838509559631,0.016516143456101418,0.033032286912202835
SiCo10_01.txt_win21,SiCo10,SiCo10_01.txt,Si,0,0,1,56.856910705566406,7.696807102774983e-08,57.856910705566406,1.0000001192092896,0.9830096364021301,0.016990359872579575,0.03398071601986885
SiCo10_01.txt_win22,SiCo10,SiCo10_01.txt,Si,0,0,1,41.501949310302734,6.961961844353937e-06,42.501949310302734,1.000006914138794,0.9770123362541199,0.02298763021826744,0.04597494378685951
SiCo10_01.txt_win23,SiCo10,SiCo10_01.txt,Si,0,0,1,40.91328430175781,8.359321327588987e-06,41.91328430175781,1.0000083446502686,0.9766970276832581,0.023302998393774033,0.04660560563206673
SiCo10_01.txt_win24,SiCo10,SiCo10_01.txt,Si,0,0,1,60.06340026855469,2.9611245011551546e-08,61.06340026855469,1.0,0.9838874340057373,0.01611255668103695,0.0322251133620739
SiCo10_01.txt_win25,SiCo10,SiCo10_01.txt,Si,0,0,1,59.54130172729492,3.491673439270926e-08,60.54130172729492,1.0,0.9837507605552673,0.01624925062060356,0.03249850124120712
SiCo10_01.txt_win26,SiCo10,SiCo10_01.txt,Si,0,0,1,61.82375717163086,1.7922863193575722e-08,62.82375717163086,1.0,0.9843318462371826,0.015668146312236786,0.03133629262447357
SiCo10_01.txt_win27,SiCo10,SiCo10_01.txt,Si,0,0,1,62.372806549072266,1.5271517384007893e-08,63.372806549072266,1.0,0.9844655394554138,0.015534510836005211,0.031069021672010422
SiCo10_01.txt_win28,SiCo10,SiCo10_01.txt,Si,0,0,1,61.191566467285156,2.139034904757864e-08,62.191566467285156,1.0,0.9841750860214233,0.015824897214770317,0.031649794429540634
SiCo10_01.txt_win29,SiCo10,SiCo10_01.txt,Si,0,0,1,63.0179328918457,1.2593988074627305e-08,64.01792907714844,1.0,0.9846196174621582,0.01538037322461605,0.0307607464492321
SiCo11_01.txt_win30,SiCo11,SiCo11_01.txt,Si,0,0,1,52.90544128417969,2.2989576109466725e-07,53.90544128417969,1.000000238418579,0.981786847114563,0.01821313612163067,0.03642626106739044
SiCo11_01.txt_win31,SiCo11,SiCo11_01.txt,Si,0,0,1,29.306610107421875,0.00020842376397922635,30.306610107421875,1.0002083778381348,0.9680514335632324,0.03194858133792877,0.06388384848833084
SiCo11_01.txt_win0,SiCo11,SiCo11_01.txt,Si,0,0,1,58.708099365234375,4.1968153396965135e-08,59.708099365234375,1.0,0.9835277199745178,0.016472266986966133,0.032944533973932266
SiCo11_01.txt_win1,SiCo11,SiCo11_01.txt,Si,0,0,1,60.054962158203125,2.8222821413237398e-08,61.054962158203125,1.0,0.9838852286338806,0.016114747151732445,0.03222949430346489
SiCo11_01.txt_win2,SiCo11,SiCo11_01.txt,Si,0,0,1,61.21016311645508,2.0226073260687372e-08,62.21016311645508,1.0,0.9841797351837158,0.01582024060189724,0.03164048120379448
SiCo11_01.txt_win3,SiCo11,SiCo11_01.txt,Si,0,0,1,61.57746887207031,1.816306927082678e-08,62.57746887207031,1.0,0.9842711687088013,0.015728842467069626,0.03145768493413925
SiCo11_01.txt_win4,SiCo11,SiCo11_01.txt,Si,0,0,1,60.376190185546875,2.55898626733142e-08,61.376190185546875,1.0,0.9839682579040527,0.01603175885975361,0.03206351771950722
SiCo11_01.txt_win5,SiCo11,SiCo11_01.txt,Si,0,0,1,49.03580093383789,7.031079576336197e-07,50.03580093383789,1.0000007152557373,0.9804059267044067,0.01959410309791565,0.03918817639350891
SiCo11_01.txt_win6,SiCo11,SiCo11_01.txt,Si,0,0,1,24.813032150268555,0.0008694517309777439,25.813032150268555,1.0008693933486938,0.9626734852790833,0.03732651099562645,0.07458817213773727
SiCo11_01.txt_win7,SiCo11,SiCo11_01.txt,Si,0,0,1,40.98488998413086,7.710494173807092e-06,41.98488998413086,1.0000077486038208,0.9767358303070068,0.023264164105057716,0.04652797058224678
SiCo11_01.txt_win8,SiCo11,SiCo11_01.txt,Si,0,0,1,62.029964447021484,1.5893320437498915e-08,63.029964447021484,1.0,0.9843822717666626,0.01561768725514412,0.03123537451028824
SiCo11_01.txt_win9,SiCo11,SiCo11_01.txt,Si,0,0,1,59.9981803894043,2.899644968579196e-08,60.9981803894043,1.0,0.9838705062866211,0.0161295048892498,0.0322590097784996
SiCo11_01.txt_win10,SiCo11,SiCo11_01.txt,Si,0,0,1,57.06535720825195,6.88310137775261e-08,58.06535720825195,1.0000001192092896,0.9830695986747742,0.01693039946258068,0.03386079519987106
SiCo11_01.txt_win11,SiCo11,SiCo11_01.txt,Si,0,0,1,46.49253463745117,1.4803925978412735e-06,47.49253463745117,1.0000014305114746,0.9793782830238342,0.020621759817004204,0.04124346002936363
SiCo11_01.txt_win12,SiCo11,SiCo11_01.txt,Si,0,0,1,47.17145538330078,1.193449293168669e-06,48.17145538330078,1.0000011920928955,0.9796630144119263,0.020337026566267014,0.04067400470376015
SiCo11_01.txt_win13,SiCo11,SiCo11_01.txt,Si,0,0,1,55.30320358276367,1.1243283637440982e-07,56.30320358276367,1.0000001192092896,0.9825489521026611,0.017451032996177673,0.03490206226706505
SiCo11_01.txt_win14,SiCo11,SiCo11_01.txt,Si,0,0,1,57.79287338256836,5.450311491017601e-08,58.79287338256836,1.0,0.9832755923271179,0.016724400222301483,0.033448800444602966
SiCo11_01.txt_win15,SiCo11,SiCo11_01.txt,Si,0,0,1,42.946990966796875,4.014402293250896e-06,43.946990966796875,1.0000040531158447,0.9777514934539795,0.022248519584536552,0.04449685662984848
SiCo11_01.txt_win16,SiCo11,SiCo11_01.txt,Si,0,0,1,45.63140869140625,1.9266092294856207e-06,46.63140869140625,1.0000019073486328,0.9790054559707642,0.02099459059536457,0.041989099234342575
SiCo11_01.txt_win17,SiCo11,SiCo11_01.txt,Si,0,0,1,46.3261604309082,1.6002737766029895e-06,47.3261604309082,1.0000015497207642,0.9793072938919067,0.02069275826215744,0.041385453194379807
SiCo11_01.txt_win18,SiCo11,SiCo11_01.txt,Si,0,0,1,33.59185028076172,6.037284038029611e-05,34.59185028076172,1.0000603199005127,0.9719020128250122,0.02809796668589115,0.0561925433576107
SiCo11_01.txt_win19,SiCo11,SiCo11_01.txt,Si,0,0,1,53.85721969604492,1.7463814572238334e-07,54.85721969604492,1.0000001192092896,0.9820972084999084,0.017902791500091553,0.03580557554960251
SiCo11_01.txt_win20,SiCo11,SiCo11_01.txt,Si,0,0,1,53.277217864990234,2.0616687379515497e-07,54.277217864990234,1.000000238418579,0.9819093942642212,0.018090639263391495,0.03618127107620239
SiCo11_01.txt_win21,SiCo11,SiCo11_01.txt,Si,0,0,1,44.7808837890625,2.451987256790744e-06,45.7808837890625,1.0000025033950806,0.9786236882209778,0.02137630432844162,0.042752500623464584
SiCo11_01.txt_win22,SiCo11,SiCo11_01.txt,Si,0,0,1,35.41041564941406,3.641097646323033e-05,36.41041564941406,1.000036358833313,0.9732685089111328,0.026731468737125397,0.053460992872714996
SiCo11_01.txt_win23,SiCo11,SiCo11_01.txt,Si,0,0,1,42.389923095703125,4.744993475469528e-06,43.389923095703125,1.000004768371582,0.9774723052978516,0.02252774126827717,0.045055266469717026
SiCo11_01.txt_win24,SiCo11,SiCo11_01.txt,Si,0,0,1,54.51055908203125,1.424152316076288e-07,55.51055908203125,1.0000001192092896,0.9823042154312134,0.01769581064581871,0.03539161756634712
SiCo11_01.txt_win25,SiCo11,SiCo11_01.txt,Si,0,0,1,55.314727783203125,1.135974869725942e-07,56.314727783203125,1.0000001192092896,0.9825524687767029,0.017447523772716522,0.034895043820142746
SiCo11_01.txt_win26,SiCo11,SiCo11_01.txt,Si,0,0,1,15.67321491241455,0.02201843075454235,16.673213958740234,1.0220184326171875,0.9422432780265808,0.057756710797548294,0.11302479356527328
SiCo11_01.txt_win27,SiCo11,SiCo11_01.txt,Si,0,0,1,46.34067153930664,1.6259053836620296e-06,47.34067153930664,1.0000016689300537,0.9793134927749634,0.020686548203229904,0.041373029351234436
SiCo11_01.txt_win28,SiCo11,SiCo11_01.txt,Si,0,0,1,35.7086296081543,3.285670027253218e-05,36.7086296081543,1.000032901763916,0.9734799861907959,0.026519976556301117,0.053038209676742554
SiCo11_01.txt_win29,SiCo11,SiCo11_01.txt,Si,0,0,1,27.95138931274414,0.0003385713789612055,28.95138931274414,1.0003385543823242,0.9666016101837158,0.033398356288671494,0.06677410751581192
SiCo11_01.txt_win30,SiCo11,SiCo11_01.txt,Si,0,0,1,39.00538635253906,1.2967987458978314e-05,40.00538635253906,1.000012993812561,0.9756126999855042,0.02438735030591488,0.04877406731247902
SiCo11_01.txt_win31,SiCo11,SiCo11_01.txt,Si,0,0,1,44.11985778808594,2.8895735795231303e-06,45.11985778808594,1.0000028610229492,0.9783172607421875,0.02168269455432892,0.04336526617407799
SiCo11_01.txt_win0,SiCo11,SiCo11_01.txt,Si,0,0,1,50.65778732299805,4.3845938080266933e-07,51.65778732299805,1.0000004768371582,0.9810094833374023,0.01899055205285549,0.03798108547925949
SiCo11_01.txt_win1,SiCo11,SiCo11_01.txt,Si,0,0,1,24.87337303161621,0.0007709625642746687,25.87337303161621,1.000770926475525,0.962760865688324,0.03723917528986931,0.0744209736585617
SiCo11_01.txt_win2,SiCo11,SiCo11_01.txt,Si,0,0,1,14.368852615356445,0.08527062088251114,15.368852615356445,1.085270643234253,0.9340426921844482,0.06595736742019653,0.12155008316040039
SiCo11_01.txt_win3,SiCo11,SiCo11_01.txt,Si,0,0,1,31.60346031188965,0.00011075377551605925,32.60346221923828,1.0001107454299927,0.9702379703521729,0.029762035235762596,0.05951748043298721
SiCo11_01.txt_win4,SiCo11,SiCo11_01.txt,Si,0,0,1,46.14488983154297,1.6156915307874442e-06,47.14488983154297,1.0000016689300537,0.9792293906211853,0.020770670846104622,0.04154127091169357
SiCo11_01.txt_win5,SiCo11,SiCo11_01.txt,Si,0,0,1,21.010934829711914,0.002911805175244808,22.010934829711914,1.0029118061065674,0.9564213156700134,0.0435786247253418,0.08690419793128967
SiCo11_01.txt_win6,SiCo11,SiCo11_01.txt,Si,0,0,1,26.473560333251953,0.0005257395678199828,27.473560333251953,1.000525712966919,0.9648618698120117,0.03513811528682709,0.07023930549621582
SiCo11_01.txt_win7,SiCo11,SiCo11_01.txt,Si,0,0,1,47.755680084228516,1.04200478290295e-06,48.755680084228516,1.000001072883606,0.9799017906188965,0.020098229870200157,0.04019641503691673
SiCo11_01.txt_win8,SiCo11,SiCo11_01.txt,Si,0,0,1,28.29132843017578,0.00028291079797782004,29.29132843017578,1.000282883644104,0.9669782519340515,0.033021777868270874,0.06602488458156586
SiCo11_01.txt_win9,SiCo11,SiCo11_01.txt,Si,0,0,1,41.91215896606445,5.558164957619738e-06,42.91215896606445,1.0000056028366089,0.9772271513938904,0.022772861644625664,0.045545466244220734
SiCo11_01.txt_win10,SiCo11,SiCo11_01.txt,Si,0,0,1,51.59537887573242,3.347439587741974e-07,52.59537887573242,1.0000003576278687,0.9813416600227356,0.018658332526683807,0.03731665015220642
SiCo11_01.txt_win11,SiCo11,SiCo11_01.txt,Si,0,0,1,25.29267692565918,0.0006868478376418352,26.29267692565918,1.0006868839263916,0.9633358716964722,0.03666410967707634,0.07327788323163986
SiCo11_01.txt_win12,SiCo11,SiCo11_01.txt,Si,0,0,1,36.30462646484375,2.9489619919331744e-05,37.30462646484375,1.000029444694519,0.9738926887512207,0.02610725536942482,0.052212972193956375
SiCo11_01.txt_win13,SiCo11,SiCo11_01.txt,Si,0,0,1,30.43506622314453,0.00015599244215991348,31.43506622314453,1.000156044960022,0.9691644906997681,0.03083549253642559,0.061661362648010254
SiCo19_01.txt_win14,SiCo19,SiCo19_01.txt,Si,0,1,0,1.9622399122454226e-05,40.55089569091797,1.0000196695327759,41.55089569091797,0.023501720279455185,0.9764983057975769,0.04700251296162605
SiCo19_01.txt_win15,SiCo19,SiCo19_01.txt,Si,0,0,1,12.18896484375,8.312281608581543,13.18896484375,9.312281608581543,0.5861437320709229,0.41385623812675476,0.08888395875692368
SiCo19_01.txt_win16,SiCo19,SiCo19_01.txt,Si,0,0,1,24.20357322692871,0.008394084870815277,25.20357322692871,1.0083941221237183,0.9615292549133301,0.03847075253725052,0.07630102336406708
SiCo19_01.txt_win17,SiCo19,SiCo19_01.txt,Si,0,0,1,35.67100524902344,3.513788033160381e-05,36.67100524902344,1.0000351667404175,0.9734535217285156,0.026546524837613106,0.05309118330478668
SiCo19_01.txt_win18,SiCo19,SiCo19_01.txt,Si,0,0,1,20.848888397216797,0.0033812490291893482,21.848888397216797,1.0033812522888184,0.9560927152633667,0.0439072884619236,0.08751865476369858
SiCo19_01.txt_win19,SiCo19,SiCo19_01.txt,Si,0,1,0,0.0002474091888871044,30.847604751586914,1.0002473592758179,31.847604751586914,0.03045092336833477,0.9695491194725037,0.06088678538799286
SiCo19_01.txt_win20,SiCo19,SiCo19_01.txt,Si,0,1,0,0.11068324744701385,16.831924438476562,1.1106832027435303,17.831924438476562,0.05863412469625473,0.9413658380508423,0.10558208078145981
SiCo19_01.txt_win21,SiCo19,SiCo19_01.txt,Si,0,0,1,13.927054405212402,0.5651854276657104,14.927054405212402,1.5651854276657104,0.9050956964492798,0.09490436315536499,0.12126915901899338
SiCo19_01.txt_win22,SiCo19,SiCo19_01.txt,Si,0,0,1,33.2064323425293,6.9931942562107e-05,34.2064323425293,1.0000699758529663,0.9715942144393921,0.02840583212673664,0.05680768936872482
SiCo19_01.txt_win23,SiCo19,SiCo19_01.txt,Si,0,0,1,17.42593002319336,0.011842136271297932,18.42593002319336,1.011842131614685,0.9479445219039917,0.05205545574426651,0.1028924435377121
SiCo19_01.txt_win24,SiCo19,SiCo19_01.txt,Si,0,0,1,15.612269401550293,0.061471033841371536,16.61227035522461,1.0614709854125977,0.9399408102035522,0.06005921587347984,0.11316223442554474
SiCo19_01.txt_win25,SiCo19,SiCo19_01.txt,Si,0,0,1,3.269826650619507,1.1826379299163818,4.269826889038086,2.182637929916382,0.6617357730865479,0.33826419711112976,0.3099590539932251
SiCo19_01.txt_win26,SiCo19,SiCo19_01.txt,Si,0,1,0,0.0018308713333681226,24.47979736328125,1.001830816268921,25.47979736328125,0.03783116489648819,0.96216881275177,0.07552405446767807
SiCo19_01.txt_win27,SiCo19,SiCo19_01.txt,Si,0,0,1,5.960491180419922,0.5086840391159058,6.960491180419922,1.5086840391159058,0.821861743927002,0.17813824117183685,0.23615050315856934
SiCo19_01.txt_win28,SiCo19,SiCo19_01.txt,Si,0,0,1,5.217998504638672,0.25628769397735596,6.217998504638672,1.256287693977356,0.8319187164306641,0.16808129847049713,0.26758408546447754
SiCo19_01.txt_win29,SiCo19,SiCo19_01.txt,Si,0,0,1,14.056366920471191,0.02742529660463333,15.056366920471191,1.0274252891540527,0.9361205101013184,0.06387954205274582,0.12434878945350647
SiCo19_01.txt_win30,SiCo19,SiCo19_01.txt,Si,0,0,1,35.1928596496582,4.0384726162301376e-05,36.1928596496582,1.0000404119491577,0.9731120467185974,0.026887936517596245,0.053773701190948486
SiCo19_01.txt_win31,SiCo19,SiCo19_01.txt,Si,0,0,1,29.60945701599121,0.00021004167501814663,30.60945701599121,1.0002100467681885,0.9683574438095093,0.03164253756403923,0.06327178329229355
SiCo19_01.txt_win0,SiCo19,SiCo19_01.txt,Si,0,0,1,47.83335876464844,1.0186406598222675e-06,48.83335876464844,1.000001072883606,0.9799331426620483,0.020066900178790092,0.0401337593793869
SiCo19_01.txt_win1,SiCo19,SiCo19_01.txt,Si,0,0,1,50.09564971923828,5.183048301660165e-07,51.09564971923828,1.0000004768371582,0.9808045625686646,0.019195469096302986,0.03839092329144478
SiCo19_01.txt_win2,SiCo19,SiCo19_01.txt,Si,0,0,1,48.26177978515625,8.816139143164037e-07,49.26177978515625,1.0000008344650269,0.9801041483879089,0.019895849749445915,0.039791665971279144
SiCo19_01.txt_win3,SiCo19,SiCo19_01.txt,Si,0,0,1,44.71782684326172,2.5164645194308832e-06,45.71782684326172,1.0000025033950806,0.9785948395729065,0.021405156701803207,0.04281020537018776
SiCo19_01.txt_win4,SiCo19,SiCo19_01.txt,Si,0,0,1,23.385517120361328,0.0013025683583691716,24.385517120361328,1.0013025999069214,0.9605581760406494,0.039441827684640884,0.07878103852272034
SiCo19_01.txt_win5,SiCo19,SiCo19_01.txt,Si,0,0,1,11.11978530883789,0.2694280743598938,12.11978530883789,1.269428014755249,0.9051902294158936,0.09480974823236465,0.14937397837638855
SiCo19_01.txt_win6,SiCo19,SiCo19_01.txt,Si,0,0,1,13.437047958374023,0.106474369764328,14.437047958374023,1.1064743995666504,0.9288144707679749,0.07118556648492813,0.12867096066474915
SiCo19_01.txt_win7,SiCo19,SiCo19_01.txt,Si,0,0,1,27.614500045776367,0.0005191961536183953,28.614500045776367,1.0005191564559937,0.9662158489227295,0.033784180879592896,0.06753329932689667
SiCo19_01.txt_win8,SiCo19,SiCo19_01.txt,Si,0,1,0,0.0654677227139473,10.03246021270752,1.0654677152633667,11.03246021270752,0.08807026594877243,0.911929726600647,0.165317565202713
SiCo19_01.txt_win9,SiCo19,SiCo19_01.txt,Si,0,1,0,0.15436936914920807,6.6891255378723145,1.1543693542480469,7.6891255378723145,0.13053317368030548,0.8694669008255005,0.22615493834018707
SiCo19_01.txt_win10,SiCo19,SiCo19_01.txt,Si,0,1,0,0.08832532167434692,8.82418441772461,1.0883252620697021,9.82418441772461,0.09973189234733582,0.9002680778503418,0.18327589333057404
SiCo19_01.txt_win11,SiCo19,SiCo19_01.txt,Si,0,1,0,0.22282066941261292,10.270310401916504,1.2228206396102905,11.270310401916504,0.09787943959236145,0.9021205902099609,0.1600879728794098
SiCo19_01.txt_win12,SiCo19,SiCo19_01.txt,Si,0,1,0,0.10041434317827225,9.375959396362305,1.1004143953323364,10.375959396362305,0.09588520228862762,0.9041147828102112,0.17427107691764832
SiCo19_01.txt_win13,SiCo19,SiCo19_01.txt,Si,0,1,0,0.0008353451848961413,26.307937622070312,1.0008352994918823,27.307937622070312,0.03535424545407295,0.9646457433700562,0.07064947485923767
SiCo19_01.txt_win14,SiCo19,SiCo19_01.txt,Si,0,1,0,9.355680958833545e-06,43.42937469482422,1.000009298324585,44.42937469482422,0.022012390196323395,0.9779876470565796,0.04402437061071396
SiCo19_01.txt_win15,SiCo19,SiCo19_01.txt,Si,0,1,0,0.002176663838326931,23.037817001342773,1.0021766424179077,24.037817001342773,0.040023040026426315,0.9599769711494446,0.07987222820520401
SiCo19_01.txt_win16,SiCo19,SiCo19_01.txt,Si,0,1,0,0.009280934929847717,17.943519592285156,1.0092809200286865,18.943519592285156,0.05058342218399048,0.9494165778160095,0.10023655742406845
SiCo19_01.txt_win17,SiCo19,SiCo19_01.txt,Si,0,0,1,4.413260459899902,1.786699652671814,5.413260459899902,2.7866997718811035,0.6601569056510925,0.3398430645465851,0.24390360713005066
SiCo19_01.txt_win18,SiCo19,SiCo19_01.txt,Si,0,0,1,2.0350472927093506,0.610783576965332,3.0350472927093506,1.610783576965332,0.6532840132713318,0.34671592712402344,0.43049347400665283
SiCo19_01.txt_win19,SiCo19,SiCo19_01.txt,Si,0,1,0,0.0004537954810075462,29.48276710510254,1.0004538297653198,30.48276710510254,0.03177736699581146,0.9682226181030273,0.06352590024471283
SiCo19_01.txt_win20,SiCo19,SiCo19_01.txt,Si,0,1,0,0.00044108275324106216,29.041532516479492,1.000441074371338,30.041532516479492,0.032228656113147736,0.9677713513374329,0.0644288957118988
SiCo19_01.txt_win21,SiCo19,SiCo19_01.txt,Si,0,1,0,0.00042088088230229914,29.400197982788086,1.0004209280014038,30.400197982788086,0.03185991197824478,0.9681400656700134,0.06369300931692123
SiCo19_01.txt_win22,SiCo19,SiCo19_01.txt,Si,0,1,0,0.0006996372248977423,27.6192684173584,1.0006996393203735,28.6192684173584,0.03378462791442871,0.9662153720855713,0.06752201914787292
SiCo19_01.txt_win23,SiCo19,SiCo19_01.txt,Si,0,0,1,3.6061055660247803,2.395984411239624,4.606105804443359,3.395984411239624,0.5756128430366516,0.4243871569633484,0.24993468821048737
SiCo19_01.txt_win24,SiCo19,SiCo19_01.txt,Si,0,0,1,6.76279878616333,0.1517730951309204,7.76279878616333,1.1517730951309204,0.8707988262176514,0.12920117378234863,0.22435177862644196
SiCo19_01.txt_win25,SiCo19,SiCo19_01.txt,Si,0,0,1,3.9720630645751953,0.3297674059867859,4.972063064575195,1.3297674655914307,0.7889871597290039,0.21101289987564087,0.31736811995506287
SiCo19_01.txt_win26,SiCo19,SiCo19_01.txt,Si,0,0,1,8.425443649291992,0.5637267231941223,9.425443649291992,1.5637266635894775,0.8577029705047607,0.14229705929756165,0.1819973587989807
SiCo19_01.txt_win27,SiCo19,SiCo19_01.txt,Si,0,0,1,11.509074211120605,0.04924054443836212,12.509074211120605,1.0492405891418457,0.922612726688385,0.077387236058712,0.14751094579696655
SiCo19_01.txt_win28,SiCo19,SiCo19_01.txt,Si,0,0,1,34.15255355834961,5.4115454986458644e-05,35.15255355834961,1.000054121017456,0.9723380208015442,0.027662020176649094,0.055321045219898224
SiCo19_01.txt_win29,SiCo19,SiCo19_01.txt,Si,0,0,1,14.76065731048584,0.015286735258996487,15.76065731048584,1.0152866840362549,0.939479649066925,0.060520391911268234,0.11921832710504532
SiCo26_01.txt_win30,SiCo26,SiCo26_01.txt,Si,0,0,1,61.94041442871094,1.7560118692472315e-08,62.94041442871094,1.0,0.9843604564666748,0.01563956029713154,0.03127912059426308
SiCo26_01.txt_win31,SiCo26,SiCo26_01.txt,Si,0,0,1,60.242401123046875,2.81126339984894e-08,61.242401123046875,1.0,0.9839338064193726,0.01606621779501438,0.03213243559002876
SiCo26_01.txt_win0,SiCo26,SiCo26_01.txt,Si,0,0,1,60.67057418823242,2.4882147897642426e-08,61.67057418823242,1.0,0.984043538570404,0.0159564521163702,0.0319129042327404
SiCo26_01.txt_win1,SiCo26,SiCo26_01.txt,Si,0,0,1,59.80585861206055,3.225170885912121e-08,60.80585861206055,1.0,0.9838203191757202,0.01617969572544098,0.03235939145088196
SiCo26_01.txt_win2,SiCo26,SiCo26_01.txt,Si,0,0,1,60.25331115722656,2.8569779431109055e-08,61.25331115722656,1.0,0.983936607837677,0.016063403338193893,0.03212680667638779
SiCo26_01.txt_win3,SiCo26,SiCo26_01.txt,Si,0,0,1,56.30014419555664,8.967586495600699e-08,57.30014419555664,1.0000001192092896,0.9828473925590515,0.01715261861681938,0.034305233508348465
SiCo26_01.txt_win4,SiCo26,SiCo26_01.txt,Si,0,0,1,60.86133575439453,2.3514266089819102e-08,61.86133575439453,1.0,0.9840919971466064,0.015908028930425644,0.03181605786085129
SiCo26_01.txt_win5,SiCo26,SiCo26_01.txt,Si,0,0,1,60.87247085571289,2.369213625286193e-08,61.87247085571289,1.0,0.9840947985649109,0.015905212610960007,0.03181042522192001
SiCo26_01.txt_win6,SiCo26,SiCo26_01.txt,Si,0,0,1,59.988224029541016,3.076041821259423e-08,60.988224029541016,1.0,0.983867883682251,0.016132095828652382,0.032264191657304764
SiCo26_01.txt_win7,SiCo26,SiCo26_01.txt,Si,0,0,1,60.063724517822266,2.990474357034145e-08,61.063724517822266,1.0,0.9838875532150269,0.016112470999360085,0.03222494199872017
SiCo26_01.txt_win8,SiCo26,SiCo26_01.txt,Si,0,0,1,56.60208511352539,8.179811317177155e-08,57.60208511352539,1.0000001192092896,0.9829357862472534,0.01706424169242382,0.03412847965955734
SiCo26_01.txt_win9,SiCo26,SiCo26_01.txt,Si,0,0,1,57.39451217651367,6.495444893062086e-08,58.39451217651367,1.0000001192092896,0.9831634163856506,0.01683657430112362,0.03367314487695694
SiCo26_01.txt_win10,SiCo26,SiCo26_01.txt,Si,0,0,1,61.786338806152344,1.821031503368431e-08,62.786338806152344,1.0,0.9843226671218872,0.01567733846604824,0.03135467693209648
SiCo26_01.txt_win11,SiCo26,SiCo26_01.txt,Si,0,0,1,54.83317184448242,1.3794016240353812e-07,55.83317184448242,1.0000001192092896,0.9824046492576599,0.017595360055565834,0.03519071638584137
SiCo26_01.txt_win12,SiCo26,SiCo26_01.txt,Si,0,0,1,55.846683502197266,1.0360504631989897e-07,56.846683502197266,1.0000001192092896,0.9827129244804382,0.017287077382206917,0.034574151039123535
SiCo26_01.txt_win13,SiCo26,SiCo26_01.txt,Si,0,0,1,60.760501861572266,2.419502287409614e-08,61.760501861572266,1.0,0.9840664267539978,0.01593358814716339,0.03186717629432678
SiCo26_01.txt_win14,SiCo26,SiCo26_01.txt,Si,0,0,1,60.50102615356445,2.5864853370194396e-08,61.50102615356445,1.0,0.9840002655982971,0.01599973812699318,0.03199947625398636
SiCo26_01.txt_win15,SiCo26,SiCo26_01.txt,Si,0,0,1,60.388885498046875,2.739747273494686e-08,61.388885498046875,1.0,0.9839714765548706,0.016028495505452156,0.03205699101090431
SiCo26_01.txt_win16,SiCo26,SiCo26_01.txt,Si,0,0,1,59.96729278564453,3.086031696852842e-08,60.96729278564453,1.0,0.9838624596595764,0.01613754592835903,0.03227509185671806
SiCo26_01.txt_win17,SiCo26,SiCo26_01.txt,Si,0,0,1,60.085594177246094,2.9604468210209234e-08,61.085594177246094,1.0,0.9838932156562805,0.016106795519590378,0.032213591039180756
SiCo26_01.txt_win18,SiCo26,SiCo26_01.txt,Si,0,0,1,58.995540618896484,4.060576586084608e-08,59.995540618896484,1.0,0.9836053848266602,0.016394641250371933,0.032789282500743866
SiCo26_01.txt_win19,SiCo26,SiCo26_01.txt,Si,0,0,1,60.45423126220703,2.6542489095504607e-08,61.45423126220703,1.0,0.9839882850646973,0.01601172611117363,0.03202345222234726
SiCo26_01.txt_win20,SiCo26,SiCo26_01.txt,Si,0,0,1,58.389129638671875,4.840604006517424e-08,59.389129638671875,1.0,0.9834407567977905,0.01655927114188671,0.03311854228377342
SiCo26_01.txt_win21,SiCo26,SiCo26_01.txt,Si,0,0,1,59.508399963378906,3.526699288158852e-08,60.508399963378906,1.0,0.9837420582771301,0.016257941722869873,0.032515883445739746
SiCo26_01.txt_win22,SiCo26,SiCo26_01.txt,Si,0,0,1,58.19285202026367,5.1629882591441856e-08,59.19285202026367,1.0,0.983386754989624,0.016613269224762917,0.03322653844952583
SiCo26_01.txt_win23,SiCo26,SiCo26_01.txt,Si,0,0,1,59.14874267578125,3.900172629300869e-08,60.14874267578125,1.0,0.9836464524269104,0.016353566199541092,0.032707132399082184
SiCo26_01.txt_win24,SiCo26,SiCo26_01.txt,Si,0,0,1,56.82627868652344,7.646544020190049e-08,57.82627868652344,1.0000001192092896,0.9830008149147034,0.01699920743703842,0.033998411148786545
SiCo26_01.txt_win25,SiCo26,SiCo26_01.txt,Si,0,0,1,56.10674285888672,9.435326120410537e-08,57.10674285888672,1.0000001192092896,0.9827902913093567,0.01720970869064331,0.03441941365599632
SiCo26_01.txt_win26,SiCo26,SiCo26_01.txt,Si,0,0,1,57.8973503112793,5.7046150914175087e-08,58.8973503112793,1.0,0.9833047986030579,0.016695229336619377,0.033390458673238754
SiCo26_01.txt_win27,SiCo26,SiCo26_01.txt,Si,0,0,1,60.7130012512207,2.5103958023464656e-08,61.7130012512207,1.0,0.9840543270111084,0.01594565622508526,0.03189131245017052
SiCo26_01.txt_win28,SiCo26,SiCo26_01.txt,Si,0,0,1,61.016441345214844,2.2737705052122692e-08,62.016441345214844,1.0,0.9841310977935791,0.01586887426674366,0.03173774853348732
SiCo26_01.txt_win29,SiCo26,SiCo26_01.txt,Si,0,0,1,61.31581115722656,2.0912144904627894e-08,62.31581115722656,1.0,0.9842061400413513,0.01579384319484234,0.03158768638968468
SiCo26_01.txt_win30,SiCo26,SiCo26_01.txt,Si,0,0,1,58.540863037109375,4.738782166668898e-08,59.540863037109375,1.0,0.9834822416305542,0.016517769545316696,0.03303553909063339
SiCo26_01.txt_win31,SiCo26,SiCo26_01.txt,Si,0,0,1,55.763118743896484,1.0690320095818606e-07,56.763118743896484,1.0000001192092896,0.9826878905296326,0.01731208711862564,0.03462417051196098
SiCo26_01.txt_win0,SiCo26,SiCo26_01.txt,Si,0,0,1,59.80405044555664,3.241946444632049e-08,60.80405044555664,1.0,0.983819842338562,0.016180168837308884,0.03236033767461777
SiCo26_01.txt_win1,SiCo26,SiCo26_01.txt,Si,0,0,1,57.36907196044922,6.590136791828627e-08,58.36907196044922,1.0000001192092896,0.9831562042236328,0.01684378832578659,0.03368757292628288
SiCo26_01.txt_win2,SiCo26,SiCo26_01.txt,Si,0,0,1,60.130611419677734,2.9245281751855146e-08,61.130611419677734,1.0,0.9839048981666565,0.016095126047730446,0.03219025209546089
SiCo26_01.txt_win3,SiCo26,SiCo26_01.txt,Si,0,0,1,57.89951705932617,5.598408847617975e-08,58.89951705932617,1.0,0.9833053946495056,0.016694625839591026,0.03338925167918205
SiCo26_01.txt_win4,SiCo26,SiCo26_01.txt,Si,0,0,1,59.516056060791016,3.498206524454872e-08,60.516056060791016,1.0,0.9837440848350525,0.016255918890237808,0.032511837780475616
SiCo26_01.txt_win5,SiCo26,SiCo26_01.txt,Si,0,0,1,57.888858795166016,5.607193287460177e-08,58.888858795166016,1.0,0.9833024144172668,0.01669759675860405,0.0333951935172081
SiCo26_01.txt_win6,SiCo26,SiCo26_01.txt,Si,0,0,1,58.47665023803711,4.8494939619558863e-08,59.47665023803711,1.0,0.9834647178649902,0.016535308212041855,0.03307061642408371
SiCo26_01.txt_win7,SiCo26,SiCo26_01.txt,Si,0,0,1,59.38747787475586,3.698932360407525e-08,60.38747787475586,1.0,0.9837100505828857,0.01628996804356575,0.0325799360871315
SiCo26_01.txt_win8,SiCo26,SiCo26_01.txt,Si,0,0,1,58.12151336669922,5.309067674375001e-08,59.12151336669922,1.0,0.9833670258522034,0.016632981598377228,0.033265963196754456
SiCo26_01.txt_win9,SiCo26,SiCo26_01.txt,Si,0,0,1,57.52393341064453,6.37135428860347e-08,58.52393341064453,1.0000001192092896,0.9832000136375427,0.016799967736005783,0.03359993174672127
SiCo26_01.txt_win10,SiCo26,SiCo26_01.txt,Si,0,0,1,57.42736053466797,6.618201808805679e-08,58.42736053466797,1.0000001192092896,0.9831727147102356,0.01682726852595806,0.033654533326625824
SiCo26_01.txt_win11,SiCo26,SiCo26_01.txt,Si,0,0,1,59.87092208862305,3.166750417449293e-08,60.87092208862305,1.0,0.9838373064994812,0.016162680462002754,0.03232536092400551
SiCo26_01.txt_win12,SiCo26,SiCo26_01.txt,Si,0,0,1,56.059757232666016,9.791258293034844e-08,57.059757232666016,1.0000001192092896,0.9827763438224792,0.01722363568842411,0.03444726765155792
SiCo26_01.txt_win13,SiCo26,SiCo26_01.txt,Si,0,0,1,53.44270324707031,2.071749918286514e-07,54.44270324707031,1.000000238418579,0.9819633364677429,0.01803664304316044,0.03607327863574028
SiPt04_01.txt_win14,SiPt04,SiPt04_01.txt,Si,1,0,0,46.10469436645508,1.7603547348699067e-06,47.10469436645508,1.0000017881393433,0.9792119860649109,0.020788028836250305,0.04157598316669464
SiPt04_01.txt_win15,SiPt04,SiPt04_01.txt,Si,1,0,0,47.00996398925781,1.353423385808128e-06,48.00996398925781,1.000001311302185,0.979595959186554,0.020404040813446045,0.04080802947282791
SiPt04_01.txt_win16,SiPt04,SiPt04_01.txt,Si,1,0,0,52.048152923583984,3.144964466628153e-07,53.048152923583984,1.0000003576278687,0.9814980030059814,0.018502026796340942,0.03700403869152069
SiPt04_01.txt_win17,SiPt04,SiPt04_01.txt,Si,1,0,0,52.07588195800781,3.113997593118256e-07,53.07588195800781,1.0000003576278687,0.9815074801445007,0.01849253848195076,0.036985065788030624
SiPt04_01.txt_win18,SiPt04,SiPt04_01.txt,Si,1,0,0,51.93760299682617,3.1945910450303927e-07,52.93760299682617,1.0000003576278687,0.9814600348472595,0.018539948388934135,0.03707988187670708
SiPt04_01.txt_win19,SiPt04,SiPt04_01.txt,Si,1,0,0,56.109825134277344,9.45633402693602e-08,57.109825134277344,1.0000001192092896,0.9827911853790283,0.017208795994520187,0.034417588263750076
SiPt04_01.txt_win20,SiPt04,SiPt04_01.txt,Si,1,0,0,57.6830940246582,6.024769305668087e-08,58.6830940246582,1.0000001192092896,0.9832448363304138,0.01675516553223133,0.03351032733917236
SiPt04_01.txt_win21,SiPt04,SiPt04_01.txt,Si,1,0,0,56.58863067626953,8.214566804554124e-08,57.58863067626953,1.0000001192092896,0.9829318523406982,0.017068160697817802,0.034136317670345306
SiPt04_01.txt_win22,SiPt04,SiPt04_01.txt,Si,1,0,0,54.766998291015625,1.4039274276456126e-07,55.766998291015625,1.0000001192092896,0.9823841452598572,0.017615871503949165,0.03523173928260803
SiPt04_01.txt_win23,SiPt04,SiPt04_01.txt,Si,1,0,0,53.21873092651367,2.2248710251915327e-07,54.21873092651367,1.000000238418579,0.9818902015686035,0.018109800294041634,0.03621959313750267
SiPt04_01.txt_win24,SiPt04,SiPt04_01.txt,Si,1,0,0,47.747581481933594,1.0955185416605673e-06,48.747581481933594,1.000001072883606,0.9798985123634338,0.020101500675082207,0.04020296037197113
SiPt04_01.txt_win25,SiPt04,SiPt04_01.txt,Si,1,0,0,45.54397964477539,2.0739910269185202e-06,46.54397964477539,1.0000020265579224,0.9789667725563049,0.02103319764137268,0.0420663096010685
SiPt04_01.txt_win26,SiPt04,SiPt04_01.txt,Si,1,0,0,20.075695037841797,0.003536198753863573,21.075695037841797,1.0035362243652344,0.9545484185218811,0.04545159265398979,0.09058286249637604
SiPt04_01.txt_win27,SiPt04,SiPt04_01.txt,Si,1,0,0,35.57144546508789,3.868534622597508e-05,36.57144546508789,1.000038743019104,0.9733830690383911,0.026616962626576424,0.0532318614423275
SiPt04_01.txt_win28,SiPt04,SiPt04_01.txt,Si,1,0,0,55.35981369018555,1.1808484856601353e-07,56.35981369018555,1.0000001192092896,0.9825661778450012,0.017433810979127884,0.03486761823296547
SiPt04_01.txt_win29,SiPt04,SiPt04_01.txt,Si,1,0,0,58.01506805419922,5.4445965957938824e-08,59.01506805419922,1.0,0.9833375215530396,0.016662482172250748,0.033324964344501495
SiPt04_01.txt_win30,SiPt04,SiPt04_01.txt,Si,1,0,0,51.7816276550293,3.354534214849991e-07,52.7816276550293,1.0000003576278687,0.9814062714576721,0.018593717366456985,0.03718741983175278
SiPt04_01.txt_win31,SiPt04,SiPt04_01.txt,Si,1,0,0,50.50948715209961,4.83442306631332e-07,51.50948715209961,1.0000004768371582,0.9809558391571045,0.019044186919927597,0.0380883552134037
SiPt04_01.txt_win0,SiPt04,SiPt04_01.txt,Si,1,0,0,59.25446319580078,3.743869214645201e-08,60.25446319580078,1.0,0.9836746454238892,0.016325341537594795,0.03265068307518959
SiPt04_01.txt_win1,SiPt04,SiPt04_01.txt,Si,1,0,0,56.81334686279297,7.643365762532994e-08,57.81334686279297,1.0000001192092896,0.9829970598220825,0.017002945765852928,0.03400588780641556
SiPt04_01.txt_win2,SiPt04,SiPt04_01.txt,Si,1,0,0,58.16851043701172,5.177375683729224e-08,59.16851043701172,1.0,0.9833800196647644,0.016619989648461342,0.033239979296922684
SiPt04_01.txt_win3,SiPt04,SiPt04_01.txt,Si,1,0,0,56.14725875854492,9.322075555928677e-08,57.14725875854492,1.0000001192092896,0.9828022718429565,0.01719771698117256,0.034395430237054825
SiPt04_01.txt_win4,SiPt04,SiPt04_01.txt,Si,1,0,0,50.39619445800781,5.040667474531801e-07,51.39619445800781,1.0000004768371582,0.9809146523475647,0.019085364416241646,0.0381707102060318
SiPt04_01.txt_win5,SiPt04,SiPt04_01.txt,Si,1,0,0,39.026302337646484,1.465921650378732e-05,40.026302337646484,1.0000146627426147,0.9756250381469727,0.024374956265091896,0.04874919727444649
SiPt04_01.txt_win6,SiPt04,SiPt04_01.txt,Si,1,0,0,19.293394088745117,0.00456255255267024,20.293394088745117,1.004562497138977,0.9528329372406006,0.047167085111141205,0.0939057245850563
SiPt04_01.txt_win7,SiPt04,SiPt04_01.txt,Si,1,0,0,15.477810859680176,0.013633811846375465,16.47780990600586,1.0136338472366333,0.9420497417449951,0.05795026943087578,0.1143416166305542
SiPt04_01.txt_win8,SiPt04,SiPt04_01.txt,Si,1,0,0,26.474573135375977,0.0005485136061906815,27.474573135375977,1.0005484819412231,0.9648623466491699,0.035137634724378586,0.07023674994707108
SiPt04_01.txt_win9,SiPt04,SiPt04_01.txt,Si,1,0,0,53.465057373046875,2.049365974698958e-07,54.465057373046875,1.000000238418579,0.9819706082344055,0.01802937313914299,0.03605873882770538
SiPt04_01.txt_win10,SiPt04,SiPt04_01.txt,Si,1,0,0,53.99551010131836,1.774647699903653e-07,54.99551010131836,1.0000001192092896,0.9821414351463318,0.01785857602953911,0.03571714833378792
SiPt04_01.txt_win11,SiPt04,SiPt04_01.txt,Si,1,0,0,54.15996551513672,1.6894060195227212e-07,55.15996551513672,1.0000001192092896,0.9821937084197998,0.0178062804043293,0.0356125570833683
SiPt04_01.txt_win12,SiPt04,SiPt04_01.txt,Si,1,0,0,47.41396713256836,1.227037046191981e-06,48.41396713256836,1.0000011920928955,0.9797627925872803,0.020237216725945473,0.040474385023117065
SiPt04_01.txt_win13,SiPt04,SiPt04_01.txt,Si,1,0,0,45.657840728759766,2.011588776440476e-06,46.657840728759766,1.0000020265579224,0.9790170192718506,0.020982947200536728,0.04196580871939659
SiPt04_01.txt_win14,SiPt04,SiPt04_01.txt,Si,1,0,0,53.67204284667969,1.933381525986988e-07,54.67204284667969,1.000000238418579,0.9820376634597778,0.017962342128157616,0.035924673080444336
SiPt04_01.txt_win15,SiPt04,SiPt04_01.txt,Si,1,0,0,56.66192626953125,8.13965712609388e-08,57.66192626953125,1.0000001192092896,0.9829531908035278,0.017046833410859108,0.03409366309642792
SiPt04_01.txt_win16,SiPt04,SiPt04_01.txt,Si,1,0,0,47.550743103027344,1.170836867459002e-06,48.550743103027344,1.0000011920928955,0.9798186421394348,0.020181355997920036,0.04036266356706619
SiPt04_01.txt_win17,SiPt04,SiPt04_01.txt,Si,1,0,0,49.60261917114258,6.516759185615228e-07,50.60261917114258,1.0000005960464478,0.9806211590766907,0.019378872588276863,0.038757722824811935
SiPt04_01.txt_win18,SiPt04,SiPt04_01.txt,Si,1,0,0,45.64676284790039,2.0316585960244993e-06,46.64676284790039,1.0000020265579224,0.979012131690979,0.020987825468182564,0.04197556525468826
SiPt04_01.txt_win19,SiPt04,SiPt04_01.txt,Si,1,0,0,33.61258316040039,6.852387741673738e-05,34.61258316040039,1.0000685453414917,0.9719181656837463,0.028081832453608513,0.056159816682338715
SiPt04_01.txt_win20,SiPt04,SiPt04_01.txt,Si,1,0,0,11.71000862121582,0.03958826884627342,12.71000862121582,1.039588212966919,0.9243913888931274,0.07560863345861435,0.14545881748199463
SiPt04_01.txt_win21,SiPt04,SiPt04_01.txt,Si,1,0,0,27.045543670654297,0.00045369614963419735,28.045543670654297,1.0004537105560303,0.9655562043190002,0.034443773329257965,0.06885629892349243
SiPt04_01.txt_win22,SiPt04,SiPt04_01.txt,Si,1,0,0,43.1611442565918,4.237833763909293e-06,44.1611442565918,1.0000042915344238,0.9778569936752319,0.02214302122592926,0.0442858524620533
SiPt04_01.txt_win23,SiPt04,SiPt04_01.txt,Si,1,0,0,56.485870361328125,8.551970864800751e-08,57.485870361328125,1.0000001192092896,0.9829018712043762,0.01709814928472042,0.03419629484415054
SiPt04_01.txt_win24,SiPt04,SiPt04_01.txt,Si,1,0,0,56.68928146362305,7.962758274970838e-08,57.68928146362305,1.0000001192092896,0.982961118221283,0.017038889229297638,0.03407777100801468
SiPt04_01.txt_win25,SiPt04,SiPt04_01.txt,Si,1,0,0,54.366363525390625,1.5878207193509297e-07,55.366363525390625,1.0000001192092896,0.9822589159011841,0.01774107851088047,0.03548215329647064
SiPt04_01.txt_win26,SiPt04,SiPt04_01.txt,Si,1,0,0,52.30392837524414,2.910920215981605e-07,53.30392837524414,1.000000238418579,0.9815851449966431,0.018414879217743874,0.03682974725961685
SiPt04_01.txt_win27,SiPt04,SiPt04_01.txt,Si,1,0,0,49.86585235595703,5.865528009962873e-07,50.86585235595703,1.0000005960464478,0.9807195067405701,0.01928051933646202,0.03856101632118225
SiPt04_01.txt_win28,SiPt04,SiPt04_01.txt,Si,1,0,0,55.82474136352539,1.0319521948076726e-07,56.82474136352539,1.0000001192092896,0.9827063679695129,0.017293637618422508,0.03458727151155472
SiPt04_01.txt_win29,SiPt04,SiPt04_01.txt,Si,1,0,0,57.017669677734375,7.27269409139808e-08,58.017669677734375,1.0000001192092896,0.9830559492111206,0.016944080591201782,0.033888157457113266
SiPt10_01.txt_win30,SiPt10,SiPt10_01.txt,Si,1,0,0,50.04128646850586,6.033981776454311e-07,51.04128646850586,1.0000005960464478,0.9807844758033752,0.019215524196624756,0.03843102604150772
SiPt10_01.txt_win31,SiPt10,SiPt10_01.txt,Si,1,0,0,46.81150436401367,1.5676464499847498e-06,47.81150436401367,1.0000015497207642,0.9795130491256714,0.02048700489103794,0.04097394645214081
SiPt10_01.txt_win0,SiPt10,SiPt10_01.txt,Si,1,0,0,51.91769790649414,3.508822885578411e-07,52.91769790649414,1.0000003576278687,0.9814532399177551,0.01854679174721241,0.037093572318553925
SiPt10_01.txt_win1,SiPt10,SiPt10_01.txt,Si,1,0,0,52.78302001953125,2.7078266384705785e-07,53.78302001953125,1.000000238418579,0.9817461967468262,0.018253834918141365,0.03650766238570213
SiPt10_01.txt_win2,SiPt10,SiPt10_01.txt,Si,1,0,0,55.49571228027344,1.227298014327971e-07,56.49571228027344,1.0000001192092896,0.9826074242591858,0.017392603680491447,0.034785203635692596
SiPt10_01.txt_win3,SiPt10,SiPt10_01.txt,Si,1,0,0,54.21585464477539,1.7857030343293445e-07,55.21585464477539,1.0000001192092896,0.9822114109992981,0.01778857782483101,0.03557715192437172
SiPt10_01.txt_win4,SiPt10,SiPt10_01.txt,Si,1,0,0,44.97345733642578,2.7616899842541898e-06,45.97345733642578,1.0000027418136597,0.9787113070487976,0.0212886743247509,0.04257723316550255
SiPt10_01.txt_win5,SiPt10,SiPt10_01.txt,Si,1,0,0,34.90869140625,6.691334419883788e-05,35.90869140625,1.000066876411438,0.9729043245315552,0.027095651254057884,0.054187677800655365
SiPt10_01.txt_win6,SiPt10,SiPt10_01.txt,Si,1,0,0,40.58990478515625,9.640269126975909e-06,41.58990478515625,1.0000096559524536,0.9765200018882751,0.023479962721467018,0.046959470957517624
SiPt10_01.txt_win7,SiPt10,SiPt10_01.txt,Si,1,0,0,24.86337661743164,0.0015568642411381006,25.86337661743164,1.0015568733215332,0.9627188444137573,0.03728119656443596,0.07444649189710617
SiPt10_01.txt_win8,SiPt10,SiPt10_01.txt,Si,1,0,0,17.679288864135742,0.026460792869329453,18.679288864135742,1.0264607667922974,0.9479106068611145,0.05208940431475639,0.1014932245016098
SiPt10_01.txt_win9,SiPt10,SiPt10_01.txt,Si,1,1,1,3.880405074596638e-06,47.38853073120117,1.0000039339065552,48.38853073120117,0.020247694104909897,0.9797523021697998,0.04049522802233696
SiPt10_01.txt_win10,SiPt10,SiPt10_01.txt,Si,1,0,0,51.87225341796875,3.6109429402131354e-07,52.87225341796875,1.0000003576278687,0.9814375638961792,0.01856243796646595,0.037124861031770706
SiPt10_01.txt_win11,SiPt10,SiPt10_01.txt,Si,1,0,0,30.354045867919922,0.00019593136676121503,31.354045867919922,1.0001959800720215,0.9690861105918884,0.030913906171917915,0.06181569769978523
SiPt10_01.txt_win12,SiPt10,SiPt10_01.txt,Si,1,0,0,8.936367988586426,1.9851322174072266,9.936367988586426,2.9851322174072266,0.7689794301986694,0.23102055490016937,0.1547807902097702
SiPt10_01.txt_win13,SiPt10,SiPt10_01.txt,Si,1,0,0,20.794570922851562,0.009144983254373074,21.794570922851562,1.0091450214385986,0.9557464122772217,0.04425353184342384,0.08770500123500824
SiPt10_01.txt_win14,SiPt10,SiPt10_01.txt,Si,1,0,0,28.117822647094727,0.0007586744031868875,29.117822647094727,1.0007586479187012,0.9667726755142212,0.033227283507585526,0.06640418618917465
SiPt10_01.txt_win15,SiPt10,SiPt10_01.txt,Si,1,1,1,0.0002541734429541975,31.497373580932617,1.0002541542053223,32.49737548828125,0.029860444366931915,0.9701395034790039,0.059705715626478195
SiPt10_01.txt_win16,SiPt10,SiPt10_01.txt,Si,1,1,1,1.8284572433913127e-06,50.411521911621094,1.0000017881393433,51.411521911621094,0.01907980814576149,0.9809202551841736,0.03815954923629761
SiPt10_01.txt_win17,SiPt10,SiPt10_01.txt,Si,1,1,1,0.00021795992506667972,32.14201736450195,1.0002179145812988,33.14201736450195,0.02929561957716942,0.9707043766975403,0.05857847258448601
SiPt10_01.txt_win18,SiPt10,SiPt10_01.txt,Si,1,1,1,1.6245306824202999e-06,50.91908264160156,1.0000016689300537,51.91908264160156,0.018896806985139847,0.981103241443634,0.03779355064034462
SiPt10_01.txt_win19,SiPt10,SiPt10_01.txt,Si,1,1,1,0.016423102468252182,18.584976196289062,1.0164231061935425,19.584976196289062,0.04933757707476616,0.9506624341011047,0.0970807895064354
SiPt10_01.txt_win20,SiPt10,SiPt10_01.txt,Si,1,1,1,0.0009261982049793005,26.545408248901367,1.0009262561798096,27.545408248901367,0.03506321460008621,0.9649367332458496,0.07006153464317322
SiPt10_01.txt_win21,SiPt10,SiPt10_01.txt,Si,1,0,0,51.07582473754883,4.5730473630101187e-07,52.07582473754883,1.0000004768371582,0.9811590313911438,0.018840977922081947,0.0376819409430027
SiPt10_01.txt_win22,SiPt10,SiPt10_01.txt,Si,1,0,0,49.8901252746582,6.472146765190701e-07,50.8901252746582,1.0000005960464478,0.9807285070419312,0.019271500408649445,0.0385429784655571
SiPt10_01.txt_win23,SiPt10,SiPt10_01.txt,Si,1,0,0,51.44950485229492,4.11361781971209e-07,52.44950485229492,1.0000003576278687,0.9812907576560974,0.018709253519773483,0.03741849586367607
SiPt10_01.txt_win24,SiPt10,SiPt10_01.txt,Si,1,0,0,23.676647186279297,0.002290404634550214,24.676647186279297,1.0022903680801392,0.9609683752059937,0.03903161361813545,0.07788483798503876
SiPt10_01.txt_win25,SiPt10,SiPt10_01.txt,Si,1,0,0,22.626529693603516,0.005398410838097334,23.626529693603516,1.0053983926773071,0.9591831564903259,0.04081687703728676,0.08119542896747589
SiPt10_01.txt_win26,SiPt10,SiPt10_01.txt,Si,1,0,0,24.359500885009766,0.002160798991099,25.359500885009766,1.0021607875823975,0.9619841575622559,0.03801584243774414,0.07586774975061417
SiPt10_01.txt_win27,SiPt10,SiPt10_01.txt,Si,1,0,0,22.545473098754883,0.005573764909058809,23.545473098754883,1.0055737495422363,0.9590415358543396,0.04095849022269249,0.08146291971206665
SiPt10_01.txt_win28,SiPt10,SiPt10_01.txt,Si,1,0,0,45.400062561035156,2.5241702132916544e-06,46.400062561035156,1.0000025033950806,0.9789028763771057,0.02109706960618496,0.04219403490424156
SiPt10_01.txt_win29,SiPt10,SiPt10_01.txt,Si,1,0,0,21.516212463378906,0.005583211313933134,22.516212463378906,1.0055831670761108,0.957248866558075,0.04275112226605415,0.08502752333879471
SiPt10_01.txt_win30,SiPt10,SiPt10_01.txt,Si,1,0,0,24.01034164428711,0.0019395239651203156,25.01034164428711,1.0019395351409912,0.961482048034668,0.038517940789461136,0.07688675820827484
SiPt10_01.txt_win31,SiPt10,SiPt10_01.txt,Si,1,0,0,50.7169075012207,5.062915988673922e-07,51.7169075012207,1.0000004768371582,0.9810307621955872,0.018969254568219185,0.037938494235277176
SiPt10_01.txt_win0,SiPt10,SiPt10_01.txt,Si,1,0,0,52.755760192871094,2.810023431720765e-07,53.755760192871094,1.000000238418579,0.9817370772361755,0.018262922763824463,0.03652583807706833
SiPt10_01.txt_win1,SiPt10,SiPt10_01.txt,Si,1,0,0,34.20146560668945,6.372790085151792e-05,35.20146560668945,1.0000637769699097,0.9723750948905945,0.02762490324676037,0.05524628236889839
SiPt10_01.txt_win2,SiPt10,SiPt10_01.txt,Si,1,0,0,27.761276245117188,0.0005777020705863833,28.761276245117188,1.000577688217163,0.9663805365562439,0.0336194671690464,0.06720011681318283
SiPt10_01.txt_win3,SiPt10,SiPt10_01.txt,Si,1,0,0,38.18486404418945,2.099841003655456e-05,39.18486404418945,1.000020980834961,0.9751145243644714,0.024885501712560654,0.04976996034383774
SiPt10_01.txt_win4,SiPt10,SiPt10_01.txt,Si,1,0,0,24.534360885620117,0.0021549281664192677,25.534360885620117,1.0021549463272095,0.9622348546981812,0.037765130400657654,0.07536784559488297
SiPt10_01.txt_win5,SiPt10,SiPt10_01.txt,Si,1,0,0,29.50849151611328,0.00037243004771880805,30.50849151611328,1.0003724098205566,0.96825110912323,0.03174892067909241,0.06347420066595078
SiPt10_01.txt_win6,SiPt10,SiPt10_01.txt,Si,1,0,0,50.096717834472656,6.255641551433655e-07,51.096717834472656,1.0000005960464478,0.9808049201965332,0.019195077940821648,0.038390133529901505
SiPt10_01.txt_win7,SiPt10,SiPt10_01.txt,Si,1,0,0,52.007320404052734,3.4461973541510815e-07,53.007320404052734,1.0000003576278687,0.9814839959144592,0.018516015261411667,0.03703201562166214
SiPt10_01.txt_win8,SiPt10,SiPt10_01.txt,Si,1,0,0,49.1394157409668,8.033159701881232e-07,50.1394157409668,1.0000008344650269,0.9804456233978271,0.01955440454185009,0.039108775556087494
SiPt10_01.txt_win9,SiPt10,SiPt10_01.txt,Si,1,1,1,4.238455772399902,8.747193336486816,5.238455772399902,9.747193336486816,0.3495648205280304,0.6504351496696472,0.13346101343631744
SiPt10_01.txt_win10,SiPt10,SiPt10_01.txt,Si,1,0,0,23.87139129638672,0.003189736744388938,24.87139129638672,1.0031896829605103,0.9612287878990173,0.03877124562859535,0.0772959366440773
SiPt10_01.txt_win11,SiPt10,SiPt10_01.txt,Si,1,0,0,27.030410766601562,0.0005092871724627912,28.030410766601562,1.000509262084961,0.9655364155769348,0.03446357324719429,0.06889206171035767
SiPt10_01.txt_win12,SiPt10,SiPt10_01.txt,Si,1,1,1,0.0005283546051941812,28.79389762878418,1.000528335571289,29.79389762878418,0.0324905663728714,0.9675094485282898,0.06494681537151337
SiPt10_01.txt_win13,SiPt10,SiPt10_01.txt,Si,1,1,1,0.00038910485454835,29.939067840576172,1.0003890991210938,30.939067840576172,0.03132141754031181,0.9686785936355591,0.06261847168207169
SiPt17_01.txt_win14,SiPt17,SiPt17_01.txt,Si,1,0,0,45.67609786987305,2.1294765701895813e-06,46.67609786987305,1.000002145767212,0.9790250658988953,0.020974913612008095,0.041949737817049026
SiPt17_01.txt_win15,SiPt17,SiPt17_01.txt,Si,1,0,0,57.41222381591797,6.119423545669633e-08,58.41222381591797,1.0000001192092896,0.9831684231758118,0.01683155447244644,0.033663105219602585
SiPt17_01.txt_win16,SiPt17,SiPt17_01.txt,Si,1,0,0,47.25519561767578,1.1439184390837909e-06,48.25519561767578,1.0000011920928955,0.979697585105896,0.02030245028436184,0.0406048521399498
SiPt17_01.txt_win17,SiPt17,SiPt17_01.txt,Si,1,0,0,48.8671875,7.738724434602773e-07,49.8671875,1.0000007152557373,0.9803409576416016,0.019659053534269333,0.03931807726621628
SiPt17_01.txt_win18,SiPt17,SiPt17_01.txt,Si,1,0,0,53.30826187133789,2.1116085235917126e-07,54.30826187133789,1.000000238418579,0.981919527053833,0.018080485984683037,0.03616096451878548
SiPt17_01.txt_win19,SiPt17,SiPt17_01.txt,Si,1,0,0,53.4022102355957,1.9989563782019104e-07,54.4022102355957,1.000000238418579,0.9819501638412476,0.018049824982881546,0.036099642515182495
SiPt17_01.txt_win20,SiPt17,SiPt17_01.txt,Si,1,0,0,51.16832733154297,3.908834571575426e-07,52.16832733154297,1.0000003576278687,0.9811918139457703,0.01880819723010063,0.03761637955904007
SiPt17_01.txt_win21,SiPt17,SiPt17_01.txt,Si,1,0,0,46.9036865234375,1.3177800610719714e-06,47.9036865234375,1.000001311302185,0.9795516729354858,0.020448382943868637,0.040896713733673096
SiPt17_01.txt_win22,SiPt17,SiPt17_01.txt,Si,1,0,0,45.59400177001953,2.0081654383830028e-06,46.59400177001953,1.0000020265579224,0.9789888858795166,0.021011091768741608,0.04202209785580635
SiPt17_01.txt_win23,SiPt17,SiPt17_01.txt,Si,1,0,0,46.71390151977539,1.4078354979574215e-06,47.71390151977539,1.0000014305114746,0.9794719815254211,0.020528050139546394,0.04105604067444801
SiPt17_01.txt_win24,SiPt17,SiPt17_01.txt,Si,1,0,0,55.7024040222168,1.0376326287087068e-07,56.7024040222168,1.0000001192092896,0.9826697111129761,0.01733030192553997,0.03466060012578964
SiPt17_01.txt_win25,SiPt17,SiPt17_01.txt,Si,1,0,0,10.351278305053711,6.77769136428833,11.351278305053711,7.77769136428833,0.5934077501296997,0.4065922796726227,0.1045534610748291
SiPt17_01.txt_win26,SiPt17,SiPt17_01.txt,Si,1,1,1,5.969390869140625,7.646671772003174,6.969390869140625,8.646671295166016,0.4462963044643402,0.5537036657333374,0.12807326018810272
SiPt17_01.txt_win27,SiPt17,SiPt17_01.txt,Si,1,0,0,44.463741302490234,2.863498593796976e-06,45.463741302490234,1.0000028610229492,0.9784777760505676,0.021522218361496925,0.043044313788414
SiPt17_01.txt_win28,SiPt17,SiPt17_01.txt,Si,1,0,0,46.82561492919922,1.3722676612815121e-06,47.82561492919922,1.0000014305114746,0.9795189499855042,0.020481081679463387,0.040962107479572296
SiPt17_01.txt_win29,SiPt17,SiPt17_01.txt,Si,1,0,0,56.73416519165039,7.606382013136681e-08,57.73416519165039,1.0000001192092896,0.982974112033844,0.017025867477059364,0.03405173122882843
SiPt17_01.txt_win30,SiPt17,SiPt17_01.txt,Si,1,0,0,59.25831604003906,3.5675153498004875e-08,60.25831604003906,1.0,0.9836756587028503,0.01632431335747242,0.03264862671494484
SiPt17_01.txt_win31,SiPt17,SiPt17_01.txt,Si,1,0,0,52.46908187866211,2.603088375963125e-07,53.46908187866211,1.000000238418579,0.9816409349441528,0.018359042704105377,0.03671807795763016
SiPt17_01.txt_win0,SiPt17,SiPt17_01.txt,Si,1,0,0,51.42043685913086,3.578782354907162e-07,52.42043685913086,1.0000003576278687,0.9812805652618408,0.01871943473815918,0.037438854575157166
SiPt17_01.txt_win1,SiPt17,SiPt17_01.txt,Si,1,0,0,52.28526306152344,2.766758768757427e-07,53.28526306152344,1.000000238418579,0.9815787672996521,0.01842121034860611,0.03684241324663162
SiPt17_01.txt_win2,SiPt17,SiPt17_01.txt,Si,1,0,0,55.31730651855469,1.1599431104514224e-07,56.31730651855469,1.0000001192092896,0.982553243637085,0.017446739599108696,0.034893475472927094
SiPt17_01.txt_win3,SiPt17,SiPt17_01.txt,Si,1,0,0,55.9093132019043,9.792360344818007e-08,56.9093132019043,1.0000001192092896,0.9827316403388977,0.017268382012844086,0.03453676030039787
SiPt17_01.txt_win4,SiPt17,SiPt17_01.txt,Si,1,0,0,48.0235481262207,9.652790140535217e-07,49.0235481262207,1.0000009536743164,0.9800094366073608,0.019990604370832443,0.0399811714887619
SiPt17_01.txt_win5,SiPt17,SiPt17_01.txt,Si,1,0,0,27.43532371520996,0.0004827801021747291,28.43532371520996,1.0004827976226807,0.9660114049911499,0.03398863226175308,0.06794445961713791
SiPt17_01.txt_win6,SiPt17,SiPt17_01.txt,Si,1,0,0,13.71243953704834,0.29807931184768677,14.71243953704834,1.298079252243042,0.9189233183860779,0.08107665181159973,0.12491787225008011
SiPt17_01.txt_win7,SiPt17,SiPt17_01.txt,Si,1,0,0,34.51619338989258,5.4418873332906514e-05,35.51619338989258,1.0000543594360352,0.9726134538650513,0.027386559173464775,0.05477014183998108
SiPt17_01.txt_win8,SiPt17,SiPt17_01.txt,Si,1,0,0,51.08434295654297,3.9451091993214504e-07,52.08434295654297,1.0000003576278687,0.9811620712280273,0.018837952986359596,0.037675891071558
SiPt17_01.txt_win9,SiPt17,SiPt17_01.txt,Si,1,0,0,57.614532470703125,5.85484123405422e-08,58.614532470703125,1.0,0.9832255840301514,0.016774432733654976,0.03354886546730995
SiPt17_01.txt_win10,SiPt17,SiPt17_01.txt,Si,1,0,0,55.54471206665039,1.0619010026857723e-07,56.54471206665039,1.0000001192092896,0.9826222062110901,0.017377793788909912,0.034755583852529526
SiPt17_01.txt_win11,SiPt17,SiPt17_01.txt,Si,1,0,0,49.23017120361328,6.737442959092732e-07,50.23017120361328,1.0000007152557373,0.9804802536964417,0.019519761204719543,0.039039496332407
SiPt17_01.txt_win12,SiPt17,SiPt17_01.txt,Si,1,0,0,51.369693756103516,3.6886717680317815e-07,52.369693756103516,1.0000003576278687,0.9812628030776978,0.01873723231256008,0.03747444972395897
SiPt17_01.txt_win13,SiPt17,SiPt17_01.txt,Si,1,0,0,52.68281173706055,2.4581626689723635e-07,53.68281173706055,1.000000238418579,0.9817126989364624,0.018287286162376404,0.03657456487417221
SiPt17_01.txt_win14,SiPt17,SiPt17_01.txt,Si,1,0,0,50.97306823730469,4.015609533780662e-07,51.97306823730469,1.0000003576278687,0.9811224937438965,0.01887752301990986,0.03775503486394882
SiPt17_01.txt_win15,SiPt17,SiPt17_01.txt,Si,1,0,0,44.425941467285156,2.8256827135919593e-06,45.425941467285156,1.0000028610229492,0.9784602522850037,0.02153974212706089,0.04307936131954193
SiPt17_01.txt_win16,SiPt17,SiPt17_01.txt,Si,1,0,0,39.87748718261719,1.0608094271447044e-05,40.87748718261719,1.00001060962677,0.9761205315589905,0.02387942560017109,0.04775834456086159
SiPt17_01.txt_win17,SiPt17,SiPt17_01.txt,Si,1,0,0,23.43268585205078,0.00292479177005589,24.43268585205078,1.0029247999191284,0.9605700969696045,0.03942994773387909,0.07862991839647293
SiPt17_01.txt_win18,SiPt17,SiPt17_01.txt,Si,1,1,1,0.0007702962611801922,30.252681732177734,1.0007703304290771,31.252681732177734,0.031028317287564278,0.9689716696739197,0.06200886517763138
SiPt17_01.txt_win19,SiPt17,SiPt17_01.txt,Si,1,0,0,23.780689239501953,0.002318176906555891,24.780689239501953,1.0023181438446045,0.9611248970031738,0.038875143975019455,0.07757047563791275
SiPt17_01.txt_win20,SiPt17,SiPt17_01.txt,Si,1,0,0,53.87216567993164,1.7745986724548857e-07,54.87216567993164,1.0000001192092896,0.9821019768714905,0.01789800263941288,0.03579599782824516
SiPt17_01.txt_win21,SiPt17,SiPt17_01.txt,Si,1,0,0,59.17552185058594,3.723629760088443e-08,60.17552185058594,1.0,0.9836536049842834,0.016346408054232597,0.032692816108465195
SiPt17_01.txt_win22,SiPt17,SiPt17_01.txt,Si,1,0,0,48.883460998535156,7.39628148949123e-07,49.883460998535156,1.0000007152557373,0.9803472757339478,0.01965276524424553,0.03930550068616867
SiPt17_01.txt_win23,SiPt17,SiPt17_01.txt,Si,1,0,0,51.32221221923828,3.736226688033639e-07,52.32221221923828,1.0000003576278687,0.9812461137771606,0.018753917887806892,0.03750782087445259
SiPt17_01.txt_win24,SiPt17,SiPt17_01.txt,Si,1,0,0,52.364837646484375,2.725035983530688e-07,53.364837646484375,1.000000238418579,0.9816057682037354,0.018394246697425842,0.03678848594427109
SiPt17_01.txt_win25,SiPt17,SiPt17_01.txt,Si,1,0,0,57.05912780761719,6.937536056739191e-08,58.05912780761719,1.0000001192092896,0.9830678105354309,0.016932185739278793,0.03386436775326729
SiPt17_01.txt_win26,SiPt17,SiPt17_01.txt,Si,1,0,0,56.27916717529297,8.752153490831915e-08,57.27916717529297,1.0000001192092896,0.9828411936759949,0.017158791422843933,0.03431757912039757
SiPt17_01.txt_win27,SiPt17,SiPt17_01.txt,Si,1,0,0,51.007164001464844,4.092058532023657e-07,52.007164001464844,1.0000003576278687,0.9811346530914307,0.018865380436182022,0.03773074969649315
SiPt17_01.txt_win28,SiPt17,SiPt17_01.txt,Si,1,0,0,50.88349533081055,4.198622036710731e-07,51.88349533081055,1.0000004768371582,0.9810904860496521,0.018909500911831856,0.03781898319721222
SiPt17_01.txt_win29,SiPt17,SiPt17_01.txt,Si,1,0,0,43.95664596557617,3.138199645036366e-06,44.95664596557617,1.0000030994415283,0.9782402515411377,0.021759703755378723,0.0435192734003067
SiPt27_01.txt_win30,SiPt27,SiPt27_01.txt,Si,1,1,1,0.0012233988381922245,25.530231475830078,1.0012234449386597,26.530231475830078,0.036366529762744904,0.9636334776878357,0.0726441815495491
SiPt27_01.txt_win31,SiPt27,SiPt27_01.txt,Si,1,1,1,9.52068148762919e-07,52.94402313232422,1.0000009536743164,53.94402313232422,0.018200358375906944,0.9817996621131897,0.0364006832242012
SiPt27_01.txt_win0,SiPt27,SiPt27_01.txt,Si,1,1,1,8.303792924380105e-07,53.45321273803711,1.0000008344650269,54.45321273803711,0.018033234402537346,0.9819667935371399,0.036066439002752304
SiPt27_01.txt_win1,SiPt27,SiPt27_01.txt,Si,1,1,1,7.568546038783097e-07,54.101200103759766,1.0000007152557373,55.101200103759766,0.017824944108724594,0.9821750521659851,0.0356498621404171
SiPt27_01.txt_win2,SiPt27,SiPt27_01.txt,Si,1,1,1,6.694932039863488e-07,54.67100524902344,1.0000007152557373,55.67100524902344,0.01764572039246559,0.9823542833328247,0.035291414707899094
SiPt27_01.txt_win3,SiPt27,SiPt27_01.txt,Si,1,1,1,7.340773890973651e-07,54.199893951416016,1.0000007152557373,55.199893951416016,0.01779364049434662,0.9822063446044922,0.03558725491166115
SiPt27_01.txt_win4,SiPt27,SiPt27_01.txt,Si,1,1,1,6.586361678273533e-07,54.83837127685547,1.0000007152557373,55.83837127685547,0.017593760043382645,0.9824062585830688,0.0351874977350235
SiPt27_01.txt_win5,SiPt27,SiPt27_01.txt,Si,1,1,1,6.945587074369541e-07,54.48181915283203,1.0000007152557373,55.48181915283203,0.01770482398569584,0.9822952151298523,0.03540962561964989
SiPt27_01.txt_win6,SiPt27,SiPt27_01.txt,Si,1,1,1,7.815331173333107e-07,53.8189811706543,1.0000008344650269,54.8189811706543,0.017915068194270134,0.9820849299430847,0.03583010658621788
SiPt27_01.txt_win7,SiPt27,SiPt27_01.txt,Si,1,1,1,5.16074464940175e-07,55.51753616333008,1.0000004768371582,56.51753616333008,0.01738600991666317,0.9826139807701111,0.034772004932165146
SiPt27_01.txt_win8,SiPt27,SiPt27_01.txt,Si,1,1,1,9.82513029157417e-07,52.62801742553711,1.0000009536743164,53.62801742553711,0.018305642530322075,0.9816944003105164,0.036611251533031464
SiPt27_01.txt_win9,SiPt27,SiPt27_01.txt,Si,1,1,1,1.213692826240731e-06,51.67279815673828,1.0000011920928955,52.67279815673828,0.018631434068083763,0.9813686013221741,0.037262823432683945
SiPt27_01.txt_win10,SiPt27,SiPt27_01.txt,Si,1,1,1,6.937139573892637e-07,54.41132354736328,1.0000007152557373,55.41132354736328,0.017726950347423553,0.9822730422019958,0.03545387461781502
SiPt27_01.txt_win11,SiPt27,SiPt27_01.txt,Si,1,1,1,8.6666864262952e-07,53.663291931152344,1.0000008344650269,54.663291931152344,0.017965175211429596,0.9820348620414734,0.035930320620536804
SiPt27_01.txt_win12,SiPt27,SiPt27_01.txt,Si,1,1,1,9.647856131778099e-07,52.871395111083984,1.0000009536743164,53.871395111083984,0.018224449828267097,0.9817755818367004,0.03644886240363121
SiPt27_01.txt_win13,SiPt27,SiPt27_01.txt,Si,1,1,1,6.098102858231869e-07,54.823585510253906,1.0000005960464478,55.823585510253906,0.017598336562514305,0.9824016690254211,0.03519665077328682
SiPt27_01.txt_win14,SiPt27,SiPt27_01.txt,Si,1,1,1,5.98058250034228e-07,55.1202278137207,1.0000005960464478,56.1202278137207,0.01750694401562214,0.9824930429458618,0.03501386567950249
SiPt27_01.txt_win15,SiPt27,SiPt27_01.txt,Si,1,1,1,5.576934540840739e-07,55.366580963134766,1.0000005960464478,56.366580963134766,0.01743176206946373,0.9825682640075684,0.03486350178718567
SiPt27_01.txt_win16,SiPt27,SiPt27_01.txt,Si,1,1,1,9.460321166443464e-07,52.95222473144531,1.0000009536743164,53.95222473144531,0.018197642639279366,0.9818024039268494,0.036395251750946045
SiPt27_01.txt_win17,SiPt27,SiPt27_01.txt,Si,1,1,1,5.770726829723571e-07,55.13712692260742,1.0000005960464478,56.13712692260742,0.017501765862107277,0.9824982285499573,0.03500350937247276
SiPt27_01.txt_win18,SiPt27,SiPt27_01.txt,Si,1,1,1,4.951617711412837e-07,55.8112678527832,1.0000004768371582,56.8112678527832,0.01729767397046089,0.9827023148536682,0.03459533303976059
SiPt27_01.txt_win19,SiPt27,SiPt27_01.txt,Si,1,1,1,8.251777785517334e-07,53.607505798339844,1.0000008344650269,54.607505798339844,0.017983198165893555,0.9820168018341064,0.03596636652946472
SiPt27_01.txt_win20,SiPt27,SiPt27_01.txt,Si,1,1,1,1.506758735558833e-06,50.846717834472656,1.0000015497207642,51.846717834472656,0.018922680988907814,0.9810773730278015,0.03784530237317085
SiPt27_01.txt_win21,SiPt27,SiPt27_01.txt,Si,1,1,1,1.0814633242262062e-06,52.30057144165039,1.000001072883606,53.30057144165039,0.018416032195091248,0.9815840125083923,0.03683202341198921
SiPt27_01.txt_win22,SiPt27,SiPt27_01.txt,Si,1,1,1,4.5159777073422447e-07,56.086334228515625,1.0000004768371582,57.086334228515625,0.01721576228737831,0.9827842712402344,0.03443150594830513
SiPt27_01.txt_win23,SiPt27,SiPt27_01.txt,Si,1,1,1,4.3497138335624186e-07,56.198150634765625,1.0000004768371582,57.198150634765625,0.017182685434818268,0.9828173518180847,0.03436535224318504
SiPt27_01.txt_win24,SiPt27,SiPt27_01.txt,Si,1,1,1,4.31085368290951e-07,56.31278610229492,1.0000004768371582,57.31278610229492,0.017148906365036964,0.9828510880470276,0.034297794103622437
SiPt27_01.txt_win25,SiPt27,SiPt27_01.txt,Si,1,1,1,4.412001146647526e-07,56.2558708190918,1.0000004768371582,57.2558708190918,0.017165660858154297,0.9828343391418457,0.0343313030898571
SiPt27_01.txt_win26,SiPt27,SiPt27_01.txt,Si,1,1,1,4.538645157481369e-07,55.97677230834961,1.0000004768371582,56.97677230834961,0.01724829524755478,0.982751727104187,0.034496571868658066
SiPt27_01.txt_win27,SiPt27,SiPt27_01.txt,Si,1,1,1,4.5841946416658175e-07,55.758567810058594,1.0000004768371582,56.758567810058594,0.017313456162810326,0.9826865792274475,0.03462689742445946
SiPt27_01.txt_win28,SiPt27,SiPt27_01.txt,Si,1,1,1,5.163221317161515e-07,55.521671295166016,1.0000004768371582,56.521671295166016,0.017384760081768036,0.9826152324676514,0.03476950526237488
SiPt27_01.txt_win29,SiPt27,SiPt27_01.txt,Si,1,1,1,5.2081452395214e-07,55.67091369628906,1.0000004768371582,56.67091369628906,0.01733977161347866,0.9826602339744568,0.03467952832579613
SiPt27_01.txt_win30,SiPt27,SiPt27_01.txt,Si,1,1,1,6.319428393908311e-07,54.54854965209961,1.0000005960464478,55.54854965209961,0.017683930695056915,0.9823160767555237,0.03536783903837204
SiPt27_01.txt_win31,SiPt27,SiPt27_01.txt,Si,1,1,1,8.441205068265845e-07,53.15933609008789,1.0000008344650269,54.15933609008789,0.018129311501979828,0.981870710849762,0.03625859320163727
SiPt27_01.txt_win0,SiPt27,SiPt27_01.txt,Si,1,1,1,1.2816999515052885e-06,51.35035705566406,1.000001311302185,52.35035705566406,0.01874404214322567,0.9812560081481934,0.03748803585767746
SiPt27_01.txt_win1,SiPt27,SiPt27_01.txt,Si,1,1,1,6.598174309146998e-07,54.48725891113281,1.0000007152557373,55.48725891113281,0.017703119665384293,0.982296884059906,0.035406213253736496
SiPt27_01.txt_win2,SiPt27,SiPt27_01.txt,Si,1,1,1,5.968025220681739e-07,54.9298210144043,1.0000005960464478,55.9298210144043,0.017565496265888214,0.9824345111846924,0.035130973905324936
SiPt27_01.txt_win3,SiPt27,SiPt27_01.txt,Si,1,1,1,5.181551046007371e-07,55.490665435791016,1.0000004768371582,56.490665435791016,0.017394136637449265,0.9826058745384216,0.03478825464844704
SiPt27_01.txt_win4,SiPt27,SiPt27_01.txt,Si,1,1,1,5.087551926408196e-07,55.58713912963867,1.0000004768371582,56.58713912963867,0.017364997416734695,0.9826350212097168,0.0347299762070179
SiPt27_01.txt_win5,SiPt27,SiPt27_01.txt,Si,1,1,1,5.86668079449737e-07,55.06890106201172,1.0000005960464478,56.06890106201172,0.017522688955068588,0.9824773073196411,0.035045355558395386
SiPt27_01.txt_win6,SiPt27,SiPt27_01.txt,Si,1,1,1,4.6066244863141037e-07,56.05510711669922,1.0000004768371582,57.05510711669922,0.017225021496415138,0.9827749729156494,0.03445002809166908
SiPt27_01.txt_win7,SiPt27,SiPt27_01.txt,Si,1,1,1,5.078254616819322e-07,55.438079833984375,1.0000004768371582,56.438079833984375,0.01741006039083004,0.9825899600982666,0.034820105880498886
SiPt27_01.txt_win8,SiPt27,SiPt27_01.txt,Si,1,1,1,5.129454621055629e-07,55.30015182495117,1.0000004768371582,56.30015182495117,0.017451969906687737,0.9825480580329895,0.03490392118692398
SiPt27_01.txt_win9,SiPt27,SiPt27_01.txt,Si,1,1,1,1.0043451084129629e-06,52.45577621459961,1.0000009536743164,53.45577621459961,0.01836354285478592,0.9816364645957947,0.036727048456668854
SiPt27_01.txt_win10,SiPt27,SiPt27_01.txt,Si,1,1,1,4.681109544435458e-07,55.89922332763672,1.0000004768371582,56.89922332763672,0.01727139763534069,0.9827286005020142,0.03454277664422989
SiPt27_01.txt_win11,SiPt27,SiPt27_01.txt,Si,1,1,1,1.2228011883053114e-06,51.81425476074219,1.0000011920928955,52.81425476074219,0.018582459539175034,0.9814175367355347,0.037164874374866486
SiPt27_01.txt_win12,SiPt27,SiPt27_01.txt,Si,1,1,1,3.323648797959322e-06,47.502601623535156,1.0000033378601074,48.502601623535156,0.020201023668050766,0.9797989726066589,0.04040191322565079
SiPt27_01.txt_win13,SiPt27,SiPt27_01.txt,Si,1,1,1,1.4108167079029954e-06,51.086204528808594,1.0000014305114746,52.086204528808594,0.01883731223642826,0.9811627268791199,0.03767457231879234
SiPt29_01.txt_win14,SiPt29,SiPt29_01.txt,Si,1,0,0,26.750776290893555,0.002768156351521611,27.750776290893555,1.0027681589126587,0.9651254415512085,0.03487459197640419,0.06955664604902267
SiPt29_01.txt_win15,SiPt29,SiPt29_01.txt,Si,1,0,0,10.715734481811523,1.1877540349960327,11.715734481811523,2.1877541542053223,0.842647135257721,0.15735289454460144,0.14384879171848297
SiPt29_01.txt_win16,SiPt29,SiPt29_01.txt,Si,1,0,0,13.422571182250977,1.1966781616210938,14.422571182250977,2.1966781616210938,0.8678232431411743,0.1321767419576645,0.12034238129854202
SiPt29_01.txt_win17,SiPt29,SiPt29_01.txt,Si,1,0,0,30.735937118530273,0.000333993521053344,31.735937118530273,1.0003340244293213,0.9694426655769348,0.030557360500097275,0.061094313859939575
SiPt29_01.txt_win18,SiPt29,SiPt29_01.txt,Si,1,0,0,20.90035629272461,0.012678919360041618,21.90035629272461,1.012678861618042,0.955803394317627,0.04419662803411484,0.0872865617275238
SiPt29_01.txt_win19,SiPt29,SiPt29_01.txt,Si,1,1,1,0.32510945200920105,16.187421798706055,1.3251094818115234,17.187421798706055,0.07157905399799347,0.9284209609031677,0.10803493112325668
SiPt29_01.txt_win20,SiPt29,SiPt29_01.txt,Si,1,1,1,5.968847274780273,9.232275009155273,6.968847274780273,10.232275009155273,0.40513911843299866,0.5948609113693237,0.1162714809179306
SiPt29_01.txt_win21,SiPt29,SiPt29_01.txt,Si,1,0,0,20.4158935546875,0.022200869396328926,21.4158935546875,1.0222008228302002,0.9544434547424316,0.04555648937821388,0.08913412690162659
SiPt29_01.txt_win22,SiPt29,SiPt29_01.txt,Si,1,1,1,1.6697361469268799,10.621047019958496,2.66973614692688,11.621047019958496,0.18681524693965912,0.8131847977638245,0.13995034992694855
SiPt29_01.txt_win23,SiPt29,SiPt29_01.txt,Si,1,0,0,9.067968368530273,6.0781989097595215,10.067968368530273,7.0781989097595215,0.5871847867965698,0.4128152132034302,0.11664414405822754
SiPt29_01.txt_win24,SiPt29,SiPt29_01.txt,Si,1,0,0,29.848186492919922,0.00025045700022019446,30.848186492919922,1.0002504587173462,0.968593418598175,0.03140658140182495,0.0627974346280098
SiPt29_01.txt_win25,SiPt29,SiPt29_01.txt,Si,1,0,0,11.962404251098633,3.4856350421905518,12.962404251098633,4.485634803771973,0.742914617061615,0.25708532333374023,0.11462605744600296
SiPt29_01.txt_win26,SiPt29,SiPt29_01.txt,Si,1,1,1,0.0005248065572232008,28.29738426208496,1.0005247592926025,29.29738426208496,0.03302289918065071,0.9669771194458008,0.06601115316152573
SiPt29_01.txt_win27,SiPt29,SiPt29_01.txt,Si,1,1,1,0.008971193805336952,21.674264907836914,1.0089712142944336,22.674264907836914,0.04260276257991791,0.9573972821235657,0.08444792032241821
SiPt29_01.txt_win28,SiPt29,SiPt29_01.txt,Si,1,1,1,0.0007241218700073659,27.09639549255371,1.0007240772247314,28.09639549255371,0.034392546862363815,0.9656074047088623,0.06873532384634018
SiPt29_01.txt_win29,SiPt29,SiPt29_01.txt,Si,1,0,0,20.78845977783203,0.028825994580984116,21.78845977783203,1.0288259983062744,0.9549102187156677,0.04508976265788078,0.08765284717082977
SiPt29_01.txt_win30,SiPt29,SiPt29_01.txt,Si,1,0,0,27.741064071655273,0.0004028411640319973,28.741064071655273,1.000402808189392,0.9663633704185486,0.033636633306741714,0.06724617630243301
SiPt29_01.txt_win31,SiPt29,SiPt29_01.txt,Si,1,1,1,0.00014015505439601839,33.479061126708984,1.0001401901245117,34.479061126708984,0.02818947844207287,0.971810519695282,0.0563710518181324
SiPt29_01.txt_win0,SiPt29,SiPt29_01.txt,Si,1,1,1,0.0001322769239777699,33.097938537597656,1.0001323223114014,34.097938537597656,0.028495363891124725,0.9715046286582947,0.056983187794685364
SiPt29_01.txt_win1,SiPt29,SiPt29_01.txt,Si,1,1,1,0.002013059798628092,24.701435089111328,1.002013087272644,25.701435089111328,0.03752373531460762,0.9624763131141663,0.07489669322967529
SiPt29_01.txt_win2,SiPt29,SiPt29_01.txt,Si,1,1,1,8.048598829191178e-05,35.2626953125,1.0000804662704468,36.2626953125,0.026838593184947968,0.9731613993644714,0.05367286875844002
SiPt29_01.txt_win3,SiPt29,SiPt29_01.txt,Si,1,1,1,0.00017357972683385015,32.32994842529297,1.000173568725586,33.32994842529297,0.0291339922696352,0.9708659648895264,0.058257874101400375
SiPt29_01.txt_win4,SiPt29,SiPt29_01.txt,Si,1,1,1,6.8508910771925e-05,35.743873596191406,1.0000685453414917,36.743873596191406,0.02649613469839096,0.9735038876533508,0.05298863723874092
SiPt29_01.txt_win5,SiPt29,SiPt29_01.txt,Si,1,1,1,0.00017215269326698035,32.273868560791016,1.0001721382141113,33.273868560791016,0.029181623831391335,0.9708184003829956,0.05835320055484772
SiPt29_01.txt_win6,SiPt29,SiPt29_01.txt,Si,1,1,1,0.272514671087265,17.193927764892578,1.2725147008895874,18.193927764892578,0.06536965817213058,0.9346303343772888,0.10274091362953186
SiPt29_01.txt_win7,SiPt29,SiPt29_01.txt,Si,1,0,0,44.55750274658203,2.834740826074267e-06,45.55750274658203,1.0000028610229492,0.9785211086273193,0.02147887460887432,0.04295762628316879
SiPt29_01.txt_win8,SiPt29,SiPt29_01.txt,Si,1,0,0,43.92642593383789,3.479169890852063e-06,44.92642593383789,1.000003457069397,0.9782259464263916,0.02177402935922146,0.04354790970683098
SiPt29_01.txt_win9,SiPt29,SiPt29_01.txt,Si,1,0,0,53.82217788696289,1.8453610550750454e-07,54.82217788696289,1.000000238418579,0.9820860028266907,0.017914030700922012,0.03582805395126343
SiPt29_01.txt_win10,SiPt29,SiPt29_01.txt,Si,1,0,0,39.64193344116211,1.1451783393567894e-05,40.64193344116211,1.0000114440917969,0.9759854674339294,0.02401452325284481,0.04802849516272545
SiPt29_01.txt_win11,SiPt29,SiPt29_01.txt,Si,1,1,1,0.5498154163360596,12.602060317993164,1.5498154163360596,13.602060317993164,0.10228538513183594,0.8977146148681641,0.13199685513973236
SiPt29_01.txt_win12,SiPt29,SiPt29_01.txt,Si,1,1,1,0.0002026252041105181,31.80501937866211,1.0002026557922363,32.80501937866211,0.02958722412586212,0.9704127907752991,0.059162456542253494
SiPt29_01.txt_win13,SiPt29,SiPt29_01.txt,Si,1,1,1,0.00012670361320488155,33.538307189941406,1.0001267194747925,34.538307189941406,0.028142116963863373,0.9718579053878784,0.05627709999680519
SiPt29_01.txt_win14,SiPt29,SiPt29_01.txt,Si,1,1,1,0.0002792546874843538,30.98734474182129,1.0002793073654175,31.98734474182129,0.030322864651679993,0.9696770906448364,0.060628797858953476
SiPt29_01.txt_win15,SiPt29,SiPt29_01.txt,Si,1,1,1,0.033484164625406265,18.918651580810547,1.0334842205047607,19.918651580810547,0.049325961619615555,0.9506740570068359,0.09545566886663437
SiPt29_01.txt_win16,SiPt29,SiPt29_01.txt,Si,1,0,0,26.57427406311035,0.0013988872524350882,27.57427406311035,1.0013989210128784,0.9649562835693359,0.035043757408857346,0.06998960673809052
SiPt29_01.txt_win17,SiPt29,SiPt29_01.txt,Si,1,1,1,8.376184463500977,9.637336730957031,9.376184463500977,10.637336730957031,0.4684925079345703,0.5315074920654297,0.09993243962526321
SiPt29_01.txt_win18,SiPt29,SiPt29_01.txt,Si,1,0,0,20.55763816833496,0.43654781579971313,21.55763816833496,1.4365477561950684,0.9375255703926086,0.062474388629198074,0.08697851002216339
SiPt29_01.txt_win19,SiPt29,SiPt29_01.txt,Si,1,0,0,33.65806198120117,0.00012320993118919432,34.65806198120117,1.0001232624053955,0.971952497959137,0.028047509491443634,0.05608810484409332
SiPt29_01.txt_win20,SiPt29,SiPt29_01.txt,Si,1,0,0,38.446685791015625,1.840433651523199e-05,39.446685791015625,1.0000183582305908,0.9752756357192993,0.02472434751689434,0.049447786062955856
SiPt29_01.txt_win21,SiPt29,SiPt29_01.txt,Si,1,0,0,44.27382278442383,3.1614288218406728e-06,45.27382278442383,1.0000032186508179,0.9783894419670105,0.021610558032989502,0.04322097823023796
SiPt29_01.txt_win22,SiPt29,SiPt29_01.txt,Si,1,0,0,16.94270133972168,1.0727121829986572,17.94270133972168,2.0727121829986572,0.8964442014694214,0.10355580598115921,0.09992299228906631
SiPt29_01.txt_win23,SiPt29,SiPt29_01.txt,Si,1,0,0,10.539521217346191,8.795794486999512,11.539521217346191,9.795794486999512,0.5408648252487183,0.4591352045536041,0.0937412902712822
SiPt29_01.txt_win24,SiPt29,SiPt29_01.txt,Si,1,0,0,8.362264633178711,7.712378025054932,9.362264633178711,8.712377548217773,0.5179778933525085,0.48202213644981384,0.11065226048231125
SiPt29_01.txt_win25,SiPt29,SiPt29_01.txt,Si,1,1,1,0.009464135393500328,22.98760414123535,1.009464144706726,23.98760414123535,0.04038330167531967,0.9596167206764221,0.08000937849283218
SiPt29_01.txt_win26,SiPt29,SiPt29_01.txt,Si,1,1,1,0.006368774455040693,24.22727394104004,1.0063687562942505,25.22727394104004,0.03836176171898842,0.9616382718086243,0.0762379840016365
SiPt29_01.txt_win27,SiPt29,SiPt29_01.txt,Si,1,1,1,0.012125009670853615,22.403369903564453,1.012125015258789,23.403369903564453,0.04145420715212822,0.9585458040237427,0.08191519230604172
SiPt29_01.txt_win28,SiPt29,SiPt29_01.txt,Si,1,1,1,0.00012541997421067208,33.58977508544922,1.0001254081726074,34.58977508544922,0.02810138277709484,0.97189861536026,0.05619571730494499
SiPt29_01.txt_win29,SiPt29,SiPt29_01.txt,Si,1,1,1,0.0010049911215901375,26.127681732177734,1.001004934310913,27.127681732177734,0.03558662161231041,0.9644133448600769,0.07110179215669632
SiPt32_01.txt_win30,SiPt32,SiPt32_01.txt,Si,1,0,0,40.43382263183594,9.235624020220712e-06,41.43382263183594,1.0000091791152954,0.9764336943626404,0.023566318675875664,0.047132205218076706
SiPt32_01.txt_win31,SiPt32,SiPt32_01.txt,Si,1,0,0,52.85921859741211,2.4065954562502156e-07,53.85921859741211,1.000000238418579,0.9817715287208557,0.018228480592370033,0.03645695373415947
SiPt32_01.txt_win0,SiPt32,SiPt32_01.txt,Si,1,0,0,49.77996826171875,5.923693606746383e-07,50.77996826171875,1.0000005960464478,0.9806874990463257,0.019312499091029167,0.038624975830316544
SiPt32_01.txt_win1,SiPt32,SiPt32_01.txt,Si,1,0,0,37.24850082397461,2.2725320377503522e-05,38.24850082397461,1.0000227689743042,0.974520742893219,0.02547924593091011,0.0509573295712471
SiPt32_01.txt_win2,SiPt32,SiPt32_01.txt,Si,1,0,0,39.79290771484375,1.1199548680451699e-05,40.79290771484375,1.0000112056732178,0.9760722517967224,0.02392776682972908,0.04785499721765518
SiPt32_01.txt_win3,SiPt32,SiPt32_01.txt,Si,1,0,0,41.473487854003906,6.729578672093339e-06,42.473487854003906,1.0000066757202148,0.9769973158836365,0.02300267480313778,0.046005044132471085
SiPt32_01.txt_win4,SiPt32,SiPt32_01.txt,Si,1,0,0,36.98501968383789,2.5686984372441657e-05,37.98501968383789,1.0000256299972534,0.9743484258651733,0.025651518255472183,0.05130172148346901
SiPt32_01.txt_win5,SiPt32,SiPt32_01.txt,Si,1,0,0,34.01139450073242,5.898666495340876e-05,35.01139450073242,1.0000590085983276,0.9722294807434082,0.02777058258652687,0.055537886917591095
SiPt32_01.txt_win6,SiPt32,SiPt32_01.txt,Si,1,0,0,35.479461669921875,3.887465936713852e-05,36.479461669921875,1.0000388622283936,0.9733177423477173,0.026682289317250252,0.05336250364780426
SiPt32_01.txt_win7,SiPt32,SiPt32_01.txt,Si,1,0,0,53.18533706665039,2.162939694017041e-07,54.18533706665039,1.000000238418579,0.9818792343139648,0.01812076009809971,0.03624151274561882
SiPt32_01.txt_win8,SiPt32,SiPt32_01.txt,Si,1,0,0,49.50027847290039,6.240958896341908e-07,50.50027847290039,1.0000005960464478,0.9805826544761658,0.019417382776737213,0.038834743201732635
SiPt32_01.txt_win9,SiPt32,SiPt32_01.txt,Si,1,0,0,8.529733657836914,0.14067713916301727,9.529733657836914,1.1406770944595337,0.8930990099906921,0.10690095275640488,0.18743419647216797
SiPt32_01.txt_win10,SiPt32,SiPt32_01.txt,Si,1,1,1,0.29000332951545715,4.916231155395508,1.2900032997131348,5.916231155395508,0.17901211977005005,0.82098788022995,0.27753746509552
SiPt32_01.txt_win11,SiPt32,SiPt32_01.txt,Si,1,0,0,31.226428985595703,0.00013211154146119952,32.2264289855957,1.0001320838928223,0.969899594783783,0.030100377276539803,0.06019280478358269
SiPt32_01.txt_win12,SiPt32,SiPt32_01.txt,Si,1,0,0,36.806724548339844,2.6589199478621595e-05,37.806724548339844,1.0000265836715698,0.9742305874824524,0.025769397616386414,0.05153742432594299
SiPt32_01.txt_win13,SiPt32,SiPt32_01.txt,Si,1,0,0,31.62880516052246,0.00011675660061882809,32.628807067871094,1.0001167058944702,0.9702602028846741,0.029739776626229286,0.05947261303663254
SiPt32_01.txt_win14,SiPt32,SiPt32_01.txt,Si,1,0,0,32.19813919067383,0.00010295151150785387,33.19813919067383,1.0001029968261719,0.9707556962966919,0.029244281351566315,0.058482538908720016
SiPt32_01.txt_win15,SiPt32,SiPt32_01.txt,Si,1,0,0,39.06278610229492,1.4507220839732327e-05,40.06278610229492,1.0000145435333252,0.9756466746330261,0.02435329556465149,0.04870588332414627
SiPt32_01.txt_win16,SiPt32,SiPt32_01.txt,Si,1,0,0,42.27994155883789,5.574605438596336e-06,43.27994155883789,1.0000056028366089,0.9774163365364075,0.02258371375501156,0.04516717419028282
SiPt32_01.txt_win17,SiPt32,SiPt32_01.txt,Si,1,0,0,45.211265563964844,2.2734170670446474e-06,46.211265563964844,1.0000022649765015,0.9788185358047485,0.02118143066763878,0.042362768203020096
SiPt32_01.txt_win18,SiPt32,SiPt32_01.txt,Si,1,0,0,46.479217529296875,1.5467874163732631e-06,47.479217529296875,1.0000015497207642,0.9793726205825806,0.020627427846193314,0.04125479236245155
SiPt32_01.txt_win19,SiPt32,SiPt32_01.txt,Si,1,0,0,43.532859802246094,3.7126094412087696e-06,44.532859802246094,1.000003695487976,0.9780377745628357,0.0219622403383255,0.04392431676387787
SiPt32_01.txt_win20,SiPt32,SiPt32_01.txt,Si,1,0,0,27.333906173706055,0.0004179305396974087,28.333906173706055,1.000417947769165,0.9658960103988647,0.03410400450229645,0.06817951798439026
SiPt32_01.txt_win21,SiPt32,SiPt32_01.txt,Si,1,0,0,32.08916091918945,0.00010683243453968316,33.08916091918945,1.0001068115234375,0.9706621170043945,0.02933787927031517,0.05866949260234833
SiPt32_01.txt_win22,SiPt32,SiPt32_01.txt,Si,1,0,0,28.85262680053711,0.0002607637725304812,29.85262680053711,1.0002607107162476,0.9675796627998352,0.0324203260242939,0.06482375413179398
SiPt32_01.txt_win23,SiPt32,SiPt32_01.txt,Si,1,1,1,0.024617547169327736,14.570854187011719,1.0246175527572632,15.570854187011719,0.06174078956246376,0.9382591843605042,0.12051479518413544
SiPt32_01.txt_win24,SiPt32,SiPt32_01.txt,Si,1,0,0,14.849246978759766,0.029473086819052696,15.849246978759766,1.029473066329956,0.9390076994895935,0.060992367565631866,0.11849240213632584
SiPt32_01.txt_win25,SiPt32,SiPt32_01.txt,Si,1,0,0,39.37947463989258,1.214189160236856e-05,40.37947463989258,1.0000121593475342,0.9758331775665283,0.024166857823729515,0.04833312705159187
SiPt32_01.txt_win26,SiPt32,SiPt32_01.txt,Si,1,0,0,21.740934371948242,0.002141970209777355,22.740934371948242,1.0021419525146484,0.9577922224998474,0.0422077551484108,0.08423507958650589
SiPt32_01.txt_win27,SiPt32,SiPt32_01.txt,Si,1,0,0,8.894766807556152,1.0461323261260986,9.894766807556152,2.0461323261260986,0.8286450505256653,0.1713549643754959,0.1674915850162506
SiPt32_01.txt_win28,SiPt32,SiPt32_01.txt,Si,1,0,0,33.29140090942383,0.00016773668176028877,34.29140090942383,1.000167727470398,0.9716598391532898,0.028340132907032967,0.05667075887322426
SiPt32_01.txt_win29,SiPt32,SiPt32_01.txt,Si,1,0,0,46.41827392578125,1.5587791040161392e-06,47.41827392578125,1.0000015497207642,0.9793466329574585,0.020653391256928444,0.041306719183921814
SiPt32_01.txt_win30,SiPt32,SiPt32_01.txt,Si,1,0,0,35.33990478515625,5.104501178720966e-05,36.33990478515625,1.0000510215759277,0.9732177257537842,0.026782331988215446,0.05356192961335182
SiPt32_01.txt_win31,SiPt32,SiPt32_01.txt,Si,1,0,0,24.81464958190918,0.0018721693195402622,25.81464958190918,1.001872181892395,0.9626396894454956,0.037360258400440216,0.07458088546991348
SiPt32_01.txt_win0,SiPt32,SiPt32_01.txt,Si,1,0,0,35.085426330566406,4.615111538441852e-05,36.085426330566406,1.0000461339950562,0.9730340242385864,0.026965981349349022,0.05392947420477867
SiPt32_01.txt_win1,SiPt32,SiPt32_01.txt,Si,1,0,0,46.6616096496582,1.5262714896380203e-06,47.6616096496582,1.0000015497207642,0.9794499278068542,0.020550113171339035,0.041100163012742996
SiPt32_01.txt_win2,SiPt32,SiPt32_01.txt,Si,1,0,0,50.69697952270508,4.639399833195057e-07,51.69697952270508,1.0000004768371582,0.9810236096382141,0.018976429477334023,0.03795284032821655
SiPt32_01.txt_win3,SiPt32,SiPt32_01.txt,Si,1,0,0,46.708526611328125,1.5020930277387379e-06,47.708526611328125,1.0000015497207642,0.9794697165489197,0.020530318841338158,0.04106057435274124
SiPt32_01.txt_win4,SiPt32,SiPt32_01.txt,Si,1,0,0,17.650217056274414,0.09864433854818344,18.650217056274414,1.0986443758010864,0.9443692564964294,0.055630769580602646,0.10127165913581848
SiPt32_01.txt_win5,SiPt32,SiPt32_01.txt,Si,1,1,1,0.024552160874009132,14.032027244567871,1.0245521068572998,15.032027244567871,0.0638088658452034,0.9361911416053772,0.12455952912569046
SiPt32_01.txt_win6,SiPt32,SiPt32_01.txt,Si,1,0,0,14.155230522155762,0.030515732243657112,15.155230522155762,1.0305157899856567,0.9363318681716919,0.06366810202598572,0.12356550246477127
SiPt32_01.txt_win7,SiPt32,SiPt32_01.txt,Si,1,0,0,47.96564865112305,1.0133754813068663e-06,48.96564865112305,1.000001072883606,0.9799862504005432,0.020013771951198578,0.040027499198913574
SiPt32_01.txt_win8,SiPt32,SiPt32_01.txt,Si,1,0,0,53.71043395996094,1.8524086442539556e-07,54.71043395996094,1.000000238418579,0.9820500612258911,0.017949962988495827,0.035899918526411057
SiPt32_01.txt_win9,SiPt32,SiPt32_01.txt,Si,1,0,0,43.86112594604492,3.432866378716426e-06,44.86112594604492,1.000003457069397,0.9781949520111084,0.021805033087730408,0.04360991716384888
SiPt32_01.txt_win10,SiPt32,SiPt32_01.txt,Si,1,0,0,41.997249603271484,5.9228786994935945e-06,42.997249603271484,1.0000059604644775,0.9772711396217346,0.022728824988007545,0.0454573780298233
SiPt32_01.txt_win11,SiPt32,SiPt32_01.txt,Si,1,0,0,50.128028869628906,5.321239200384298e-07,51.128028869628906,1.0000004768371582,0.9808164834976196,0.01918354630470276,0.038367073982954025
SiPt32_01.txt_win12,SiPt32,SiPt32_01.txt,Si,1,0,0,46.60539627075195,1.4890737247696961e-06,47.60539627075195,1.0000014305114746,0.9794261455535889,0.020573876798152924,0.04114769399166107
SiPt32_01.txt_win13,SiPt32,SiPt32_01.txt,Si,1,0,0,50.23871612548828,5.121526100992924e-07,51.23871612548828,1.0000004768371582,0.9808571338653564,0.01914289966225624,0.03828578069806099
