subject_id,recording_id,study,true_label,pd_probability,hc_probability,predicted_label,predicted_name
GaCo02,GaCo02_01.txt,Ga,0,0.0003275842755101621,0.9996724128723145,0,Healthy Control (HC)
GaCo02,GaCo02_01.txt,Ga,0,8.415108459303156e-05,0.9999158382415771,0,Healthy Control (HC)
GaCo02,GaCo02_01.txt,Ga,0,1.7366719475830905e-05,0.9999826550483704,0,Healthy Control (HC)
GaCo02,GaCo02_01.txt,Ga,0,3.071818719035946e-05,0.9999693036079407,0,Healthy Control (HC)
GaCo02,GaCo02_01.txt,Ga,0,2.6480842279852368e-05,0.9999735355377197,0,Healthy Control (HC)
GaCo02,GaCo02_01.txt,Ga,0,1.1125608580186963e-05,0.999988853931427,0,Healthy Control (HC)
GaCo02,GaCo02_01.txt,Ga,0,3.3474691008450463e-05,0.9999665021896362,0,Healthy Control (HC)
GaCo02,GaCo02_01.txt,Ga,0,1.5326106222346425e-05,0.9999846816062927,0,Healthy Control (HC)
GaCo02,GaCo02_01.txt,Ga,0,0.014503579586744308,0.9854964017868042,0,Healthy Control (HC)
GaCo02,GaCo02_01.txt,Ga,0,0.00042887922609224916,0.9995711445808411,0,Healthy Control (HC)
GaCo02,GaCo02_01.txt,Ga,0,5.391084778239019e-05,0.999946117401123,0,Healthy Control (HC)
GaCo02,GaCo02_01.txt,Ga,0,1.967902426258661e-05,0.9999803304672241,0,Healthy Control (HC)
GaCo02,GaCo02_01.txt,Ga,0,3.373722574906424e-05,0.9999662637710571,0,Healthy Control (HC)
GaCo02,GaCo02_01.txt,Ga,0,1.508850164100295e-05,0.9999849200248718,0,Healthy Control (HC)
GaCo02,GaCo02_01.txt,Ga,0,9.151693120657e-06,0.9999908208847046,0,Healthy Control (HC)
GaCo02,GaCo02_01.txt,Ga,0,1.5206839634629432e-05,0.9999848008155823,0,Healthy Control (HC)
GaCo02,GaCo02_01.txt,Ga,0,1.0616134204610717e-05,0.99998939037323,0,Healthy Control (HC)
GaCo02,GaCo02_01.txt,Ga,0,9.00981012819102e-06,0.9999909996986389,0,Healthy Control (HC)
GaCo02,GaCo02_01.txt,Ga,0,0.0010649627074599266,0.9989350438117981,0,Healthy Control (HC)
GaCo02,GaCo02_01.txt,Ga,0,0.0004859560285694897,0.9995140433311462,0,Healthy Control (HC)
GaCo02,GaCo02_01.txt,Ga,0,3.4197578315797728e-06,0.9999966025352478,0,Healthy Control (HC)
GaCo02,GaCo02_01.txt,Ga,0,3.3931446523638442e-06,0.9999966025352478,0,Healthy Control (HC)
GaCo02,GaCo02_01.txt,Ga,0,3.8449352359748445e-06,0.9999961256980896,0,Healthy Control (HC)
GaCo02,GaCo02_01.txt,Ga,0,4.495181656238856e-06,0.9999955296516418,0,Healthy Control (HC)
GaCo02,GaCo02_01.txt,Ga,0,2.5813706088229083e-06,0.9999974370002747,0,Healthy Control (HC)
GaCo02,GaCo02_01.txt,Ga,0,3.7853246794838924e-06,0.9999961853027344,0,Healthy Control (HC)
GaCo02,GaCo02_01.txt,Ga,0,3.6403121157491114e-06,0.9999963641166687,0,Healthy Control (HC)
GaCo02,GaCo02_01.txt,Ga,0,1.3525266695069149e-05,0.999986469745636,0,Healthy Control (HC)
GaCo02,GaCo02_01.txt,Ga,0,0.0006166297243908048,0.9993833899497986,0,Healthy Control (HC)
GaCo02,GaCo02_01.txt,Ga,0,0.00027586790383793414,0.9997241497039795,0,Healthy Control (HC)
GaCo02,GaCo02_01.txt,Ga,0,3.7558677377091954e-06,0.9999962449073792,0,Healthy Control (HC)
GaCo02,GaCo02_01.txt,Ga,0,3.7266393064783188e-06,0.9999962449073792,0,Healthy Control (HC)
GaCo02,GaCo02_01.txt,Ga,0,3.5008542909054086e-06,0.9999964833259583,0,Healthy Control (HC)
GaCo02,GaCo02_01.txt,Ga,0,8.463937774649821e-06,0.9999915361404419,0,Healthy Control (HC)
GaCo02,GaCo02_01.txt,Ga,0,8.398072168347426e-06,0.9999915957450867,0,Healthy Control (HC)
GaCo02,GaCo02_01.txt,Ga,0,4.822624305234058e-06,0.9999951720237732,0,Healthy Control (HC)
GaCo02,GaCo02_01.txt,Ga,0,3.6119831747782882e-06,0.9999963641166687,0,Healthy Control (HC)
GaCo02,GaCo02_01.txt,Ga,0,2.908344322349876e-05,0.9999709129333496,0,Healthy Control (HC)
GaCo02,GaCo02_01.txt,Ga,0,0.004086002707481384,0.9959139823913574,0,Healthy Control (HC)
GaCo02,GaCo02_01.txt,Ga,0,0.0018969200318679214,0.9981030821800232,0,Healthy Control (HC)
GaCo02,GaCo02_01.txt,Ga,0,3.7558677377091954e-06,0.9999962449073792,0,Healthy Control (HC)
GaCo02,GaCo02_01.txt,Ga,0,1.8020886045633233e-06,0.9999982118606567,0,Healthy Control (HC)
GaCo02,GaCo02_01.txt,Ga,0,3.0179264740581857e-06,0.9999969601631165,0,Healthy Control (HC)
GaCo02,GaCo02_01.txt,Ga,0,3.0415963010455016e-06,0.9999969601631165,0,Healthy Control (HC)
GaCo02,GaCo02_01.txt,Ga,0,5.817189048684668e-06,0.999994158744812,0,Healthy Control (HC)
GaCo02,GaCo02_01.txt,Ga,0,2.463161081323051e-06,0.9999975562095642,0,Healthy Control (HC)
GaCo02,GaCo02_01.txt,Ga,0,5.550802143261535e-06,0.9999944567680359,0,Healthy Control (HC)
GaCo02,GaCo02_01.txt,Ga,0,3.0894946121406974e-06,0.9999969005584717,0,Healthy Control (HC)
GaCo02,GaCo02_02.txt,Ga,0,1.1212865501875058e-05,0.9999887943267822,0,Healthy Control (HC)
GaCo02,GaCo02_02.txt,Ga,0,4.936989171255846e-06,0.9999950528144836,0,Healthy Control (HC)
GaCo02,GaCo02_02.txt,Ga,0,3.1137255973590072e-06,0.9999969005584717,0,Healthy Control (HC)
GaCo02,GaCo02_02.txt,Ga,0,4.86044837089139e-06,0.9999951124191284,0,Healthy Control (HC)
GaCo02,GaCo02_02.txt,Ga,0,1.9638043795566773e-06,0.9999980330467224,0,Healthy Control (HC)
GaCo02,GaCo02_02.txt,Ga,0,1.9183130461897235e-06,0.9999980926513672,0,Healthy Control (HC)
GaCo02,GaCo02_02.txt,Ga,0,1.6797314401628682e-06,0.9999983310699463,0,Healthy Control (HC)
GaCo02,GaCo02_02.txt,Ga,0,9.741920621308964e-06,0.9999902844429016,0,Healthy Control (HC)
GaCo02,GaCo02_02.txt,Ga,0,4.15736440118053e-06,0.9999958276748657,0,Healthy Control (HC)
GaCo02,GaCo02_02.txt,Ga,0,2.4824801130307605e-06,0.9999974966049194,0,Healthy Control (HC)
GaCo02,GaCo02_02.txt,Ga,0,3.815013769781217e-06,0.9999961853027344,0,Healthy Control (HC)
GaCo02,GaCo02_02.txt,Ga,0,2.9711382012465037e-06,0.9999970197677612,0,Healthy Control (HC)
GaCo02,GaCo02_02.txt,Ga,0,1.9183130461897235e-06,0.9999980926513672,0,Healthy Control (HC)
GaCo02,GaCo02_02.txt,Ga,0,2.140032165698358e-06,0.9999978542327881,0,Healthy Control (HC)
GaCo02,GaCo02_02.txt,Ga,0,3.1627594125893665e-06,0.9999968409538269,0,Healthy Control (HC)
GaCo02,GaCo02_02.txt,Ga,0,1.9485219127091113e-06,0.9999980330467224,0,Healthy Control (HC)
GaCo02,GaCo02_02.txt,Ga,0,0.00010804955672938377,0.9998919367790222,0,Healthy Control (HC)
GaCo02,GaCo02_02.txt,Ga,0,4.101373633602634e-05,0.9999589920043945,0,Healthy Control (HC)
GaCo02,GaCo02_02.txt,Ga,0,1.746643988553842e-06,0.9999982714653015,0,Healthy Control (HC)
GaCo02,GaCo02_02.txt,Ga,0,1.760343138812459e-06,0.9999982118606567,0,Healthy Control (HC)
GaCo02,GaCo02_02.txt,Ga,0,2.2603242086915998e-06,0.9999977350234985,0,Healthy Control (HC)
GaCo02,GaCo02_02.txt,Ga,0,1.628051677471376e-06,0.9999983906745911,0,Healthy Control (HC)
GaCo02,GaCo02_02.txt,Ga,0,3.966985786973964e-06,0.9999960064888,0,Healthy Control (HC)
GaCo02,GaCo02_02.txt,Ga,0,1.9638043795566773e-06,0.9999980330467224,0,Healthy Control (HC)
GaCo02,GaCo02_02.txt,Ga,0,1.034853198689234e-06,0.9999989867210388,0,Healthy Control (HC)
GaCo02,GaCo02_02.txt,Ga,0,0.0006905414629727602,0.9993094801902771,0,Healthy Control (HC)
GaCo02,GaCo02_02.txt,Ga,0,0.0009473089594393969,0.9990527033805847,0,Healthy Control (HC)
GaCo02,GaCo02_02.txt,Ga,0,3.0179264740581857e-06,0.9999969601631165,0,Healthy Control (HC)
GaCo02,GaCo02_02.txt,Ga,0,1.8448236005497165e-06,0.999998152256012,0,Healthy Control (HC)
GaCo02,GaCo02_02.txt,Ga,0,2.2079641439631814e-06,0.9999977946281433,0,Healthy Control (HC)
GaCo02,GaCo02_02.txt,Ga,0,1.5294129980247817e-06,0.9999984502792358,0,Healthy Control (HC)
GaCo02,GaCo02_02.txt,Ga,0,1.8885723420680733e-06,0.9999980926513672,0,Healthy Control (HC)
GaCo02,GaCo02_02.txt,Ga,0,5.133655122335767e-06,0.9999948740005493,0,Healthy Control (HC)
GaCo02,GaCo02_02.txt,Ga,0,3.212565388821531e-06,0.9999967813491821,0,Healthy Control (HC)
GaCo02,GaCo02_02.txt,Ga,0,0.00020184421737212688,0.9997981786727905,0,Healthy Control (HC)
GaCo02,GaCo02_02.txt,Ga,0,2.161314114346169e-05,0.9999783635139465,0,Healthy Control (HC)
GaCo02,GaCo02_02.txt,Ga,0,1.4034685591468588e-06,0.9999985694885254,0,Healthy Control (HC)
GaCo02,GaCo02_02.txt,Ga,0,2.010374601013609e-06,0.9999979734420776,0,Healthy Control (HC)
GaCo02,GaCo02_02.txt,Ga,0,3.2887492125155404e-06,0.9999967217445374,0,Healthy Control (HC)
GaCo02,GaCo02_02.txt,Ga,0,3.4465788303350564e-06,0.999996542930603,0,Healthy Control (HC)
GaCo02,GaCo02_02.txt,Ga,0,2.726470256675384e-06,0.9999972581863403,0,Healthy Control (HC)
GaCo02,GaCo02_02.txt,Ga,0,9.204175626109645e-07,0.9999991059303284,0,Healthy Control (HC)
GaCo02,GaCo02_02.txt,Ga,0,8.398072168347426e-06,0.9999915957450867,0,Healthy Control (HC)
GaCo02,GaCo02_02.txt,Ga,0,9.83811987680383e-05,0.9999015927314758,0,Healthy Control (HC)
GaCo02,GaCo02_02.txt,Ga,0,9.08047422853997e-06,0.9999909400939941,0,Healthy Control (HC)
GaCo02,GaCo02_02.txt,Ga,0,1.4708222124681924e-06,0.9999985098838806,0,Healthy Control (HC)
GaCo02,GaCo02_02.txt,Ga,0,1.9947297005273867e-06,0.9999980330467224,0,Healthy Control (HC)
GaCo02,GaCo02_02.txt,Ga,0,3.138146894343663e-06,0.9999968409538269,0,Healthy Control (HC)
GaCo03,GaCo03_01.txt,Ga,0,0.00628990214318037,0.9937101006507874,0,Healthy Control (HC)
GaCo03,GaCo03_01.txt,Ga,0,0.01901443488895893,0.9809855818748474,0,Healthy Control (HC)
GaCo03,GaCo03_01.txt,Ga,0,0.9844563603401184,0.015543639659881592,1,Parkinson's Disease (PD)
GaCo03,GaCo03_01.txt,Ga,0,0.9987695813179016,0.0012304186820983887,1,Parkinson's Disease (PD)
GaCo03,GaCo03_01.txt,Ga,0,0.9975466132164001,0.0024533867835998535,1,Parkinson's Disease (PD)
GaCo03,GaCo03_01.txt,Ga,0,0.995866060256958,0.004133939743041992,1,Parkinson's Disease (PD)
GaCo03,GaCo03_01.txt,Ga,0,0.9949788451194763,0.005021154880523682,1,Parkinson's Disease (PD)
GaCo03,GaCo03_01.txt,Ga,0,0.9903290271759033,0.00967097282409668,1,Parkinson's Disease (PD)
GaCo03,GaCo03_01.txt,Ga,0,0.9960237741470337,0.003976225852966309,1,Parkinson's Disease (PD)
GaCo03,GaCo03_01.txt,Ga,0,0.9660279750823975,0.03397202491760254,1,Parkinson's Disease (PD)
GaCo03,GaCo03_01.txt,Ga,0,0.023870835080742836,0.9761291742324829,0,Healthy Control (HC)
GaCo03,GaCo03_01.txt,Ga,0,0.798501193523407,0.20149880647659302,1,Parkinson's Disease (PD)
GaCo03,GaCo03_01.txt,Ga,0,0.06030764430761337,0.9396923780441284,0,Healthy Control (HC)
GaCo03,GaCo03_01.txt,Ga,0,0.7274917364120483,0.27250826358795166,1,Parkinson's Disease (PD)
GaCo03,GaCo03_01.txt,Ga,0,0.4054487347602844,0.5945512652397156,0,Healthy Control (HC)
GaCo03,GaCo03_01.txt,Ga,0,0.02203226462006569,0.9779677391052246,0,Healthy Control (HC)
GaCo03,GaCo03_01.txt,Ga,0,0.3319854736328125,0.6680145263671875,0,Healthy Control (HC)
GaCo03,GaCo03_01.txt,Ga,0,0.9803186058998108,0.01968139410018921,1,Parkinson's Disease (PD)
GaCo03,GaCo03_01.txt,Ga,0,0.9855521321296692,0.01444786787033081,1,Parkinson's Disease (PD)
GaCo03,GaCo03_01.txt,Ga,0,0.9973580241203308,0.0026419758796691895,1,Parkinson's Disease (PD)
GaCo03,GaCo03_01.txt,Ga,0,0.9789553880691528,0.021044611930847168,1,Parkinson's Disease (PD)
GaCo03,GaCo03_01.txt,Ga,0,0.5376179814338684,0.4623820185661316,1,Parkinson's Disease (PD)
GaCo03,GaCo03_01.txt,Ga,0,0.48556920886039734,0.5144307613372803,0,Healthy Control (HC)
GaCo03,GaCo03_01.txt,Ga,0,0.20963142812252045,0.7903685569763184,0,Healthy Control (HC)
GaCo03,GaCo03_01.txt,Ga,0,0.3670433759689331,0.6329566240310669,0,Healthy Control (HC)
GaCo03,GaCo03_01.txt,Ga,0,0.9941347241401672,0.005865275859832764,1,Parkinson's Disease (PD)
GaCo03,GaCo03_01.txt,Ga,0,0.9968149065971375,0.003185093402862549,1,Parkinson's Disease (PD)
GaCo03,GaCo03_01.txt,Ga,0,0.9894702434539795,0.010529756546020508,1,Parkinson's Disease (PD)
GaCo03,GaCo03_01.txt,Ga,0,0.9634374976158142,0.03656250238418579,1,Parkinson's Disease (PD)
GaCo03,GaCo03_01.txt,Ga,0,0.998095691204071,0.001904308795928955,1,Parkinson's Disease (PD)
GaCo03,GaCo03_01.txt,Ga,0,0.9674102663993835,0.032589733600616455,1,Parkinson's Disease (PD)
GaCo03,GaCo03_01.txt,Ga,0,0.9936364889144897,0.006363511085510254,1,Parkinson's Disease (PD)
GaCo03,GaCo03_01.txt,Ga,0,0.9978258013725281,0.002174198627471924,1,Parkinson's Disease (PD)
GaCo03,GaCo03_01.txt,Ga,0,0.9784671068191528,0.021532893180847168,1,Parkinson's Disease (PD)
GaCo03,GaCo03_01.txt,Ga,0,0.9970765113830566,0.0029234886169433594,1,Parkinson's Disease (PD)
GaCo03,GaCo03_01.txt,Ga,0,0.9955315589904785,0.004468441009521484,1,Parkinson's Disease (PD)
GaCo03,GaCo03_01.txt,Ga,0,0.9469902515411377,0.053009748458862305,1,Parkinson's Disease (PD)
GaCo03,GaCo03_01.txt,Ga,0,0.942294716835022,0.05770528316497803,1,Parkinson's Disease (PD)
GaCo03,GaCo03_01.txt,Ga,0,0.5247448086738586,0.47525519132614136,1,Parkinson's Disease (PD)
GaCo03,GaCo03_01.txt,Ga,0,0.9983707070350647,0.0016292929649353027,1,Parkinson's Disease (PD)
GaCo03,GaCo03_01.txt,Ga,0,0.9937100410461426,0.006289958953857422,1,Parkinson's Disease (PD)
GaCo03,GaCo03_01.txt,Ga,0,0.9800912737846375,0.01990872621536255,1,Parkinson's Disease (PD)
GaCo03,GaCo03_01.txt,Ga,0,0.9960851669311523,0.003914833068847656,1,Parkinson's Disease (PD)
GaCo03,GaCo03_01.txt,Ga,0,0.9649212956428528,0.03507870435714722,1,Parkinson's Disease (PD)
GaCo03,GaCo03_01.txt,Ga,0,0.9543930292129517,0.04560697078704834,1,Parkinson's Disease (PD)
GaCo03,GaCo03_01.txt,Ga,0,0.9233161807060242,0.07668381929397583,1,Parkinson's Disease (PD)
GaCo03,GaCo03_01.txt,Ga,0,0.981979250907898,0.01802074909210205,1,Parkinson's Disease (PD)
GaCo03,GaCo03_01.txt,Ga,0,0.9638481140136719,0.036151885986328125,1,Parkinson's Disease (PD)
GaCo03,GaCo03_02.txt,Ga,0,0.004962942097336054,0.9950370788574219,0,Healthy Control (HC)
GaCo03,GaCo03_02.txt,Ga,0,0.004905405919998884,0.9950945973396301,0,Healthy Control (HC)
GaCo03,GaCo03_02.txt,Ga,0,0.009670992381870747,0.9903290271759033,0,Healthy Control (HC)
GaCo03,GaCo03_02.txt,Ga,0,0.003839395008981228,0.996160626411438,0,Healthy Control (HC)
GaCo03,GaCo03_02.txt,Ga,0,0.005139611195772886,0.9948604106903076,0,Healthy Control (HC)
GaCo03,GaCo03_02.txt,Ga,0,0.005448067560791969,0.994551956653595,0,Healthy Control (HC)
GaCo03,GaCo03_02.txt,Ga,0,0.015483989380300045,0.9845160245895386,0,Healthy Control (HC)
GaCo03,GaCo03_02.txt,Ga,0,0.024656856432557106,0.9753431677818298,0,Healthy Control (HC)
GaCo03,GaCo03_02.txt,Ga,0,0.0014664583140984178,0.9985335469245911,0,Healthy Control (HC)
GaCo03,GaCo03_02.txt,Ga,0,0.04795810207724571,0.9520419239997864,0,Healthy Control (HC)
GaCo03,GaCo03_02.txt,Ga,0,0.007317397277802229,0.9926825761795044,0,Healthy Control (HC)
GaCo03,GaCo03_02.txt,Ga,0,0.0844927504658699,0.9155072569847107,0,Healthy Control (HC)
GaCo03,GaCo03_02.txt,Ga,0,0.17245040833950043,0.8275495767593384,0,Healthy Control (HC)
GaCo03,GaCo03_02.txt,Ga,0,0.4836941361427307,0.5163058638572693,0,Healthy Control (HC)
GaCo03,GaCo03_02.txt,Ga,0,0.034423548728227615,0.9655764698982239,0,Healthy Control (HC)
GaCo03,GaCo03_02.txt,Ga,0,0.7137309908866882,0.28626900911331177,1,Parkinson's Disease (PD)
GaCo03,GaCo03_02.txt,Ga,0,0.7531036734580994,0.24689632654190063,1,Parkinson's Disease (PD)
GaCo03,GaCo03_02.txt,Ga,0,0.7299049496650696,0.2700950503349304,1,Parkinson's Disease (PD)
GaCo03,GaCo03_02.txt,Ga,0,0.6566582322120667,0.34334176778793335,1,Parkinson's Disease (PD)
GaCo03,GaCo03_02.txt,Ga,0,0.1108555868268013,0.8891444206237793,0,Healthy Control (HC)
GaCo03,GaCo03_02.txt,Ga,0,0.3850855827331543,0.6149144172668457,0,Healthy Control (HC)
GaCo03,GaCo03_02.txt,Ga,0,0.36251771450042725,0.6374822854995728,0,Healthy Control (HC)
GaCo03,GaCo03_02.txt,Ga,0,0.5960805416107178,0.4039194583892822,1,Parkinson's Disease (PD)
GaCo03,GaCo03_02.txt,Ga,0,0.14681969583034515,0.8531802892684937,0,Healthy Control (HC)
GaCo03,GaCo03_02.txt,Ga,0,0.8929365277290344,0.10706347227096558,1,Parkinson's Disease (PD)
GaCo03,GaCo03_02.txt,Ga,0,0.5733798742294312,0.42662012577056885,1,Parkinson's Disease (PD)
GaCo03,GaCo03_02.txt,Ga,0,0.6045740246772766,0.3954259753227234,1,Parkinson's Disease (PD)
GaCo03,GaCo03_02.txt,Ga,0,0.20609396696090698,0.793906033039093,0,Healthy Control (HC)
GaCo03,GaCo03_02.txt,Ga,0,0.12168574333190918,0.8783142566680908,0,Healthy Control (HC)
GaCo03,GaCo03_02.txt,Ga,0,0.04312337189912796,0.9568766355514526,0,Healthy Control (HC)
GaCo03,GaCo03_02.txt,Ga,0,0.2080180048942566,0.7919819951057434,0,Healthy Control (HC)
GaCo03,GaCo03_02.txt,Ga,0,0.10176784545183182,0.8982321619987488,0,Healthy Control (HC)
GaCo03,GaCo03_02.txt,Ga,0,0.5544101595878601,0.4455898404121399,1,Parkinson's Disease (PD)
GaCo03,GaCo03_02.txt,Ga,0,0.4380037784576416,0.5619962215423584,0,Healthy Control (HC)
GaCo03,GaCo03_02.txt,Ga,0,0.1557193398475647,0.8442806601524353,0,Healthy Control (HC)
GaCo03,GaCo03_02.txt,Ga,0,0.6225740909576416,0.3774259090423584,1,Parkinson's Disease (PD)
GaCo03,GaCo03_02.txt,Ga,0,0.010986941866576672,0.9890130758285522,0,Healthy Control (HC)
GaCo03,GaCo03_02.txt,Ga,0,0.04922211170196533,0.9507778882980347,0,Healthy Control (HC)
GaCo03,GaCo03_02.txt,Ga,0,0.23475733399391174,0.7652426958084106,0,Healthy Control (HC)
GaCo03,GaCo03_02.txt,Ga,0,0.791176438331604,0.208823561668396,1,Parkinson's Disease (PD)
GaCo03,GaCo03_02.txt,Ga,0,0.4675748646259308,0.5324251651763916,0,Healthy Control (HC)
GaCo03,GaCo03_02.txt,Ga,0,0.6876299977302551,0.3123700022697449,1,Parkinson's Disease (PD)
GaCo03,GaCo03_02.txt,Ga,0,0.18286287784576416,0.8171371221542358,0,Healthy Control (HC)
GaCo03,GaCo03_02.txt,Ga,0,0.1490352898836136,0.8509647250175476,0,Healthy Control (HC)
GaCo03,GaCo03_02.txt,Ga,0,0.20008835196495056,0.799911618232727,0,Healthy Control (HC)
GaCo03,GaCo03_02.txt,Ga,0,0.015247589908540249,0.9847524166107178,0,Healthy Control (HC)
GaCo03,GaCo03_02.txt,Ga,0,0.03594832494854927,0.9640516638755798,0,Healthy Control (HC)
GaCo03,GaCo03_02.txt,Ga,0,0.029873095452785492,0.9701269268989563,0,Healthy Control (HC)
GaCo15,GaCo15_01.txt,Ga,0,0.9955315589904785,0.004468441009521484,1,Parkinson's Disease (PD)
GaCo15,GaCo15_01.txt,Ga,0,0.9990072846412659,0.0009927153587341309,1,Parkinson's Disease (PD)
GaCo15,GaCo15_01.txt,Ga,0,0.9985162615776062,0.0014837384223937988,1,Parkinson's Disease (PD)
GaCo15,GaCo15_01.txt,Ga,0,0.9989637136459351,0.0010362863540649414,1,Parkinson's Disease (PD)
GaCo15,GaCo15_01.txt,Ga,0,0.9994162321090698,0.0005837678909301758,1,Parkinson's Disease (PD)
GaCo15,GaCo15_01.txt,Ga,0,0.9882676005363464,0.011732399463653564,1,Parkinson's Disease (PD)
GaCo15,GaCo15_01.txt,Ga,0,0.995372474193573,0.004627525806427002,1,Parkinson's Disease (PD)
GaCo15,GaCo15_01.txt,Ga,0,0.9977656602859497,0.002234339714050293,1,Parkinson's Disease (PD)
GaCo15,GaCo15_01.txt,Ga,0,0.9974689483642578,0.0025310516357421875,1,Parkinson's Disease (PD)
GaCo15,GaCo15_01.txt,Ga,0,0.9987744688987732,0.0012255311012268066,1,Parkinson's Disease (PD)
GaCo15,GaCo15_01.txt,Ga,0,0.999045193195343,0.0009548068046569824,1,Parkinson's Disease (PD)
GaCo15,GaCo15_01.txt,Ga,0,0.9984269142150879,0.0015730857849121094,1,Parkinson's Disease (PD)
GaCo15,GaCo15_01.txt,Ga,0,0.9984391331672668,0.0015608668327331543,1,Parkinson's Disease (PD)
GaCo15,GaCo15_01.txt,Ga,0,0.9992648959159851,0.0007351040840148926,1,Parkinson's Disease (PD)
GaCo15,GaCo15_01.txt,Ga,0,0.9994471669197083,0.000552833080291748,1,Parkinson's Disease (PD)
GaCo15,GaCo15_01.txt,Ga,0,0.9992237091064453,0.0007762908935546875,1,Parkinson's Disease (PD)
GaCo15,GaCo15_01.txt,Ga,0,0.999127209186554,0.0008727908134460449,1,Parkinson's Disease (PD)
GaCo15,GaCo15_01.txt,Ga,0,0.9990034699440002,0.0009965300559997559,1,Parkinson's Disease (PD)
GaCo15,GaCo15_01.txt,Ga,0,0.9993307590484619,0.0006692409515380859,1,Parkinson's Disease (PD)
GaCo15,GaCo15_01.txt,Ga,0,0.9992237091064453,0.0007762908935546875,1,Parkinson's Disease (PD)
GaCo15,GaCo15_01.txt,Ga,0,0.9979169964790344,0.002083003520965576,1,Parkinson's Disease (PD)
GaCo15,GaCo15_01.txt,Ga,0,0.9983769655227661,0.0016230344772338867,1,Parkinson's Disease (PD)
GaCo15,GaCo15_01.txt,Ga,0,0.9984512329101562,0.00154876708984375,1,Parkinson's Disease (PD)
GaCo15,GaCo15_01.txt,Ga,0,0.9989637136459351,0.0010362863540649414,1,Parkinson's Disease (PD)
GaCo15,GaCo15_01.txt,Ga,0,0.9993952512741089,0.0006047487258911133,1,Parkinson's Disease (PD)
GaCo15,GaCo15_01.txt,Ga,0,0.9958174824714661,0.0041825175285339355,1,Parkinson's Disease (PD)
GaCo15,GaCo15_01.txt,Ga,0,0.9897513389587402,0.010248661041259766,1,Parkinson's Disease (PD)
GaCo15,GaCo15_01.txt,Ga,0,0.9971327781677246,0.0028672218322753906,1,Parkinson's Disease (PD)
GaCo15,GaCo15_01.txt,Ga,0,0.9964480400085449,0.003551959991455078,1,Parkinson's Disease (PD)
GaCo15,GaCo15_01.txt,Ga,0,0.9970765113830566,0.0029234886169433594,1,Parkinson's Disease (PD)
GaCo15,GaCo15_01.txt,Ga,0,0.9958174824714661,0.0041825175285339355,1,Parkinson's Disease (PD)
GaCo15,GaCo15_01.txt,Ga,0,0.9985674619674683,0.0014325380325317383,1,Parkinson's Disease (PD)
GaCo15,GaCo15_01.txt,Ga,0,0.9991100430488586,0.0008899569511413574,1,Parkinson's Disease (PD)
GaCo15,GaCo15_01.txt,Ga,0,0.9965569972991943,0.003443002700805664,1,Parkinson's Disease (PD)
GaCo15,GaCo15_01.txt,Ga,0,0.9989182949066162,0.001081705093383789,1,Parkinson's Disease (PD)
GaCo15,GaCo15_01.txt,Ga,0,0.9958499670028687,0.004150032997131348,1,Parkinson's Disease (PD)
GaCo15,GaCo15_01.txt,Ga,0,0.9986383318901062,0.0013616681098937988,1,Parkinson's Disease (PD)
GaCo15,GaCo15_01.txt,Ga,0,0.9997153878211975,0.00028461217880249023,1,Parkinson's Disease (PD)
GaCo15,GaCo15_01.txt,Ga,0,0.9993687272071838,0.0006312727928161621,1,Parkinson's Disease (PD)
GaCo15,GaCo15_01.txt,Ga,0,0.9966365098953247,0.003363490104675293,1,Parkinson's Disease (PD)
GaCo15,GaCo15_01.txt,Ga,0,0.9975177049636841,0.002482295036315918,1,Parkinson's Disease (PD)
GaCo15,GaCo15_01.txt,Ga,0,0.9962782263755798,0.003721773624420166,1,Parkinson's Disease (PD)
GaCo15,GaCo15_01.txt,Ga,0,0.9976859092712402,0.0023140907287597656,1,Parkinson's Disease (PD)
GaCo15,GaCo15_01.txt,Ga,0,0.9983707070350647,0.0016292929649353027,1,Parkinson's Disease (PD)
GaCo15,GaCo15_01.txt,Ga,0,0.9953363537788391,0.004663646221160889,1,Parkinson's Disease (PD)
GaCo15,GaCo15_01.txt,Ga,0,0.9987305998802185,0.0012694001197814941,1,Parkinson's Disease (PD)
GaCo15,GaCo15_01.txt,Ga,0,0.9984752535820007,0.0015247464179992676,1,Parkinson's Disease (PD)
GaCo15,GaCo15_01.txt,Ga,0,0.9978594183921814,0.0021405816078186035,1,Parkinson's Disease (PD)
GaCo15,GaCo15_02.txt,Ga,0,0.996936559677124,0.0030634403228759766,1,Parkinson's Disease (PD)
GaCo15,GaCo15_02.txt,Ga,0,0.9989350438117981,0.0010649561882019043,1,Parkinson's Disease (PD)
GaCo15,GaCo15_02.txt,Ga,0,0.9985561966896057,0.0014438033103942871,1,Parkinson's Disease (PD)
GaCo15,GaCo15_02.txt,Ga,0,0.999208390712738,0.0007916092872619629,1,Parkinson's Disease (PD)
GaCo15,GaCo15_02.txt,Ga,0,0.9919691681861877,0.008030831813812256,1,Parkinson's Disease (PD)
GaCo15,GaCo15_02.txt,Ga,0,0.9881309270858765,0.011869072914123535,1,Parkinson's Disease (PD)
GaCo15,GaCo15_02.txt,Ga,0,0.9989433884620667,0.0010566115379333496,1,Parkinson's Disease (PD)
GaCo15,GaCo15_02.txt,Ga,0,0.998835027217865,0.0011649727821350098,1,Parkinson's Disease (PD)
GaCo15,GaCo15_02.txt,Ga,0,0.9982993006706238,0.0017006993293762207,1,Parkinson's Disease (PD)
GaCo15,GaCo15_02.txt,Ga,0,0.9966365098953247,0.003363490104675293,1,Parkinson's Disease (PD)
GaCo15,GaCo15_02.txt,Ga,0,0.9956346154212952,0.004365384578704834,1,Parkinson's Disease (PD)
GaCo15,GaCo15_02.txt,Ga,0,0.9989392161369324,0.001060783863067627,1,Parkinson's Disease (PD)
GaCo15,GaCo15_02.txt,Ga,0,0.999373733997345,0.0006262660026550293,1,Parkinson's Disease (PD)
GaCo15,GaCo15_02.txt,Ga,0,0.9996359348297119,0.00036406517028808594,1,Parkinson's Disease (PD)
GaCo15,GaCo15_02.txt,Ga,0,0.9988969564437866,0.001103043556213379,1,Parkinson's Disease (PD)
GaCo15,GaCo15_02.txt,Ga,0,0.9913222789764404,0.00867772102355957,1,Parkinson's Disease (PD)
GaCo15,GaCo15_02.txt,Ga,0,0.9956005811691284,0.004399418830871582,1,Parkinson's Disease (PD)
GaCo15,GaCo15_02.txt,Ga,0,0.9981968998908997,0.0018031001091003418,1,Parkinson's Disease (PD)
GaCo15,GaCo15_02.txt,Ga,0,0.9981104135513306,0.0018895864486694336,1,Parkinson's Disease (PD)
GaCo15,GaCo15_02.txt,Ga,0,0.999099612236023,0.0009003877639770508,1,Parkinson's Disease (PD)
GaCo15,GaCo15_02.txt,Ga,0,0.9980276226997375,0.001972377300262451,1,Parkinson's Disease (PD)
GaCo15,GaCo15_02.txt,Ga,0,0.9978594183921814,0.0021405816078186035,1,Parkinson's Disease (PD)
GaCo15,GaCo15_02.txt,Ga,0,0.9991540908813477,0.0008459091186523438,1,Parkinson's Disease (PD)
GaCo15,GaCo15_02.txt,Ga,0,0.9992591738700867,0.0007408261299133301,1,Parkinson's Disease (PD)
GaCo15,GaCo15_02.txt,Ga,0,0.9996185302734375,0.0003814697265625,1,Parkinson's Disease (PD)
GaCo15,GaCo15_02.txt,Ga,0,0.9979652166366577,0.002034783363342285,1,Parkinson's Disease (PD)
GaCo15,GaCo15_02.txt,Ga,0,0.990767776966095,0.00923222303390503,1,Parkinson's Disease (PD)
GaCo15,GaCo15_02.txt,Ga,0,0.9978087544441223,0.0021912455558776855,1,Parkinson's Disease (PD)
GaCo15,GaCo15_02.txt,Ga,0,0.9986006617546082,0.0013993382453918457,1,Parkinson's Disease (PD)
GaCo15,GaCo15_02.txt,Ga,0,0.9992848038673401,0.0007151961326599121,1,Parkinson's Disease (PD)
GaCo15,GaCo15_02.txt,Ga,0,0.9994866847991943,0.0005133152008056641,1,Parkinson's Disease (PD)
GaCo15,GaCo15_02.txt,Ga,0,0.9976494908332825,0.0023505091667175293,1,Parkinson's Disease (PD)
GaCo15,GaCo15_02.txt,Ga,0,0.9948000907897949,0.005199909210205078,1,Parkinson's Disease (PD)
GaCo15,GaCo15_02.txt,Ga,0,0.9988969564437866,0.001103043556213379,1,Parkinson's Disease (PD)
GaCo15,GaCo15_02.txt,Ga,0,0.9990854263305664,0.0009145736694335938,1,Parkinson's Disease (PD)
GaCo15,GaCo15_02.txt,Ga,0,0.9993904829025269,0.0006095170974731445,1,Parkinson's Disease (PD)
GaCo15,GaCo15_02.txt,Ga,0,0.9994986057281494,0.0005013942718505859,1,Parkinson's Disease (PD)
GaCo15,GaCo15_02.txt,Ga,0,0.9986329674720764,0.001367032527923584,1,Parkinson's Disease (PD)
GaCo15,GaCo15_02.txt,Ga,0,0.997231662273407,0.0027683377265930176,1,Parkinson's Disease (PD)
GaCo15,GaCo15_02.txt,Ga,0,0.9982926249504089,0.0017073750495910645,1,Parkinson's Disease (PD)
GaCo15,GaCo15_02.txt,Ga,0,0.9988752007484436,0.0011247992515563965,1,Parkinson's Disease (PD)
GaCo15,GaCo15_02.txt,Ga,0,0.9993833303451538,0.0006166696548461914,1,Parkinson's Disease (PD)
GaCo15,GaCo15_02.txt,Ga,0,0.9993013143539429,0.0006986856460571289,1,Parkinson's Disease (PD)
GaCo15,GaCo15_02.txt,Ga,0,0.9988027811050415,0.001197218894958496,1,Parkinson's Disease (PD)
GaCo15,GaCo15_02.txt,Ga,0,0.9992930889129639,0.0007069110870361328,1,Parkinson's Disease (PD)
GaCo15,GaCo15_02.txt,Ga,0,0.9994683861732483,0.000531613826751709,1,Parkinson's Disease (PD)
GaCo15,GaCo15_02.txt,Ga,0,0.9986489415168762,0.0013510584831237793,1,Parkinson's Disease (PD)
GaCo15,GaCo15_02.txt,Ga,0,0.9996724128723145,0.0003275871276855469,1,Parkinson's Disease (PD)
GaCo15,GaCo15_10.txt,Ga,0,0.9978342652320862,0.0021657347679138184,1,Parkinson's Disease (PD)
GaCo15,GaCo15_10.txt,Ga,0,0.9727790951728821,0.02722090482711792,1,Parkinson's Disease (PD)
GaCo15,GaCo15_10.txt,Ga,0,0.973993182182312,0.02600681781768799,1,Parkinson's Disease (PD)
GaCo15,GaCo15_10.txt,Ga,0,0.998364269733429,0.001635730266571045,1,Parkinson's Disease (PD)
GaCo15,GaCo15_10.txt,Ga,0,0.999651312828064,0.00034868717193603516,1,Parkinson's Disease (PD)
GaCo15,GaCo15_10.txt,Ga,0,0.9994493126869202,0.000550687313079834,1,Parkinson's Disease (PD)
GaCo15,GaCo15_10.txt,Ga,0,0.9981897473335266,0.0018102526664733887,1,Parkinson's Disease (PD)
GaCo15,GaCo15_10.txt,Ga,0,0.9894295334815979,0.0105704665184021,1,Parkinson's Disease (PD)
GaCo15,GaCo15_10.txt,Ga,0,0.9957848191261292,0.00421518087387085,1,Parkinson's Disease (PD)
GaCo15,GaCo15_10.txt,Ga,0,0.9982385635375977,0.0017614364624023438,1,Parkinson's Disease (PD)
GaCo15,GaCo15_10.txt,Ga,0,0.9983707070350647,0.0016292929649353027,1,Parkinson's Disease (PD)
GaCo15,GaCo15_10.txt,Ga,0,0.9985561966896057,0.0014438033103942871,1,Parkinson's Disease (PD)
GaCo15,GaCo15_10.txt,Ga,0,0.9816655516624451,0.01833444833755493,1,Parkinson's Disease (PD)
GaCo15,GaCo15_10.txt,Ga,0,0.9956516623497009,0.004348337650299072,1,Parkinson's Disease (PD)
GaCo15,GaCo15_10.txt,Ga,0,0.9843964576721191,0.01560354232788086,1,Parkinson's Disease (PD)
GaCo15,GaCo15_10.txt,Ga,0,0.9976586103439331,0.0023413896560668945,1,Parkinson's Disease (PD)
GaCo15,GaCo15_10.txt,Ga,0,0.9992357492446899,0.0007642507553100586,1,Parkinson's Disease (PD)
GaCo15,GaCo15_10.txt,Ga,0,0.995226263999939,0.004773736000061035,1,Parkinson's Disease (PD)
GaCo15,GaCo15_10.txt,Ga,0,0.9882676005363464,0.011732399463653564,1,Parkinson's Disease (PD)
GaCo15,GaCo15_10.txt,Ga,0,0.9881765246391296,0.011823475360870361,1,Parkinson's Disease (PD)
GaCo15,GaCo15_10.txt,Ga,0,0.9991030693054199,0.0008969306945800781,1,Parkinson's Disease (PD)
GaCo15,GaCo15_10.txt,Ga,0,0.9993094205856323,0.0006905794143676758,1,Parkinson's Disease (PD)
GaCo15,GaCo15_10.txt,Ga,0,0.9979411959648132,0.0020588040351867676,1,Parkinson's Disease (PD)
GaCo15,GaCo15_10.txt,Ga,0,0.9975656270980835,0.002434372901916504,1,Parkinson's Disease (PD)
GaCo15,GaCo15_10.txt,Ga,0,0.9961903095245361,0.003809690475463867,1,Parkinson's Disease (PD)
GaCo15,GaCo15_10.txt,Ga,0,0.9982859492301941,0.0017140507698059082,1,Parkinson's Disease (PD)
GaCo15,GaCo15_10.txt,Ga,0,0.9968641400337219,0.003135859966278076,1,Parkinson's Disease (PD)
GaCo15,GaCo15_10.txt,Ga,0,0.996570348739624,0.0034296512603759766,1,Parkinson's Disease (PD)
GaCo15,GaCo15_10.txt,Ga,0,0.9987648725509644,0.0012351274490356445,1,Parkinson's Disease (PD)
GaCo15,GaCo15_10.txt,Ga,0,0.9951702952384949,0.004829704761505127,1,Parkinson's Disease (PD)
GaCo15,GaCo15_10.txt,Ga,0,0.9977216124534607,0.0022783875465393066,1,Parkinson's Disease (PD)
GaCo15,GaCo15_10.txt,Ga,0,0.9986593723297119,0.001340627670288086,1,Parkinson's Disease (PD)
GaCo15,GaCo15_10.txt,Ga,0,0.9989141225814819,0.0010858774185180664,1,Parkinson's Disease (PD)
GaCo15,GaCo15_10.txt,Ga,0,0.9993384480476379,0.0006615519523620605,1,Parkinson's Disease (PD)
GaCo15,GaCo15_10.txt,Ga,0,0.975669801235199,0.024330198764801025,1,Parkinson's Disease (PD)
GaCo15,GaCo15_10.txt,Ga,0,0.9926256537437439,0.0073743462562561035,1,Parkinson's Disease (PD)
GaCo15,GaCo15_10.txt,Ga,0,0.9975466132164001,0.0024533867835998535,1,Parkinson's Disease (PD)
GaCo15,GaCo15_10.txt,Ga,0,0.996249258518219,0.003750741481781006,1,Parkinson's Disease (PD)
GaCo15,GaCo15_10.txt,Ga,0,0.9986114501953125,0.0013885498046875,1,Parkinson's Disease (PD)
GaCo15,GaCo15_10.txt,Ga,0,0.9985104203224182,0.0014895796775817871,1,Parkinson's Disease (PD)
GaCo15,GaCo15_10.txt,Ga,0,0.9988530874252319,0.0011469125747680664,1,Parkinson's Disease (PD)
GaCo15,GaCo15_10.txt,Ga,0,0.9976218342781067,0.0023781657218933105,1,Parkinson's Disease (PD)
GaCo15,GaCo15_10.txt,Ga,0,0.9986169338226318,0.001383066177368164,1,Parkinson's Disease (PD)
GaCo15,GaCo15_10.txt,Ga,0,0.9989916682243347,0.0010083317756652832,1,Parkinson's Disease (PD)
GaCo15,GaCo15_10.txt,Ga,0,0.998793363571167,0.0012066364288330078,1,Parkinson's Disease (PD)
GaCo15,GaCo15_10.txt,Ga,0,0.9968884587287903,0.003111541271209717,1,Parkinson's Disease (PD)
GaCo15,GaCo15_10.txt,Ga,0,0.9987257122993469,0.0012742877006530762,1,Parkinson's Disease (PD)
GaCo15,GaCo15_10.txt,Ga,0,0.9967142343521118,0.0032857656478881836,1,Parkinson's Disease (PD)
GaPt13,GaPt13_01.txt,Ga,1,0.9998205304145813,0.00017946958541870117,1,Parkinson's Disease (PD)
GaPt13,GaPt13_01.txt,Ga,1,0.9997851252555847,0.0002148747444152832,1,Parkinson's Disease (PD)
GaPt13,GaPt13_01.txt,Ga,1,0.9999110698699951,8.893013000488281e-05,1,Parkinson's Disease (PD)
GaPt13,GaPt13_01.txt,Ga,1,0.9999203681945801,7.963180541992188e-05,1,Parkinson's Disease (PD)
GaPt13,GaPt13_01.txt,Ga,1,0.9999302625656128,6.973743438720703e-05,1,Parkinson's Disease (PD)
GaPt13,GaPt13_01.txt,Ga,1,0.999966025352478,3.3974647521972656e-05,1,Parkinson's Disease (PD)
GaPt13,GaPt13_01.txt,Ga,1,0.9999512434005737,4.875659942626953e-05,1,Parkinson's Disease (PD)
GaPt13,GaPt13_01.txt,Ga,1,0.9999083280563354,9.167194366455078e-05,1,Parkinson's Disease (PD)
GaPt13,GaPt13_01.txt,Ga,1,0.99988853931427,0.00011146068572998047,1,Parkinson's Disease (PD)
GaPt13,GaPt13_01.txt,Ga,1,0.9998766183853149,0.0001233816146850586,1,Parkinson's Disease (PD)
GaPt13,GaPt13_01.txt,Ga,1,0.9999097585678101,9.02414321899414e-05,1,Parkinson's Disease (PD)
GaPt13,GaPt13_01.txt,Ga,1,0.9999464750289917,5.352497100830078e-05,1,Parkinson's Disease (PD)
GaPt13,GaPt13_01.txt,Ga,1,0.99993896484375,6.103515625e-05,1,Parkinson's Disease (PD)
GaPt13,GaPt13_01.txt,Ga,1,0.9994926452636719,0.000507354736328125,1,Parkinson's Disease (PD)
GaPt13,GaPt13_01.txt,Ga,1,0.9994230270385742,0.0005769729614257812,1,Parkinson's Disease (PD)
GaPt13,GaPt13_01.txt,Ga,1,0.9998534917831421,0.00014650821685791016,1,Parkinson's Disease (PD)
GaPt13,GaPt13_01.txt,Ga,1,0.999843955039978,0.00015604496002197266,1,Parkinson's Disease (PD)
GaPt13,GaPt13_01.txt,Ga,1,0.9999489784240723,5.1021575927734375e-05,1,Parkinson's Disease (PD)
GaPt13,GaPt13_01.txt,Ga,1,0.9999417066574097,5.829334259033203e-05,1,Parkinson's Disease (PD)
GaPt13,GaPt13_01.txt,Ga,1,0.9998623132705688,0.00013768672943115234,1,Parkinson's Disease (PD)
GaPt13,GaPt13_01.txt,Ga,1,0.9998736381530762,0.00012636184692382812,1,Parkinson's Disease (PD)
GaPt13,GaPt13_01.txt,Ga,1,0.9998804330825806,0.0001195669174194336,1,Parkinson's Disease (PD)
GaPt13,GaPt13_01.txt,Ga,1,0.9999233484268188,7.665157318115234e-05,1,Parkinson's Disease (PD)
GaPt13,GaPt13_01.txt,Ga,1,0.9999563694000244,4.363059997558594e-05,1,Parkinson's Disease (PD)
GaPt13,GaPt13_01.txt,Ga,1,0.9999586343765259,4.1365623474121094e-05,1,Parkinson's Disease (PD)
GaPt13,GaPt13_01.txt,Ga,1,0.9999545812606812,4.5418739318847656e-05,1,Parkinson's Disease (PD)
GaPt13,GaPt13_01.txt,Ga,1,0.9999251365661621,7.486343383789062e-05,1,Parkinson's Disease (PD)
GaPt13,GaPt13_01.txt,Ga,1,0.9999434947967529,5.650520324707031e-05,1,Parkinson's Disease (PD)
GaPt13,GaPt13_01.txt,Ga,1,0.9998352527618408,0.0001647472381591797,1,Parkinson's Disease (PD)
GaPt13,GaPt13_01.txt,Ga,1,0.9998247027397156,0.00017529726028442383,1,Parkinson's Disease (PD)
GaPt13,GaPt13_01.txt,Ga,1,0.9999580383300781,4.1961669921875e-05,1,Parkinson's Disease (PD)
GaPt13,GaPt13_01.txt,Ga,1,0.9999608993530273,3.910064697265625e-05,1,Parkinson's Disease (PD)
GaPt13,GaPt13_01.txt,Ga,1,0.999962329864502,3.7670135498046875e-05,1,Parkinson's Disease (PD)
GaPt13,GaPt13_01.txt,Ga,1,0.9999549388885498,4.506111145019531e-05,1,Parkinson's Disease (PD)
GaPt13,GaPt13_01.txt,Ga,1,0.9999632835388184,3.6716461181640625e-05,1,Parkinson's Disease (PD)
GaPt13,GaPt13_01.txt,Ga,1,0.999962329864502,3.7670135498046875e-05,1,Parkinson's Disease (PD)
GaPt13,GaPt13_01.txt,Ga,1,0.9999538660049438,4.6133995056152344e-05,1,Parkinson's Disease (PD)
GaPt13,GaPt13_01.txt,Ga,1,0.9999549388885498,4.506111145019531e-05,1,Parkinson's Disease (PD)
GaPt13,GaPt13_01.txt,Ga,1,0.9999603033065796,3.9696693420410156e-05,1,Parkinson's Disease (PD)
GaPt13,GaPt13_01.txt,Ga,1,0.9999552965164185,4.470348358154297e-05,1,Parkinson's Disease (PD)
GaPt13,GaPt13_01.txt,Ga,1,0.9999580383300781,4.1961669921875e-05,1,Parkinson's Disease (PD)
GaPt13,GaPt13_01.txt,Ga,1,0.9999556541442871,4.4345855712890625e-05,1,Parkinson's Disease (PD)
GaPt13,GaPt13_01.txt,Ga,1,0.9999589920043945,4.100799560546875e-05,1,Parkinson's Disease (PD)
GaPt13,GaPt13_01.txt,Ga,1,0.9999279975891113,7.200241088867188e-05,1,Parkinson's Disease (PD)
GaPt13,GaPt13_01.txt,Ga,1,0.9999421834945679,5.7816505432128906e-05,1,Parkinson's Disease (PD)
GaPt13,GaPt13_01.txt,Ga,1,0.9999549388885498,4.506111145019531e-05,1,Parkinson's Disease (PD)
GaPt13,GaPt13_01.txt,Ga,1,0.9999535083770752,4.649162292480469e-05,1,Parkinson's Disease (PD)
GaPt13,GaPt13_01.txt,Ga,1,0.9999573230743408,4.267692565917969e-05,1,Parkinson's Disease (PD)
GaPt13,GaPt13_02.txt,Ga,1,0.9999138116836548,8.618831634521484e-05,1,Parkinson's Disease (PD)
GaPt13,GaPt13_02.txt,Ga,1,0.9999369382858276,6.306171417236328e-05,1,Parkinson's Disease (PD)
GaPt13,GaPt13_02.txt,Ga,1,0.9999508857727051,4.9114227294921875e-05,1,Parkinson's Disease (PD)
GaPt13,GaPt13_02.txt,Ga,1,0.9999489784240723,5.1021575927734375e-05,1,Parkinson's Disease (PD)
GaPt13,GaPt13_02.txt,Ga,1,0.9999680519104004,3.1948089599609375e-05,1,Parkinson's Disease (PD)
GaPt13,GaPt13_02.txt,Ga,1,0.9999605417251587,3.9458274841308594e-05,1,Parkinson's Disease (PD)
GaPt13,GaPt13_02.txt,Ga,1,0.9999508857727051,4.9114227294921875e-05,1,Parkinson's Disease (PD)
GaPt13,GaPt13_02.txt,Ga,1,0.9999567270278931,4.3272972106933594e-05,1,Parkinson's Disease (PD)
GaPt13,GaPt13_02.txt,Ga,1,0.9999489784240723,5.1021575927734375e-05,1,Parkinson's Disease (PD)
GaPt13,GaPt13_02.txt,Ga,1,0.9999603033065796,3.9696693420410156e-05,1,Parkinson's Disease (PD)
GaPt13,GaPt13_02.txt,Ga,1,0.9999505281448364,4.947185516357422e-05,1,Parkinson's Disease (PD)
GaPt13,GaPt13_02.txt,Ga,1,0.999962329864502,3.7670135498046875e-05,1,Parkinson's Disease (PD)
GaPt13,GaPt13_02.txt,Ga,1,0.9999593496322632,4.0650367736816406e-05,1,Parkinson's Disease (PD)
GaPt13,GaPt13_02.txt,Ga,1,0.9999605417251587,3.9458274841308594e-05,1,Parkinson's Disease (PD)
GaPt13,GaPt13_02.txt,Ga,1,0.9999402761459351,5.9723854064941406e-05,1,Parkinson's Disease (PD)
GaPt13,GaPt13_02.txt,Ga,1,0.9999417066574097,5.829334259033203e-05,1,Parkinson's Disease (PD)
GaPt13,GaPt13_02.txt,Ga,1,0.9999589920043945,4.100799560546875e-05,1,Parkinson's Disease (PD)
GaPt13,GaPt13_02.txt,Ga,1,0.9999493360519409,5.066394805908203e-05,1,Parkinson's Disease (PD)
GaPt13,GaPt13_02.txt,Ga,1,0.9999614953994751,3.8504600524902344e-05,1,Parkinson's Disease (PD)
GaPt13,GaPt13_02.txt,Ga,1,0.9999552965164185,4.470348358154297e-05,1,Parkinson's Disease (PD)
GaPt13,GaPt13_02.txt,Ga,1,0.9999508857727051,4.9114227294921875e-05,1,Parkinson's Disease (PD)
GaPt13,GaPt13_02.txt,Ga,1,0.9999469518661499,5.3048133850097656e-05,1,Parkinson's Disease (PD)
GaPt13,GaPt13_02.txt,Ga,1,0.9999469518661499,5.3048133850097656e-05,1,Parkinson's Disease (PD)
GaPt13,GaPt13_02.txt,Ga,1,0.9999481439590454,5.1856040954589844e-05,1,Parkinson's Disease (PD)
GaPt13,GaPt13_02.txt,Ga,1,0.9999626874923706,3.731250762939453e-05,1,Parkinson's Disease (PD)
GaPt13,GaPt13_02.txt,Ga,1,0.9999645948410034,3.540515899658203e-05,1,Parkinson's Disease (PD)
GaPt13,GaPt13_02.txt,Ga,1,0.9999520778656006,4.792213439941406e-05,1,Parkinson's Disease (PD)
GaPt13,GaPt13_02.txt,Ga,1,0.9994493126869202,0.000550687313079834,1,Parkinson's Disease (PD)
GaPt13,GaPt13_02.txt,Ga,1,0.999376118183136,0.0006238818168640137,1,Parkinson's Disease (PD)
GaPt13,GaPt13_02.txt,Ga,1,0.9999556541442871,4.4345855712890625e-05,1,Parkinson's Disease (PD)
GaPt13,GaPt13_02.txt,Ga,1,0.9999369382858276,6.306171417236328e-05,1,Parkinson's Disease (PD)
GaPt13,GaPt13_02.txt,Ga,1,0.9998579025268555,0.00014209747314453125,1,Parkinson's Disease (PD)
GaPt13,GaPt13_02.txt,Ga,1,0.9998928308486938,0.00010716915130615234,1,Parkinson's Disease (PD)
GaPt13,GaPt13_02.txt,Ga,1,0.9999369382858276,6.306171417236328e-05,1,Parkinson's Disease (PD)
GaPt13,GaPt13_02.txt,Ga,1,0.9999545812606812,4.5418739318847656e-05,1,Parkinson's Disease (PD)
GaPt13,GaPt13_02.txt,Ga,1,0.999935507774353,6.449222564697266e-05,1,Parkinson's Disease (PD)
GaPt13,GaPt13_02.txt,Ga,1,0.9999251365661621,7.486343383789062e-05,1,Parkinson's Disease (PD)
GaPt13,GaPt13_02.txt,Ga,1,0.9999556541442871,4.4345855712890625e-05,1,Parkinson's Disease (PD)
GaPt13,GaPt13_02.txt,Ga,1,0.9999501705169678,4.982948303222656e-05,1,Parkinson's Disease (PD)
GaPt13,GaPt13_02.txt,Ga,1,0.9999473094940186,5.269050598144531e-05,1,Parkinson's Disease (PD)
GaPt13,GaPt13_02.txt,Ga,1,0.9999690055847168,3.0994415283203125e-05,1,Parkinson's Disease (PD)
GaPt13,GaPt13_02.txt,Ga,1,0.9999586343765259,4.1365623474121094e-05,1,Parkinson's Disease (PD)
GaPt13,GaPt13_02.txt,Ga,1,0.9999576807022095,4.2319297790527344e-05,1,Parkinson's Disease (PD)
GaPt13,GaPt13_02.txt,Ga,1,0.9999430179595947,5.698204040527344e-05,1,Parkinson's Disease (PD)
GaPt13,GaPt13_02.txt,Ga,1,0.9999430179595947,5.698204040527344e-05,1,Parkinson's Disease (PD)
GaPt13,GaPt13_02.txt,Ga,1,0.9999421834945679,5.7816505432128906e-05,1,Parkinson's Disease (PD)
GaPt13,GaPt13_02.txt,Ga,1,0.9999542236328125,4.57763671875e-05,1,Parkinson's Disease (PD)
GaPt13,GaPt13_02.txt,Ga,1,0.9999527931213379,4.7206878662109375e-05,1,Parkinson's Disease (PD)
GaPt13,GaPt13_10.txt,Ga,1,0.9999426603317261,5.733966827392578e-05,1,Parkinson's Disease (PD)
GaPt13,GaPt13_10.txt,Ga,1,0.9999603033065796,3.9696693420410156e-05,1,Parkinson's Disease (PD)
GaPt13,GaPt13_10.txt,Ga,1,0.9999643564224243,3.5643577575683594e-05,1,Parkinson's Disease (PD)
GaPt13,GaPt13_10.txt,Ga,1,0.9999477863311768,5.221366882324219e-05,1,Parkinson's Disease (PD)
GaPt13,GaPt13_10.txt,Ga,1,0.9999473094940186,5.269050598144531e-05,1,Parkinson's Disease (PD)
GaPt13,GaPt13_10.txt,Ga,1,0.9999520778656006,4.792213439941406e-05,1,Parkinson's Disease (PD)
GaPt13,GaPt13_10.txt,Ga,1,0.9999583959579468,4.1604042053222656e-05,1,Parkinson's Disease (PD)
GaPt13,GaPt13_10.txt,Ga,1,0.9999374151229858,6.258487701416016e-05,1,Parkinson's Disease (PD)
GaPt13,GaPt13_10.txt,Ga,1,0.9999512434005737,4.875659942626953e-05,1,Parkinson's Disease (PD)
GaPt13,GaPt13_10.txt,Ga,1,0.9999589920043945,4.100799560546875e-05,1,Parkinson's Disease (PD)
GaPt13,GaPt13_10.txt,Ga,1,0.9999645948410034,3.540515899658203e-05,1,Parkinson's Disease (PD)
GaPt13,GaPt13_10.txt,Ga,1,0.9999542236328125,4.57763671875e-05,1,Parkinson's Disease (PD)
GaPt13,GaPt13_10.txt,Ga,1,0.9999563694000244,4.363059997558594e-05,1,Parkinson's Disease (PD)
GaPt13,GaPt13_10.txt,Ga,1,0.9999583959579468,4.1604042053222656e-05,1,Parkinson's Disease (PD)
GaPt13,GaPt13_10.txt,Ga,1,0.9999687671661377,3.123283386230469e-05,1,Parkinson's Disease (PD)
GaPt13,GaPt13_10.txt,Ga,1,0.9999643564224243,3.5643577575683594e-05,1,Parkinson's Disease (PD)
GaPt13,GaPt13_10.txt,Ga,1,0.9999667406082153,3.325939178466797e-05,1,Parkinson's Disease (PD)
GaPt13,GaPt13_10.txt,Ga,1,0.9999576807022095,4.2319297790527344e-05,1,Parkinson's Disease (PD)
GaPt13,GaPt13_10.txt,Ga,1,0.9999738931655884,2.6106834411621094e-05,1,Parkinson's Disease (PD)
GaPt13,GaPt13_10.txt,Ga,1,0.9999747276306152,2.5272369384765625e-05,1,Parkinson's Disease (PD)
GaPt13,GaPt13_10.txt,Ga,1,0.9999611377716064,3.886222839355469e-05,1,Parkinson's Disease (PD)
GaPt13,GaPt13_10.txt,Ga,1,0.9999738931655884,2.6106834411621094e-05,1,Parkinson's Disease (PD)
GaPt13,GaPt13_10.txt,Ga,1,0.9999637603759766,3.62396240234375e-05,1,Parkinson's Disease (PD)
GaPt13,GaPt13_10.txt,Ga,1,0.9999680519104004,3.1948089599609375e-05,1,Parkinson's Disease (PD)
GaPt13,GaPt13_10.txt,Ga,1,0.9999685287475586,3.147125244140625e-05,1,Parkinson's Disease (PD)
GaPt13,GaPt13_10.txt,Ga,1,0.9999722242355347,2.777576446533203e-05,1,Parkinson's Disease (PD)
GaPt13,GaPt13_10.txt,Ga,1,0.999966025352478,3.3974647521972656e-05,1,Parkinson's Disease (PD)
GaPt13,GaPt13_10.txt,Ga,1,0.9999673366546631,3.266334533691406e-05,1,Parkinson's Disease (PD)
GaPt13,GaPt13_10.txt,Ga,1,0.999967098236084,3.2901763916015625e-05,1,Parkinson's Disease (PD)
GaPt13,GaPt13_10.txt,Ga,1,0.9999542236328125,4.57763671875e-05,1,Parkinson's Disease (PD)
GaPt13,GaPt13_10.txt,Ga,1,0.9999603033065796,3.9696693420410156e-05,1,Parkinson's Disease (PD)
GaPt13,GaPt13_10.txt,Ga,1,0.9999680519104004,3.1948089599609375e-05,1,Parkinson's Disease (PD)
GaPt13,GaPt13_10.txt,Ga,1,0.9999595880508423,4.0411949157714844e-05,1,Parkinson's Disease (PD)
GaPt13,GaPt13_10.txt,Ga,1,0.9999538660049438,4.6133995056152344e-05,1,Parkinson's Disease (PD)
GaPt13,GaPt13_10.txt,Ga,1,0.9999563694000244,4.363059997558594e-05,1,Parkinson's Disease (PD)
GaPt13,GaPt13_10.txt,Ga,1,0.9999589920043945,4.100799560546875e-05,1,Parkinson's Disease (PD)
GaPt13,GaPt13_10.txt,Ga,1,0.9999481439590454,5.1856040954589844e-05,1,Parkinson's Disease (PD)
GaPt13,GaPt13_10.txt,Ga,1,0.9999452829360962,5.4717063903808594e-05,1,Parkinson's Disease (PD)
GaPt13,GaPt13_10.txt,Ga,1,0.9998601675033569,0.0001398324966430664,1,Parkinson's Disease (PD)
GaPt13,GaPt13_10.txt,Ga,1,0.9997468590736389,0.000253140926361084,1,Parkinson's Disease (PD)
GaPt13,GaPt13_10.txt,Ga,1,0.9999334812164307,6.651878356933594e-05,1,Parkinson's Disease (PD)
GaPt13,GaPt13_10.txt,Ga,1,0.9995399713516235,0.00046002864837646484,1,Parkinson's Disease (PD)
GaPt13,GaPt13_10.txt,Ga,1,0.9996125102043152,0.00038748979568481445,1,Parkinson's Disease (PD)
GaPt13,GaPt13_10.txt,Ga,1,0.9999595880508423,4.0411949157714844e-05,1,Parkinson's Disease (PD)
GaPt13,GaPt13_10.txt,Ga,1,0.9999626874923706,3.731250762939453e-05,1,Parkinson's Disease (PD)
GaPt13,GaPt13_10.txt,Ga,1,0.9999569654464722,4.303455352783203e-05,1,Parkinson's Disease (PD)
GaPt13,GaPt13_10.txt,Ga,1,0.9999620914459229,3.790855407714844e-05,1,Parkinson's Disease (PD)
GaPt13,GaPt13_10.txt,Ga,1,0.9999608993530273,3.910064697265625e-05,1,Parkinson's Disease (PD)
GaPt19,GaPt19_01.txt,Ga,1,8.013499609660357e-06,0.9999920129776001,0,Healthy Control (HC)
GaPt19,GaPt19_01.txt,Ga,1,8.139691999531351e-06,0.9999918341636658,0,Healthy Control (HC)
GaPt19,GaPt19_01.txt,Ga,1,1.221907587023452e-05,0.999987781047821,0,Healthy Control (HC)
GaPt19,GaPt19_01.txt,Ga,1,2.710879925871268e-05,0.9999728798866272,0,Healthy Control (HC)
GaPt19,GaPt19_01.txt,Ga,1,5.104190859128721e-05,0.9999489784240723,0,Healthy Control (HC)
GaPt19,GaPt19_01.txt,Ga,1,2.732141365413554e-05,0.9999727010726929,0,Healthy Control (HC)
GaPt19,GaPt19_01.txt,Ga,1,2.7751651941798627e-05,0.9999722242355347,0,Healthy Control (HC)
GaPt19,GaPt19_01.txt,Ga,1,5.3075080359121785e-05,0.9999469518661499,0,Healthy Control (HC)
GaPt19,GaPt19_01.txt,Ga,1,8.220189192797989e-05,0.9999178051948547,0,Healthy Control (HC)
GaPt19,GaPt19_01.txt,Ga,1,6.657015910604969e-05,0.9999334216117859,0,Healthy Control (HC)
GaPt19,GaPt19_01.txt,Ga,1,1.7097478121286258e-05,0.9999828934669495,0,Healthy Control (HC)
GaPt19,GaPt19_01.txt,Ga,1,3.4537253668531775e-05,0.999965488910675,0,Healthy Control (HC)
GaPt19,GaPt19_01.txt,Ga,1,1.892514956125524e-05,0.9999810457229614,0,Healthy Control (HC)
GaPt19,GaPt19_01.txt,Ga,1,5.133655122335767e-06,0.9999948740005493,0,Healthy Control (HC)
GaPt19,GaPt19_01.txt,Ga,1,9.223469533026218e-06,0.9999907612800598,0,Healthy Control (HC)
GaPt19,GaPt19_01.txt,Ga,1,6.540436970681185e-06,0.9999934434890747,0,Healthy Control (HC)
GaPt19,GaPt19_01.txt,Ga,1,5.093705112813041e-06,0.9999949336051941,0,Healthy Control (HC)
GaPt19,GaPt19_01.txt,Ga,1,2.355261858610902e-05,0.9999764561653137,0,Healthy Control (HC)
GaPt19,GaPt19_01.txt,Ga,1,4.611274925991893e-05,0.9999538660049438,0,Healthy Control (HC)
GaPt19,GaPt19_01.txt,Ga,1,2.6274772608303465e-05,0.999973714351654,0,Healthy Control (HC)
GaPt19,GaPt19_01.txt,Ga,1,2.2827996872365475e-05,0.999977171421051,0,Healthy Control (HC)
GaPt19,GaPt19_01.txt,Ga,1,9.387641330249608e-05,0.9999061226844788,0,Healthy Control (HC)
GaPt19,GaPt19_01.txt,Ga,1,0.0001823546044761315,0.9998176693916321,0,Healthy Control (HC)
GaPt19,GaPt19_01.txt,Ga,1,4.683888619183563e-05,0.9999531507492065,0,Healthy Control (HC)
GaPt19,GaPt19_01.txt,Ga,1,2.8409744118107483e-05,0.9999715685844421,0,Healthy Control (HC)
GaPt19,GaPt19_01.txt,Ga,1,2.93115390377352e-05,0.9999706745147705,0,Healthy Control (HC)
GaPt19,GaPt19_01.txt,Ga,1,1.7097478121286258e-05,0.9999828934669495,0,Healthy Control (HC)
GaPt19,GaPt19_01.txt,Ga,1,7.905303937150165e-05,0.9999209642410278,0,Healthy Control (HC)
GaPt19,GaPt19_01.txt,Ga,1,0.0008426423300988972,0.9991573691368103,0,Healthy Control (HC)
GaPt19,GaPt19_01.txt,Ga,1,0.00021654405281879008,0.999783456325531,0,Healthy Control (HC)
GaPt19,GaPt19_01.txt,Ga,1,1.045154840539908e-05,0.9999895691871643,0,Healthy Control (HC)
GaPt19,GaPt19_01.txt,Ga,1,5.093705112813041e-06,0.9999949336051941,0,Healthy Control (HC)
GaPt19,GaPt19_01.txt,Ga,1,1.1843138054246083e-05,0.9999881386756897,0,Healthy Control (HC)
GaPt19,GaPt19_01.txt,Ga,1,1.4624284631281625e-05,0.99998539686203,0,Healthy Control (HC)
GaPt19,GaPt19_01.txt,Ga,1,8.664653250889387e-06,0.9999913573265076,0,Healthy Control (HC)
GaPt19,GaPt19_01.txt,Ga,1,4.936989171255846e-06,0.9999950528144836,0,Healthy Control (HC)
GaPt19,GaPt19_01.txt,Ga,1,5.7270026445621625e-06,0.9999942779541016,0,Healthy Control (HC)
GaPt19,GaPt19_01.txt,Ga,1,1.2905907169624697e-05,0.9999870657920837,0,Healthy Control (HC)
GaPt19,GaPt19_01.txt,Ga,1,0.0005112579092383385,0.9994887709617615,0,Healthy Control (HC)
GaPt19,GaPt19_01.txt,Ga,1,0.00013765462790615857,0.9998623728752136,0,Healthy Control (HC)
GaPt19,GaPt19_01.txt,Ga,1,1.67014204635052e-05,0.9999833106994629,0,Healthy Control (HC)
GaPt19,GaPt19_01.txt,Ga,1,8.267873454315122e-06,0.9999917149543762,0,Healthy Control (HC)
GaPt19,GaPt19_01.txt,Ga,1,6.695538559142733e-06,0.9999933242797852,0,Healthy Control (HC)
GaPt19,GaPt19_01.txt,Ga,1,4.15736440118053e-06,0.9999958276748657,0,Healthy Control (HC)
GaPt19,GaPt19_01.txt,Ga,1,3.936114808311686e-06,0.9999960660934448,0,Healthy Control (HC)
GaPt19,GaPt19_01.txt,Ga,1,3.2631560316076502e-06,0.9999967217445374,0,Healthy Control (HC)
GaPt19,GaPt19_01.txt,Ga,1,2.726470256675384e-06,0.9999972581863403,0,Healthy Control (HC)
GaPt19,GaPt19_01.txt,Ga,1,5.2553959903889336e-06,0.9999947547912598,0,Healthy Control (HC)
GaPt19,GaPt19_02.txt,Ga,1,2.355261858610902e-05,0.9999764561653137,0,Healthy Control (HC)
GaPt19,GaPt19_02.txt,Ga,1,9.08047422853997e-06,0.9999909400939941,0,Healthy Control (HC)
GaPt19,GaPt19_02.txt,Ga,1,5.380023139878176e-06,0.9999946355819702,0,Healthy Control (HC)
GaPt19,GaPt19_02.txt,Ga,1,6.800977644161321e-06,0.9999932050704956,0,Healthy Control (HC)
GaPt19,GaPt19_02.txt,Ga,1,4.4254902604734525e-06,0.9999955892562866,0,Healthy Control (HC)
GaPt19,GaPt19_02.txt,Ga,1,1.212398819916416e-05,0.9999879002571106,0,Healthy Control (HC)
GaPt19,GaPt19_02.txt,Ga,1,1.7231572201126255e-05,0.9999827742576599,0,Healthy Control (HC)
GaPt19,GaPt19_02.txt,Ga,1,3.071818719035946e-05,0.9999693036079407,0,Healthy Control (HC)
GaPt19,GaPt19_02.txt,Ga,1,1.6061610949691385e-05,0.9999839663505554,0,Healthy Control (HC)
GaPt19,GaPt19_02.txt,Ga,1,2.2474090656032786e-05,0.9999775290489197,0,Healthy Control (HC)
GaPt19,GaPt19_02.txt,Ga,1,2.318747829122003e-05,0.9999768137931824,0,Healthy Control (HC)
GaPt19,GaPt19_02.txt,Ga,1,5.296613835525932e-06,0.999994695186615,0,Healthy Control (HC)
GaPt19,GaPt19_02.txt,Ga,1,3.5008542909054086e-06,0.9999964833259583,0,Healthy Control (HC)
GaPt19,GaPt19_02.txt,Ga,1,3.966985786973964e-06,0.9999960064888,0,Healthy Control (HC)
GaPt19,GaPt19_02.txt,Ga,1,3.2631560316076502e-06,0.9999967217445374,0,Healthy Control (HC)
GaPt19,GaPt19_02.txt,Ga,1,2.747854296103469e-06,0.9999972581863403,0,Healthy Control (HC)
GaPt19,GaPt19_02.txt,Ga,1,2.994440819747979e-06,0.9999970197677612,0,Healthy Control (HC)
GaPt19,GaPt19_02.txt,Ga,1,2.406102339591598e-06,0.999997615814209,0,Healthy Control (HC)
GaPt19,GaPt19_02.txt,Ga,1,3.1627594125893665e-06,0.9999968409538269,0,Healthy Control (HC)
GaPt19,GaPt19_02.txt,Ga,1,5.955139386060182e-06,0.9999940395355225,0,Healthy Control (HC)
GaPt19,GaPt19_02.txt,Ga,1,4.683888619183563e-05,0.9999531507492065,0,Healthy Control (HC)
GaPt19,GaPt19_02.txt,Ga,1,3.647853736765683e-05,0.9999635219573975,0,Healthy Control (HC)
GaPt19,GaPt19_02.txt,Ga,1,1.933358362293802e-06,0.9999980926513672,0,Healthy Control (HC)
GaPt19,GaPt19_02.txt,Ga,1,2.5019501208589645e-06,0.9999974966049194,0,Healthy Control (HC)
GaPt19,GaPt19_02.txt,Ga,1,3.212565388821531e-06,0.9999967813491821,0,Healthy Control (HC)
GaPt19,GaPt19_02.txt,Ga,1,1.903384486467985e-06,0.9999980926513672,0,Healthy Control (HC)
GaPt19,GaPt19_02.txt,Ga,1,2.010374601013609e-06,0.9999979734420776,0,Healthy Control (HC)
GaPt19,GaPt19_02.txt,Ga,1,2.5813706088229083e-06,0.9999974370002747,0,Healthy Control (HC)
GaPt19,GaPt19_02.txt,Ga,1,1.7330517039226834e-06,0.9999982714653015,0,Healthy Control (HC)
GaPt19,GaPt19_02.txt,Ga,1,3.3145429370051716e-06,0.9999966621398926,0,Healthy Control (HC)
GaPt19,GaPt19_02.txt,Ga,1,1.0953123819490429e-05,0.9999890327453613,0,Healthy Control (HC)
GaPt19,GaPt19_02.txt,Ga,1,2.178264912799932e-05,0.999978244304657,0,Healthy Control (HC)
GaPt19,GaPt19_02.txt,Ga,1,3.9054839362506755e-06,0.9999960660934448,0,Healthy Control (HC)
GaPt19,GaPt19_02.txt,Ga,1,3.7558677377091954e-06,0.9999962449073792,0,Healthy Control (HC)
GaPt19,GaPt19_02.txt,Ga,1,2.010374601013609e-06,0.9999979734420776,0,Healthy Control (HC)
GaPt19,GaPt19_02.txt,Ga,1,2.791126462398097e-06,0.9999971985816956,0,Healthy Control (HC)
GaPt19,GaPt19_02.txt,Ga,1,4.255953626852715e-06,0.999995768070221,0,Healthy Control (HC)
GaPt19,GaPt19_02.txt,Ga,1,5.093705112813041e-06,0.9999949336051941,0,Healthy Control (HC)
GaPt19,GaPt19_02.txt,Ga,1,1.0699395716073923e-05,0.9999892711639404,0,Healthy Control (HC)
GaPt19,GaPt19_02.txt,Ga,1,1.4064044080441818e-05,0.999985933303833,0,Healthy Control (HC)
GaPt19,GaPt19_02.txt,Ga,1,3.6119831747782882e-06,0.9999963641166687,0,Healthy Control (HC)
GaPt19,GaPt19_02.txt,Ga,1,7.484622619813308e-05,0.9999251365661621,0,Healthy Control (HC)
GaPt19,GaPt19_02.txt,Ga,1,8.682210318511352e-05,0.9999131560325623,0,Healthy Control (HC)
GaPt19,GaPt19_02.txt,Ga,1,2.726470256675384e-06,0.9999972581863403,0,Healthy Control (HC)
GaPt19,GaPt19_02.txt,Ga,1,4.061059826199198e-06,0.9999959468841553,0,Healthy Control (HC)
GaPt19,GaPt19_02.txt,Ga,1,3.1627594125893665e-06,0.9999968409538269,0,Healthy Control (HC)
GaPt19,GaPt19_02.txt,Ga,1,2.747854296103469e-06,0.9999972581863403,0,Healthy Control (HC)
GaPt19,GaPt19_02.txt,Ga,1,1.9183130461897235e-06,0.9999980926513672,0,Healthy Control (HC)
GaPt19,GaPt19_10.txt,Ga,1,2.178264912799932e-05,0.999978244304657,0,Healthy Control (HC)
GaPt19,GaPt19_10.txt,Ga,1,8.80110019352287e-06,0.9999911785125732,0,Healthy Control (HC)
GaPt19,GaPt19_10.txt,Ga,1,1.0289513738825917e-05,0.9999896883964539,0,Healthy Control (HC)
GaPt19,GaPt19_10.txt,Ga,1,1.3420013601717073e-05,0.9999865889549255,0,Healthy Control (HC)
GaPt19,GaPt19_10.txt,Ga,1,1.395459912600927e-05,0.9999860525131226,0,Healthy Control (HC)
GaPt19,GaPt19_10.txt,Ga,1,1.3420013601717073e-05,0.9999865889549255,0,Healthy Control (HC)
GaPt19,GaPt19_10.txt,Ga,1,1.5206839634629432e-05,0.9999848008155823,0,Healthy Control (HC)
GaPt19,GaPt19_10.txt,Ga,1,9.895332368614618e-06,0.9999901056289673,0,Healthy Control (HC)
GaPt19,GaPt19_10.txt,Ga,1,7.469407137250528e-06,0.9999925494194031,0,Healthy Control (HC)
GaPt19,GaPt19_10.txt,Ga,1,9.08047422853997e-06,0.9999909400939941,0,Healthy Control (HC)
GaPt19,GaPt19_10.txt,Ga,1,1.270582197321346e-05,0.9999873042106628,0,Healthy Control (HC)
GaPt19,GaPt19_10.txt,Ga,1,0.00025514140725135803,0.9997448325157166,0,Healthy Control (HC)
GaPt19,GaPt19_10.txt,Ga,1,0.00014202363672666252,0.9998579621315002,0,Healthy Control (HC)
GaPt19,GaPt19_10.txt,Ga,1,3.815013769781217e-06,0.9999961853027344,0,Healthy Control (HC)
GaPt19,GaPt19_10.txt,Ga,1,2.0741906610055594e-06,0.9999979138374329,0,Healthy Control (HC)
GaPt19,GaPt19_10.txt,Ga,1,4.710908797278535e-06,0.9999952912330627,0,Healthy Control (HC)
GaPt19,GaPt19_10.txt,Ga,1,8.076349331531674e-06,0.9999919533729553,0,Healthy Control (HC)
GaPt19,GaPt19_10.txt,Ga,1,1.005115973384818e-05,0.999989926815033,0,Healthy Control (HC)
GaPt19,GaPt19_10.txt,Ga,1,1.3007129382458515e-05,0.999987006187439,0,Healthy Control (HC)
GaPt19,GaPt19_10.txt,Ga,1,1.9373936083866283e-05,0.999980628490448,0,Healthy Control (HC)
GaPt19,GaPt19_10.txt,Ga,1,1.045154840539908e-05,0.9999895691871643,0,Healthy Control (HC)
GaPt19,GaPt19_10.txt,Ga,1,6.3889292505336925e-06,0.999993622303009,0,Healthy Control (HC)
GaPt19,GaPt19_10.txt,Ga,1,2.977311669383198e-05,0.9999701976776123,0,Healthy Control (HC)
GaPt19,GaPt19_10.txt,Ga,1,4.794958294951357e-05,0.9999520778656006,0,Healthy Control (HC)
GaPt19,GaPt19_10.txt,Ga,1,6.761842087144032e-05,0.9999324083328247,0,Healthy Control (HC)
GaPt19,GaPt19_10.txt,Ga,1,8.750300185056403e-05,0.9999125003814697,0,Healthy Control (HC)
GaPt19,GaPt19_10.txt,Ga,1,2.9541422918555327e-05,0.9999704360961914,0,Healthy Control (HC)
GaPt19,GaPt19_10.txt,Ga,1,6.439037406380521e-06,0.9999935626983643,0,Healthy Control (HC)
GaPt19,GaPt19_10.txt,Ga,1,9.00981012819102e-06,0.9999909996986389,0,Healthy Control (HC)
GaPt19,GaPt19_10.txt,Ga,1,1.1936024748138152e-05,0.9999880790710449,0,Healthy Control (HC)
GaPt19,GaPt19_10.txt,Ga,1,4.15736440118053e-06,0.9999958276748657,0,Healthy Control (HC)
GaPt19,GaPt19_10.txt,Ga,1,3.4465788303350564e-06,0.999996542930603,0,Healthy Control (HC)
GaPt19,GaPt19_10.txt,Ga,1,2.726470256675384e-06,0.9999972581863403,0,Healthy Control (HC)
GaPt19,GaPt19_10.txt,Ga,1,3.7558677377091954e-06,0.9999962449073792,0,Healthy Control (HC)
GaPt19,GaPt19_10.txt,Ga,1,4.092911240149988e-06,0.9999958872795105,0,Healthy Control (HC)
GaPt19,GaPt19_10.txt,Ga,1,2.879726025639684e-06,0.9999971389770508,0,Healthy Control (HC)
GaPt19,GaPt19_10.txt,Ga,1,4.601780801749555e-06,0.9999954104423523,0,Healthy Control (HC)
GaPt19,GaPt19_10.txt,Ga,1,1.5446310499100946e-05,0.9999845623970032,0,Healthy Control (HC)
GaPt19,GaPt19_10.txt,Ga,1,0.011642225086688995,0.9883577823638916,0,Healthy Control (HC)
GaPt19,GaPt19_10.txt,Ga,1,0.004399412777274847,0.9956005811691284,0,Healthy Control (HC)
GaPt19,GaPt19_10.txt,Ga,1,4.289332991902484e-06,0.9999957084655762,0,Healthy Control (HC)
GaPt19,GaPt19_10.txt,Ga,1,7.527990419475827e-06,0.9999924898147583,0,Healthy Control (HC)
GaPt19,GaPt19_10.txt,Ga,1,5.550802143261535e-06,0.9999944567680359,0,Healthy Control (HC)
GaPt19,GaPt19_10.txt,Ga,1,5.50760569240083e-06,0.9999945163726807,0,Healthy Control (HC)
GaPt19,GaPt19_10.txt,Ga,1,4.125012310396414e-06,0.9999958872795105,0,Healthy Control (HC)
GaPt19,GaPt19_10.txt,Ga,1,3.4736108318611514e-06,0.999996542930603,0,Healthy Control (HC)
GaPt19,GaPt19_10.txt,Ga,1,2.195349043176975e-05,0.9999780654907227,0,Healthy Control (HC)
GaPt19,GaPt19_10.txt,Ga,1,7.889262633398175e-06,0.9999921321868896,0,Healthy Control (HC)
GaPt28,GaPt28_01.txt,Ga,1,0.9951702952384949,0.004829704761505127,1,Parkinson's Disease (PD)
GaPt28,GaPt28_01.txt,Ga,1,0.9925969839096069,0.007403016090393066,1,Parkinson's Disease (PD)
GaPt28,GaPt28_01.txt,Ga,1,0.9984869956970215,0.0015130043029785156,1,Parkinson's Disease (PD)
GaPt28,GaPt28_01.txt,Ga,1,0.997730553150177,0.002269446849822998,1,Parkinson's Disease (PD)
GaPt28,GaPt28_01.txt,Ga,1,0.9923043847084045,0.007695615291595459,1,Parkinson's Disease (PD)
GaPt28,GaPt28_01.txt,Ga,1,0.9903663396835327,0.009633660316467285,1,Parkinson's Disease (PD)
GaPt28,GaPt28_01.txt,Ga,1,0.9917803406715393,0.008219659328460693,1,Parkinson's Disease (PD)
GaPt28,GaPt28_01.txt,Ga,1,0.9980881810188293,0.0019118189811706543,1,Parkinson's Disease (PD)
GaPt28,GaPt28_01.txt,Ga,1,0.9989637136459351,0.0010362863540649414,1,Parkinson's Disease (PD)
GaPt28,GaPt28_01.txt,Ga,1,0.998389720916748,0.0016102790832519531,1,Parkinson's Disease (PD)
GaPt28,GaPt28_01.txt,Ga,1,0.9970878958702087,0.0029121041297912598,1,Parkinson's Disease (PD)
GaPt28,GaPt28_01.txt,Ga,1,0.9893474578857422,0.010652542114257812,1,Parkinson's Disease (PD)
GaPt28,GaPt28_01.txt,Ga,1,0.992061972618103,0.007938027381896973,1,Parkinson's Disease (PD)
GaPt28,GaPt28_01.txt,Ga,1,0.9920312166213989,0.007968783378601074,1,Parkinson's Disease (PD)
GaPt28,GaPt28_01.txt,Ga,1,0.9947391152381897,0.005260884761810303,1,Parkinson's Disease (PD)
GaPt28,GaPt28_01.txt,Ga,1,0.998217761516571,0.001782238483428955,1,Parkinson's Disease (PD)
GaPt28,GaPt28_01.txt,Ga,1,0.9977038502693176,0.002296149730682373,1,Parkinson's Disease (PD)
GaPt28,GaPt28_01.txt,Ga,1,0.9906600117683411,0.009339988231658936,1,Parkinson's Disease (PD)
GaPt28,GaPt28_01.txt,Ga,1,0.9965435862541199,0.003456413745880127,1,Parkinson's Disease (PD)
GaPt28,GaPt28_01.txt,Ga,1,0.9976677298545837,0.0023322701454162598,1,Parkinson's Disease (PD)
GaPt28,GaPt28_01.txt,Ga,1,0.9961903095245361,0.003809690475463867,1,Parkinson's Disease (PD)
GaPt28,GaPt28_01.txt,Ga,1,0.9989012479782104,0.0010987520217895508,1,Parkinson's Disease (PD)
GaPt28,GaPt28_01.txt,Ga,1,0.9990378618240356,0.0009621381759643555,1,Parkinson's Disease (PD)
GaPt28,GaPt28_01.txt,Ga,1,0.9982590079307556,0.0017409920692443848,1,Parkinson's Disease (PD)
GaPt28,GaPt28_01.txt,Ga,1,0.9947391152381897,0.005260884761810303,1,Parkinson's Disease (PD)
GaPt28,GaPt28_01.txt,Ga,1,0.9954439401626587,0.004556059837341309,1,Parkinson's Disease (PD)
GaPt28,GaPt28_01.txt,Ga,1,0.9955489635467529,0.00445103645324707,1,Parkinson's Disease (PD)
GaPt28,GaPt28_01.txt,Ga,1,0.9931760430335999,0.0068239569664001465,1,Parkinson's Disease (PD)
GaPt28,GaPt28_01.txt,Ga,1,0.9960699081420898,0.003930091857910156,1,Parkinson's Disease (PD)
GaPt28,GaPt28_01.txt,Ga,1,0.9977743029594421,0.0022256970405578613,1,Parkinson's Disease (PD)
GaPt28,GaPt28_01.txt,Ga,1,0.9973785877227783,0.0026214122772216797,1,Parkinson's Disease (PD)
GaPt28,GaPt28_01.txt,Ga,1,0.9969839453697205,0.003016054630279541,1,Parkinson's Disease (PD)
GaPt28,GaPt28_01.txt,Ga,1,0.9979888200759888,0.0020111799240112305,1,Parkinson's Disease (PD)
GaPt28,GaPt28_01.txt,Ga,1,0.9980581402778625,0.0019418597221374512,1,Parkinson's Disease (PD)
GaPt28,GaPt28_01.txt,Ga,1,0.9956346154212952,0.004365384578704834,1,Parkinson's Disease (PD)
GaPt28,GaPt28_01.txt,Ga,1,0.9945307374000549,0.005469262599945068,1,Parkinson's Disease (PD)
GaPt28,GaPt28_01.txt,Ga,1,0.9949592351913452,0.005040764808654785,1,Parkinson's Disease (PD)
GaPt28,GaPt28_01.txt,Ga,1,0.9970878958702087,0.0029121041297912598,1,Parkinson's Disease (PD)
GaPt28,GaPt28_01.txt,Ga,1,0.9962638020515442,0.0037361979484558105,1,Parkinson's Disease (PD)
GaPt28,GaPt28_01.txt,Ga,1,0.9938787817955017,0.006121218204498291,1,Parkinson's Disease (PD)
GaPt28,GaPt28_01.txt,Ga,1,0.9959927201271057,0.004007279872894287,1,Parkinson's Disease (PD)
GaPt28,GaPt28_01.txt,Ga,1,0.9975370168685913,0.0024629831314086914,1,Parkinson's Disease (PD)
GaPt28,GaPt28_01.txt,Ga,1,0.9990854263305664,0.0009145736694335938,1,Parkinson's Disease (PD)
GaPt28,GaPt28_01.txt,Ga,1,0.9969125986099243,0.0030874013900756836,1,Parkinson's Disease (PD)
GaPt28,GaPt28_01.txt,Ga,1,0.9932287931442261,0.006771206855773926,1,Parkinson's Disease (PD)
GaPt28,GaPt28_01.txt,Ga,1,0.9963924288749695,0.0036075711250305176,1,Parkinson's Disease (PD)
GaPt28,GaPt28_01.txt,Ga,1,0.99703049659729,0.002969503402709961,1,Parkinson's Disease (PD)
GaPt28,GaPt28_01.txt,Ga,1,0.997065007686615,0.0029349923133850098,1,Parkinson's Disease (PD)
GaPt28,GaPt28_02.txt,Ga,1,0.9987106323242188,0.00128936767578125,1,Parkinson's Disease (PD)
GaPt28,GaPt28_02.txt,Ga,1,0.9987305998802185,0.0012694001197814941,1,Parkinson's Disease (PD)
GaPt28,GaPt28_02.txt,Ga,1,0.9988120794296265,0.0011879205703735352,1,Parkinson's Disease (PD)
GaPt28,GaPt28_02.txt,Ga,1,0.9958337545394897,0.004166245460510254,1,Parkinson's Disease (PD)
GaPt28,GaPt28_02.txt,Ga,1,0.9923341274261475,0.007665872573852539,1,Parkinson's Disease (PD)
GaPt28,GaPt28_02.txt,Ga,1,0.9963924288749695,0.0036075711250305176,1,Parkinson's Disease (PD)
GaPt28,GaPt28_02.txt,Ga,1,0.9930693507194519,0.006930649280548096,1,Parkinson's Disease (PD)
GaPt28,GaPt28_02.txt,Ga,1,0.9830850958824158,0.01691490411758423,1,Parkinson's Disease (PD)
GaPt28,GaPt28_02.txt,Ga,1,0.9962051510810852,0.003794848918914795,1,Parkinson's Disease (PD)
GaPt28,GaPt28_02.txt,Ga,1,0.9981324076652527,0.0018675923347473145,1,Parkinson's Disease (PD)
GaPt28,GaPt28_02.txt,Ga,1,0.9973580241203308,0.0026419758796691895,1,Parkinson's Disease (PD)
GaPt28,GaPt28_02.txt,Ga,1,0.9976769089698792,0.0023230910301208496,1,Parkinson's Disease (PD)
GaPt28,GaPt28_02.txt,Ga,1,0.9977830052375793,0.0022169947624206543,1,Parkinson's Disease (PD)
GaPt28,GaPt28_02.txt,Ga,1,0.9980429410934448,0.0019570589065551758,1,Parkinson's Disease (PD)
GaPt28,GaPt28_02.txt,Ga,1,0.9985619187355042,0.0014380812644958496,1,Parkinson's Disease (PD)
GaPt28,GaPt28_02.txt,Ga,1,0.9966495633125305,0.0033504366874694824,1,Parkinson's Disease (PD)
GaPt28,GaPt28_02.txt,Ga,1,0.9979810118675232,0.0020189881324768066,1,Parkinson's Disease (PD)
GaPt28,GaPt28_02.txt,Ga,1,0.9984391331672668,0.0015608668327331543,1,Parkinson's Disease (PD)
GaPt28,GaPt28_02.txt,Ga,1,0.9982385635375977,0.0017614364624023438,1,Parkinson's Disease (PD)
GaPt28,GaPt28_02.txt,Ga,1,0.9980881810188293,0.0019118189811706543,1,Parkinson's Disease (PD)
GaPt28,GaPt28_02.txt,Ga,1,0.9984391331672668,0.0015608668327331543,1,Parkinson's Disease (PD)
GaPt28,GaPt28_02.txt,Ga,1,0.998279333114624,0.0017206668853759766,1,Parkinson's Disease (PD)
GaPt28,GaPt28_02.txt,Ga,1,0.9977216124534607,0.0022783875465393066,1,Parkinson's Disease (PD)
GaPt28,GaPt28_02.txt,Ga,1,0.9984145164489746,0.0015854835510253906,1,Parkinson's Disease (PD)
GaPt28,GaPt28_02.txt,Ga,1,0.9985841512680054,0.001415848731994629,1,Parkinson's Disease (PD)
GaPt28,GaPt28_02.txt,Ga,1,0.9969956874847412,0.003004312515258789,1,Parkinson's Disease (PD)
GaPt28,GaPt28_02.txt,Ga,1,0.9978677034378052,0.0021322965621948242,1,Parkinson's Disease (PD)
GaPt28,GaPt28_02.txt,Ga,1,0.9984812140464783,0.0015187859535217285,1,Parkinson's Disease (PD)
GaPt28,GaPt28_02.txt,Ga,1,0.9978925585746765,0.0021074414253234863,1,Parkinson's Disease (PD)
GaPt28,GaPt28_02.txt,Ga,1,0.9983189702033997,0.0016810297966003418,1,Parkinson's Disease (PD)
GaPt28,GaPt28_02.txt,Ga,1,0.9974491000175476,0.0025508999824523926,1,Parkinson's Disease (PD)
GaPt28,GaPt28_02.txt,Ga,1,0.9976769089698792,0.0023230910301208496,1,Parkinson's Disease (PD)
GaPt28,GaPt28_02.txt,Ga,1,0.9986383318901062,0.0013616681098937988,1,Parkinson's Disease (PD)
GaPt28,GaPt28_02.txt,Ga,1,0.9981324076652527,0.0018675923347473145,1,Parkinson's Disease (PD)
GaPt28,GaPt28_02.txt,Ga,1,0.9981968998908997,0.0018031001091003418,1,Parkinson's Disease (PD)
GaPt28,GaPt28_02.txt,Ga,1,0.9985785484313965,0.0014214515686035156,1,Parkinson's Disease (PD)
GaPt28,GaPt28_02.txt,Ga,1,0.9977127313613892,0.00228726863861084,1,Parkinson's Disease (PD)
GaPt28,GaPt28_02.txt,Ga,1,0.9971550703048706,0.0028449296951293945,1,Parkinson's Disease (PD)
GaPt28,GaPt28_02.txt,Ga,1,0.9980505704879761,0.0019494295120239258,1,Parkinson's Disease (PD)
GaPt28,GaPt28_02.txt,Ga,1,0.9982038736343384,0.001796126365661621,1,Parkinson's Disease (PD)
GaPt28,GaPt28_02.txt,Ga,1,0.9975370168685913,0.0024629831314086914,1,Parkinson's Disease (PD)
GaPt28,GaPt28_02.txt,Ga,1,0.9977568984031677,0.0022431015968322754,1,Parkinson's Disease (PD)
GaPt28,GaPt28_02.txt,Ga,1,0.9981178045272827,0.0018821954727172852,1,Parkinson's Disease (PD)
GaPt28,GaPt28_02.txt,Ga,1,0.9958980679512024,0.004101932048797607,1,Parkinson's Disease (PD)
GaPt28,GaPt28_02.txt,Ga,1,0.997285008430481,0.002714991569519043,1,Parkinson's Disease (PD)
GaPt28,GaPt28_02.txt,Ga,1,0.9982926249504089,0.0017073750495910645,1,Parkinson's Disease (PD)
GaPt28,GaPt28_02.txt,Ga,1,0.9962782263755798,0.003721773624420166,1,Parkinson's Disease (PD)
GaPt28,GaPt28_02.txt,Ga,1,0.9969956874847412,0.003004312515258789,1,Parkinson's Disease (PD)
GaPt28,GaPt28_10.txt,Ga,1,0.9954082369804382,0.004591763019561768,1,Parkinson's Disease (PD)
GaPt28,GaPt28_10.txt,Ga,1,0.9901019334793091,0.009898066520690918,1,Parkinson's Disease (PD)
GaPt28,GaPt28_10.txt,Ga,1,0.9873262047767639,0.012673795223236084,1,Parkinson's Disease (PD)
GaPt28,GaPt28_10.txt,Ga,1,0.9922143816947937,0.007785618305206299,1,Parkinson's Disease (PD)
GaPt28,GaPt28_10.txt,Ga,1,0.9937587976455688,0.006241202354431152,1,Parkinson's Disease (PD)
GaPt28,GaPt28_10.txt,Ga,1,0.9897116422653198,0.010288357734680176,1,Parkinson's Disease (PD)
GaPt28,GaPt28_10.txt,Ga,1,0.9964619278907776,0.003538072109222412,1,Parkinson's Disease (PD)
GaPt28,GaPt28_10.txt,Ga,1,0.9872281551361084,0.012771844863891602,1,Parkinson's Disease (PD)
GaPt28,GaPt28_10.txt,Ga,1,0.9001793265342712,0.09982067346572876,1,Parkinson's Disease (PD)
GaPt28,GaPt28_10.txt,Ga,1,0.9738444089889526,0.026155591011047363,1,Parkinson's Disease (PD)
GaPt28,GaPt28_10.txt,Ga,1,0.9983769655227661,0.0016230344772338867,1,Parkinson's Disease (PD)
GaPt28,GaPt28_10.txt,Ga,1,0.9966365098953247,0.003363490104675293,1,Parkinson's Disease (PD)
GaPt28,GaPt28_10.txt,Ga,1,0.9923638105392456,0.0076361894607543945,1,Parkinson's Disease (PD)
GaPt28,GaPt28_10.txt,Ga,1,0.9965029954910278,0.003497004508972168,1,Parkinson's Disease (PD)
GaPt28,GaPt28_10.txt,Ga,1,0.9961456060409546,0.00385439395904541,1,Parkinson's Disease (PD)
GaPt28,GaPt28_10.txt,Ga,1,0.9867772459983826,0.013222754001617432,1,Parkinson's Disease (PD)
GaPt28,GaPt28_10.txt,Ga,1,0.9914886951446533,0.00851130485534668,1,Parkinson's Disease (PD)
GaPt28,GaPt28_10.txt,Ga,1,0.9965969920158386,0.003403007984161377,1,Parkinson's Disease (PD)
GaPt28,GaPt28_10.txt,Ga,1,0.9876639246940613,0.01233607530593872,1,Parkinson's Disease (PD)
GaPt28,GaPt28_10.txt,Ga,1,0.9795506000518799,0.020449399948120117,1,Parkinson's Disease (PD)
GaPt28,GaPt28_10.txt,Ga,1,0.9972099661827087,0.0027900338172912598,1,Parkinson's Disease (PD)
GaPt28,GaPt28_10.txt,Ga,1,0.9985951781272888,0.0014048218727111816,1,Parkinson's Disease (PD)
GaPt28,GaPt28_10.txt,Ga,1,0.9918753504753113,0.00812464952468872,1,Parkinson's Disease (PD)
GaPt28,GaPt28_10.txt,Ga,1,0.9950946569442749,0.004905343055725098,1,Parkinson's Disease (PD)
GaPt28,GaPt28_10.txt,Ga,1,0.9960545301437378,0.003945469856262207,1,Parkinson's Disease (PD)
GaPt28,GaPt28_10.txt,Ga,1,0.994594156742096,0.005405843257904053,1,Parkinson's Disease (PD)
GaPt28,GaPt28_10.txt,Ga,1,0.9927951693534851,0.007204830646514893,1,Parkinson's Disease (PD)
GaPt28,GaPt28_10.txt,Ga,1,0.9921233057975769,0.007876694202423096,1,Parkinson's Disease (PD)
GaPt28,GaPt28_10.txt,Ga,1,0.9940197467803955,0.005980253219604492,1,Parkinson's Disease (PD)
GaPt28,GaPt28_10.txt,Ga,1,0.9920002222061157,0.007999777793884277,1,Parkinson's Disease (PD)
GaPt28,GaPt28_10.txt,Ga,1,0.9912208914756775,0.00877910852432251,1,Parkinson's Disease (PD)
GaPt28,GaPt28_10.txt,Ga,1,0.997188150882721,0.0028118491172790527,1,Parkinson's Disease (PD)
GaPt28,GaPt28_10.txt,Ga,1,0.9992387294769287,0.0007612705230712891,1,Parkinson's Disease (PD)
GaPt28,GaPt28_10.txt,Ga,1,0.998745322227478,0.0012546777725219727,1,Parkinson's Disease (PD)
GaPt28,GaPt28_10.txt,Ga,1,0.9962051510810852,0.003794848918914795,1,Parkinson's Disease (PD)
GaPt28,GaPt28_10.txt,Ga,1,0.9951889514923096,0.00481104850769043,1,Parkinson's Disease (PD)
GaPt28,GaPt28_10.txt,Ga,1,0.9969125986099243,0.0030874013900756836,1,Parkinson's Disease (PD)
GaPt28,GaPt28_10.txt,Ga,1,0.997730553150177,0.002269446849822998,1,Parkinson's Disease (PD)
GaPt28,GaPt28_10.txt,Ga,1,0.9949396848678589,0.005060315132141113,1,Parkinson's Disease (PD)
GaPt28,GaPt28_10.txt,Ga,1,0.9963783621788025,0.0036216378211975098,1,Parkinson's Disease (PD)
GaPt28,GaPt28_10.txt,Ga,1,0.998217761516571,0.001782238483428955,1,Parkinson's Disease (PD)
GaPt28,GaPt28_10.txt,Ga,1,0.9981968998908997,0.0018031001091003418,1,Parkinson's Disease (PD)
GaPt28,GaPt28_10.txt,Ga,1,0.9983385801315308,0.0016614198684692383,1,Parkinson's Disease (PD)
GaPt28,GaPt28_10.txt,Ga,1,0.9983450174331665,0.001654982566833496,1,Parkinson's Disease (PD)
GaPt28,GaPt28_10.txt,Ga,1,0.9971550703048706,0.0028449296951293945,1,Parkinson's Disease (PD)
GaPt28,GaPt28_10.txt,Ga,1,0.9919067621231079,0.00809323787689209,1,Parkinson's Disease (PD)
GaPt28,GaPt28_10.txt,Ga,1,0.9939496517181396,0.0060503482818603516,1,Parkinson's Disease (PD)
GaPt28,GaPt28_10.txt,Ga,1,0.995866060256958,0.004133939743041992,1,Parkinson's Disease (PD)
GaPt30,GaPt30_01.txt,Ga,1,0.9905508756637573,0.009449124336242676,1,Parkinson's Disease (PD)
GaPt30,GaPt30_01.txt,Ga,1,0.999480664730072,0.0005193352699279785,1,Parkinson's Disease (PD)
GaPt30,GaPt30_01.txt,Ga,1,0.998879611492157,0.0011203885078430176,1,Parkinson's Disease (PD)
GaPt30,GaPt30_01.txt,Ga,1,0.9451974034309387,0.05480259656906128,1,Parkinson's Disease (PD)
GaPt30,GaPt30_01.txt,Ga,1,0.9896718263626099,0.010328173637390137,1,Parkinson's Disease (PD)
GaPt30,GaPt30_01.txt,Ga,1,0.9991030693054199,0.0008969306945800781,1,Parkinson's Disease (PD)
GaPt30,GaPt30_01.txt,Ga,1,0.9693241715431213,0.030675828456878662,1,Parkinson's Disease (PD)
GaPt30,GaPt30_01.txt,Ga,1,0.7540104985237122,0.24598950147628784,1,Parkinson's Disease (PD)
GaPt30,GaPt30_01.txt,Ga,1,0.8204693794250488,0.17953062057495117,1,Parkinson's Disease (PD)
GaPt30,GaPt30_01.txt,Ga,1,0.740174412727356,0.25982558727264404,1,Parkinson's Disease (PD)
GaPt30,GaPt30_01.txt,Ga,1,0.9980121850967407,0.0019878149032592773,1,Parkinson's Disease (PD)
GaPt30,GaPt30_01.txt,Ga,1,0.9986383318901062,0.0013616681098937988,1,Parkinson's Disease (PD)
GaPt30,GaPt30_01.txt,Ga,1,0.9492005109786987,0.05079948902130127,1,Parkinson's Disease (PD)
GaPt30,GaPt30_01.txt,Ga,1,0.9973165392875671,0.0026834607124328613,1,Parkinson's Disease (PD)
GaPt30,GaPt30_01.txt,Ga,1,0.997065007686615,0.0029349923133850098,1,Parkinson's Disease (PD)
GaPt30,GaPt30_01.txt,Ga,1,0.985496461391449,0.014503538608551025,1,Parkinson's Disease (PD)
GaPt30,GaPt30_01.txt,Ga,1,0.982355535030365,0.01764446496963501,1,Parkinson's Disease (PD)
GaPt30,GaPt30_01.txt,Ga,1,0.9958499670028687,0.004150032997131348,1,Parkinson's Disease (PD)
GaPt30,GaPt30_01.txt,Ga,1,0.9597620368003845,0.04023796319961548,1,Parkinson's Disease (PD)
GaPt30,GaPt30_01.txt,Ga,1,0.9238675236701965,0.07613247632980347,1,Parkinson's Disease (PD)
GaPt30,GaPt30_01.txt,Ga,1,0.9990378618240356,0.0009621381759643555,1,Parkinson's Disease (PD)
GaPt30,GaPt30_01.txt,Ga,1,0.9990745782852173,0.0009254217147827148,1,Parkinson's Disease (PD)
GaPt30,GaPt30_01.txt,Ga,1,0.9966495633125305,0.0033504366874694824,1,Parkinson's Disease (PD)
GaPt30,GaPt30_01.txt,Ga,1,0.9972744584083557,0.002725541591644287,1,Parkinson's Disease (PD)
GaPt30,GaPt30_01.txt,Ga,1,0.9980429410934448,0.0019570589065551758,1,Parkinson's Disease (PD)
GaPt30,GaPt30_01.txt,Ga,1,0.9950562715530396,0.004943728446960449,1,Parkinson's Disease (PD)
GaPt30,GaPt30_01.txt,Ga,1,0.998279333114624,0.0017206668853759766,1,Parkinson's Disease (PD)
GaPt30,GaPt30_01.txt,Ga,1,0.9974191188812256,0.002580881118774414,1,Parkinson's Disease (PD)
GaPt30,GaPt30_01.txt,Ga,1,0.995685338973999,0.0043146610260009766,1,Parkinson's Disease (PD)
GaPt30,GaPt30_01.txt,Ga,1,0.9704646468162537,0.029535353183746338,1,Parkinson's Disease (PD)
GaPt30,GaPt30_01.txt,Ga,1,0.995372474193573,0.004627525806427002,1,Parkinson's Disease (PD)
GaPt30,GaPt30_01.txt,Ga,1,0.9991204142570496,0.0008795857429504395,1,Parkinson's Disease (PD)
GaPt30,GaPt30_01.txt,Ga,1,0.9982522130012512,0.0017477869987487793,1,Parkinson's Disease (PD)
GaPt30,GaPt30_01.txt,Ga,1,0.9948403239250183,0.0051596760749816895,1,Parkinson's Disease (PD)
GaPt30,GaPt30_01.txt,Ga,1,0.9986383318901062,0.0013616681098937988,1,Parkinson's Disease (PD)
GaPt30,GaPt30_01.txt,Ga,1,0.9951514005661011,0.004848599433898926,1,Parkinson's Disease (PD)
GaPt30,GaPt30_01.txt,Ga,1,0.9863631129264832,0.013636887073516846,1,Parkinson's Disease (PD)
GaPt30,GaPt30_01.txt,Ga,1,0.9957020878791809,0.004297912120819092,1,Parkinson's Disease (PD)
GaPt30,GaPt30_01.txt,Ga,1,0.9978594183921814,0.0021405816078186035,1,Parkinson's Disease (PD)
GaPt30,GaPt30_01.txt,Ga,1,0.9921841025352478,0.007815897464752197,1,Parkinson's Disease (PD)
GaPt30,GaPt30_01.txt,Ga,1,0.9926256537437439,0.0073743462562561035,1,Parkinson's Disease (PD)
GaPt30,GaPt30_01.txt,Ga,1,0.9992417097091675,0.0007582902908325195,1,Parkinson's Disease (PD)
GaPt30,GaPt30_01.txt,Ga,1,0.9989266991615295,0.001073300838470459,1,Parkinson's Disease (PD)
GaPt30,GaPt30_01.txt,Ga,1,0.9952632188796997,0.004736781120300293,1,Parkinson's Disease (PD)
GaPt30,GaPt30_01.txt,Ga,1,0.9989677667617798,0.0010322332382202148,1,Parkinson's Disease (PD)
GaPt30,GaPt30_01.txt,Ga,1,0.9993147850036621,0.0006852149963378906,1,Parkinson's Disease (PD)
GaPt30,GaPt30_01.txt,Ga,1,0.9952816367149353,0.004718363285064697,1,Parkinson's Disease (PD)
GaPt30,GaPt30_01.txt,Ga,1,0.994401752948761,0.005598247051239014,1,Parkinson's Disease (PD)
GaPt30,GaPt30_02.txt,Ga,1,0.9982038736343384,0.001796126365661621,1,Parkinson's Disease (PD)
GaPt30,GaPt30_02.txt,Ga,1,0.9995875954627991,0.00041240453720092773,1,Parkinson's Disease (PD)
GaPt30,GaPt30_02.txt,Ga,1,0.9996699094772339,0.0003300905227661133,1,Parkinson's Disease (PD)
GaPt30,GaPt30_02.txt,Ga,1,0.9988969564437866,0.001103043556213379,1,Parkinson's Disease (PD)
GaPt30,GaPt30_02.txt,Ga,1,0.9996699094772339,0.0003300905227661133,1,Parkinson's Disease (PD)
GaPt30,GaPt30_02.txt,Ga,1,0.9988259673118591,0.0011740326881408691,1,Parkinson's Disease (PD)
GaPt30,GaPt30_02.txt,Ga,1,0.9988440275192261,0.0011559724807739258,1,Parkinson's Disease (PD)
GaPt30,GaPt30_02.txt,Ga,1,0.9995158910751343,0.00048410892486572266,1,Parkinson's Disease (PD)
GaPt30,GaPt30_02.txt,Ga,1,0.999508261680603,0.0004917383193969727,1,Parkinson's Disease (PD)
GaPt30,GaPt30_02.txt,Ga,1,0.9991638660430908,0.0008361339569091797,1,Parkinson's Disease (PD)
GaPt30,GaPt30_02.txt,Ga,1,0.999140739440918,0.0008592605590820312,1,Parkinson's Disease (PD)
GaPt30,GaPt30_02.txt,Ga,1,0.9993613362312317,0.0006386637687683105,1,Parkinson's Disease (PD)
GaPt30,GaPt30_02.txt,Ga,1,0.9987404942512512,0.0012595057487487793,1,Parkinson's Disease (PD)
GaPt30,GaPt30_02.txt,Ga,1,0.999562680721283,0.000437319278717041,1,Parkinson's Disease (PD)
GaPt30,GaPt30_02.txt,Ga,1,0.9996672868728638,0.00033271312713623047,1,Parkinson's Disease (PD)
GaPt30,GaPt30_02.txt,Ga,1,0.999189555644989,0.0008104443550109863,1,Parkinson's Disease (PD)
GaPt30,GaPt30_02.txt,Ga,1,0.9993513226509094,0.0006486773490905762,1,Parkinson's Disease (PD)
GaPt30,GaPt30_02.txt,Ga,1,0.9988840222358704,0.0011159777641296387,1,Parkinson's Disease (PD)
GaPt30,GaPt30_02.txt,Ga,1,0.9970765113830566,0.0029234886169433594,1,Parkinson's Disease (PD)
GaPt30,GaPt30_02.txt,Ga,1,0.9990563988685608,0.000943601131439209,1,Parkinson's Disease (PD)
GaPt30,GaPt30_02.txt,Ga,1,0.9996607303619385,0.00033926963806152344,1,Parkinson's Disease (PD)
GaPt30,GaPt30_02.txt,Ga,1,0.9988530874252319,0.0011469125747680664,1,Parkinson's Disease (PD)
GaPt30,GaPt30_02.txt,Ga,1,0.9993410706520081,0.0006589293479919434,1,Parkinson's Disease (PD)
GaPt30,GaPt30_02.txt,Ga,1,0.9993952512741089,0.0006047487258911133,1,Parkinson's Disease (PD)
GaPt30,GaPt30_02.txt,Ga,1,0.9993785619735718,0.0006214380264282227,1,Parkinson's Disease (PD)
GaPt30,GaPt30_02.txt,Ga,1,0.9995326995849609,0.0004673004150390625,1,Parkinson's Disease (PD)
GaPt30,GaPt30_02.txt,Ga,1,0.9983256459236145,0.001674354076385498,1,Parkinson's Disease (PD)
GaPt30,GaPt30_02.txt,Ga,1,0.9982385635375977,0.0017614364624023438,1,Parkinson's Disease (PD)
GaPt30,GaPt30_02.txt,Ga,1,0.9982725381851196,0.001727461814880371,1,Parkinson's Disease (PD)
GaPt30,GaPt30_02.txt,Ga,1,0.9995744824409485,0.00042551755905151367,1,Parkinson's Disease (PD)
GaPt30,GaPt30_02.txt,Ga,1,0.9990745782852173,0.0009254217147827148,1,Parkinson's Disease (PD)
GaPt30,GaPt30_02.txt,Ga,1,0.9992237091064453,0.0007762908935546875,1,Parkinson's Disease (PD)
GaPt30,GaPt30_02.txt,Ga,1,0.999376118183136,0.0006238818168640137,1,Parkinson's Disease (PD)
GaPt30,GaPt30_02.txt,Ga,1,0.9988395571708679,0.00116044282913208,1,Parkinson's Disease (PD)
GaPt30,GaPt30_02.txt,Ga,1,0.9996775388717651,0.0003224611282348633,1,Parkinson's Disease (PD)
GaPt30,GaPt30_02.txt,Ga,1,0.9988927245140076,0.0011072754859924316,1,Parkinson's Disease (PD)
GaPt30,GaPt30_02.txt,Ga,1,0.9951702952384949,0.004829704761505127,1,Parkinson's Disease (PD)
GaPt30,GaPt30_02.txt,Ga,1,0.9939963817596436,0.006003618240356445,1,Parkinson's Disease (PD)
GaPt30,GaPt30_02.txt,Ga,1,0.99903404712677,0.0009659528732299805,1,Parkinson's Disease (PD)
GaPt30,GaPt30_02.txt,Ga,1,0.9988259673118591,0.0011740326881408691,1,Parkinson's Disease (PD)
GaPt30,GaPt30_02.txt,Ga,1,0.9989055395126343,0.0010944604873657227,1,Parkinson's Disease (PD)
GaPt30,GaPt30_02.txt,Ga,1,0.9996095299720764,0.000390470027923584,1,Parkinson's Disease (PD)
GaPt30,GaPt30_02.txt,Ga,1,0.9991100430488586,0.0008899569511413574,1,Parkinson's Disease (PD)
GaPt30,GaPt30_02.txt,Ga,1,0.9996125102043152,0.00038748979568481445,1,Parkinson's Disease (PD)
GaPt30,GaPt30_02.txt,Ga,1,0.9992475509643555,0.0007524490356445312,1,Parkinson's Disease (PD)
GaPt30,GaPt30_02.txt,Ga,1,0.9931760430335999,0.0068239569664001465,1,Parkinson's Disease (PD)
GaPt30,GaPt30_02.txt,Ga,1,0.9980657696723938,0.0019342303276062012,1,Parkinson's Disease (PD)
GaPt30,GaPt30_02.txt,Ga,1,0.9984083771705627,0.0015916228294372559,1,Parkinson's Disease (PD)
GaPt30,GaPt30_10.txt,Ga,1,0.9993435740470886,0.000656425952911377,1,Parkinson's Disease (PD)
GaPt30,GaPt30_10.txt,Ga,1,0.9996849298477173,0.00031507015228271484,1,Parkinson's Disease (PD)
GaPt30,GaPt30_10.txt,Ga,1,0.9989474415779114,0.001052558422088623,1,Parkinson's Disease (PD)
GaPt30,GaPt30_10.txt,Ga,1,0.9996646642684937,0.00033533573150634766,1,Parkinson's Disease (PD)
GaPt30,GaPt30_10.txt,Ga,1,0.9994230270385742,0.0005769729614257812,1,Parkinson's Disease (PD)
GaPt30,GaPt30_10.txt,Ga,1,0.9996359348297119,0.00036406517028808594,1,Parkinson's Disease (PD)
GaPt30,GaPt30_10.txt,Ga,1,0.9997407793998718,0.00025922060012817383,1,Parkinson's Disease (PD)
GaPt30,GaPt30_10.txt,Ga,1,0.9968149065971375,0.003185093402862549,1,Parkinson's Disease (PD)
GaPt30,GaPt30_10.txt,Ga,1,0.9995177984237671,0.00048220157623291016,1,Parkinson's Disease (PD)
GaPt30,GaPt30_10.txt,Ga,1,0.9985785484313965,0.0014214515686035156,1,Parkinson's Disease (PD)
GaPt30,GaPt30_10.txt,Ga,1,0.9994184970855713,0.0005815029144287109,1,Parkinson's Disease (PD)
GaPt30,GaPt30_10.txt,Ga,1,0.9997712969779968,0.00022870302200317383,1,Parkinson's Disease (PD)
GaPt30,GaPt30_10.txt,Ga,1,0.9993563294410706,0.0006436705589294434,1,Parkinson's Disease (PD)
GaPt30,GaPt30_10.txt,Ga,1,0.9995986819267273,0.0004013180732727051,1,Parkinson's Disease (PD)
GaPt30,GaPt30_10.txt,Ga,1,0.9979169964790344,0.002083003520965576,1,Parkinson's Disease (PD)
GaPt30,GaPt30_10.txt,Ga,1,0.9985277652740479,0.0014722347259521484,1,Parkinson's Disease (PD)
GaPt30,GaPt30_10.txt,Ga,1,0.9996064305305481,0.0003935694694519043,1,Parkinson's Disease (PD)
GaPt30,GaPt30_10.txt,Ga,1,0.9988752007484436,0.0011247992515563965,1,Parkinson's Disease (PD)
GaPt30,GaPt30_10.txt,Ga,1,0.9853278994560242,0.01467210054397583,1,Parkinson's Disease (PD)
GaPt30,GaPt30_10.txt,Ga,1,0.9754835963249207,0.024516403675079346,1,Parkinson's Disease (PD)
GaPt30,GaPt30_10.txt,Ga,1,0.9997175335884094,0.00028246641159057617,1,Parkinson's Disease (PD)
GaPt30,GaPt30_10.txt,Ga,1,0.9996345043182373,0.0003654956817626953,1,Parkinson's Disease (PD)
GaPt30,GaPt30_10.txt,Ga,1,0.9996110796928406,0.00038892030715942383,1,Parkinson's Disease (PD)
GaPt30,GaPt30_10.txt,Ga,1,0.9997640252113342,0.00023597478866577148,1,Parkinson's Disease (PD)
GaPt30,GaPt30_10.txt,Ga,1,0.9990527033805847,0.0009472966194152832,1,Parkinson's Disease (PD)
GaPt30,GaPt30_10.txt,Ga,1,0.9996079802513123,0.00039201974868774414,1,Parkinson's Disease (PD)
GaPt30,GaPt30_10.txt,Ga,1,0.9997487664222717,0.0002512335777282715,1,Parkinson's Disease (PD)
GaPt30,GaPt30_10.txt,Ga,1,0.9995158910751343,0.00048410892486572266,1,Parkinson's Disease (PD)
GaPt30,GaPt30_10.txt,Ga,1,0.9993358254432678,0.0006641745567321777,1,Parkinson's Disease (PD)
GaPt30,GaPt30_10.txt,Ga,1,0.9990818500518799,0.0009181499481201172,1,Parkinson's Disease (PD)
GaPt30,GaPt30_10.txt,Ga,1,0.9996672868728638,0.00033271312713623047,1,Parkinson's Disease (PD)
GaPt30,GaPt30_10.txt,Ga,1,0.9986904263496399,0.0013095736503601074,1,Parkinson's Disease (PD)
GaPt30,GaPt30_10.txt,Ga,1,0.9992930889129639,0.0007069110870361328,1,Parkinson's Disease (PD)
GaPt30,GaPt30_10.txt,Ga,1,0.9997197985649109,0.00028020143508911133,1,Parkinson's Disease (PD)
GaPt30,GaPt30_10.txt,Ga,1,0.9994600415229797,0.0005399584770202637,1,Parkinson's Disease (PD)
GaPt30,GaPt30_10.txt,Ga,1,0.9987550973892212,0.0012449026107788086,1,Parkinson's Disease (PD)
GaPt30,GaPt30_10.txt,Ga,1,0.9988840222358704,0.0011159777641296387,1,Parkinson's Disease (PD)
GaPt30,GaPt30_10.txt,Ga,1,0.9038048982620239,0.09619510173797607,1,Parkinson's Disease (PD)
GaPt30,GaPt30_10.txt,Ga,1,0.9954439401626587,0.004556059837341309,1,Parkinson's Disease (PD)
GaPt30,GaPt30_10.txt,Ga,1,0.9995793700218201,0.00042062997817993164,1,Parkinson's Disease (PD)
GaPt30,GaPt30_10.txt,Ga,1,0.9998044371604919,0.00019556283950805664,1,Parkinson's Disease (PD)
GaPt30,GaPt30_10.txt,Ga,1,0.9991832375526428,0.0008167624473571777,1,Parkinson's Disease (PD)
GaPt30,GaPt30_10.txt,Ga,1,0.9995177984237671,0.00048220157623291016,1,Parkinson's Disease (PD)
GaPt30,GaPt30_10.txt,Ga,1,0.9995539784431458,0.00044602155685424805,1,Parkinson's Disease (PD)
GaPt30,GaPt30_10.txt,Ga,1,0.9992266893386841,0.000773310661315918,1,Parkinson's Disease (PD)
GaPt30,GaPt30_10.txt,Ga,1,0.9997765421867371,0.00022345781326293945,1,Parkinson's Disease (PD)
GaPt30,GaPt30_10.txt,Ga,1,0.9989392161369324,0.001060783863067627,1,Parkinson's Disease (PD)
GaPt30,GaPt30_10.txt,Ga,1,0.9984207153320312,0.00157928466796875,1,Parkinson's Disease (PD)
GaPt33,GaPt33_01.txt,Ga,1,0.9999481439590454,5.1856040954589844e-05,1,Parkinson's Disease (PD)
GaPt33,GaPt33_01.txt,Ga,1,0.999944806098938,5.519390106201172e-05,1,Parkinson's Disease (PD)
GaPt33,GaPt33_01.txt,Ga,1,0.9999538660049438,4.6133995056152344e-05,1,Parkinson's Disease (PD)
GaPt33,GaPt33_01.txt,Ga,1,0.9999527931213379,4.7206878662109375e-05,1,Parkinson's Disease (PD)
GaPt33,GaPt33_01.txt,Ga,1,0.9999649524688721,3.504753112792969e-05,1,Parkinson's Disease (PD)
GaPt33,GaPt33_01.txt,Ga,1,0.9999682903289795,3.170967102050781e-05,1,Parkinson's Disease (PD)
GaPt33,GaPt33_01.txt,Ga,1,0.999971866607666,2.8133392333984375e-05,1,Parkinson's Disease (PD)
GaPt33,GaPt33_01.txt,Ga,1,0.9999719858169556,2.8014183044433594e-05,1,Parkinson's Disease (PD)
GaPt33,GaPt33_01.txt,Ga,1,0.9999743700027466,2.562999725341797e-05,1,Parkinson's Disease (PD)
GaPt33,GaPt33_01.txt,Ga,1,0.9999637603759766,3.62396240234375e-05,1,Parkinson's Disease (PD)
GaPt33,GaPt33_01.txt,Ga,1,0.9999629259109497,3.707408905029297e-05,1,Parkinson's Disease (PD)
GaPt33,GaPt33_01.txt,Ga,1,0.9999524354934692,4.756450653076172e-05,1,Parkinson's Disease (PD)
GaPt33,GaPt33_01.txt,Ga,1,0.9999520778656006,4.792213439941406e-05,1,Parkinson's Disease (PD)
GaPt33,GaPt33_01.txt,Ga,1,0.9999687671661377,3.123283386230469e-05,1,Parkinson's Disease (PD)
GaPt33,GaPt33_01.txt,Ga,1,0.9999732971191406,2.6702880859375e-05,1,Parkinson's Disease (PD)
GaPt33,GaPt33_01.txt,Ga,1,0.9999732971191406,2.6702880859375e-05,1,Parkinson's Disease (PD)
GaPt33,GaPt33_01.txt,Ga,1,0.9999730587005615,2.6941299438476562e-05,1,Parkinson's Disease (PD)
GaPt33,GaPt33_01.txt,Ga,1,0.9999678134918213,3.218650817871094e-05,1,Parkinson's Disease (PD)
GaPt33,GaPt33_01.txt,Ga,1,0.9999620914459229,3.790855407714844e-05,1,Parkinson's Disease (PD)
GaPt33,GaPt33_01.txt,Ga,1,0.999967098236084,3.2901763916015625e-05,1,Parkinson's Disease (PD)
GaPt33,GaPt33_01.txt,Ga,1,0.9999741315841675,2.586841583251953e-05,1,Parkinson's Disease (PD)
GaPt33,GaPt33_01.txt,Ga,1,0.9999737739562988,2.6226043701171875e-05,1,Parkinson's Disease (PD)
GaPt33,GaPt33_01.txt,Ga,1,0.9999747276306152,2.5272369384765625e-05,1,Parkinson's Disease (PD)
GaPt33,GaPt33_01.txt,Ga,1,0.9999706745147705,2.9325485229492188e-05,1,Parkinson's Disease (PD)
GaPt33,GaPt33_01.txt,Ga,1,0.9999724626541138,2.753734588623047e-05,1,Parkinson's Disease (PD)
GaPt33,GaPt33_01.txt,Ga,1,0.999971866607666,2.8133392333984375e-05,1,Parkinson's Disease (PD)
GaPt33,GaPt33_01.txt,Ga,1,0.9999724626541138,2.753734588623047e-05,1,Parkinson's Disease (PD)
GaPt33,GaPt33_01.txt,Ga,1,0.999972939491272,2.7060508728027344e-05,1,Parkinson's Disease (PD)
GaPt33,GaPt33_01.txt,Ga,1,0.9999724626541138,2.753734588623047e-05,1,Parkinson's Disease (PD)
GaPt33,GaPt33_01.txt,Ga,1,0.9999767541885376,2.3245811462402344e-05,1,Parkinson's Disease (PD)
GaPt33,GaPt33_01.txt,Ga,1,0.9999741315841675,2.586841583251953e-05,1,Parkinson's Disease (PD)
GaPt33,GaPt33_01.txt,Ga,1,0.999976396560669,2.3603439331054688e-05,1,Parkinson's Disease (PD)
GaPt33,GaPt33_01.txt,Ga,1,0.999976634979248,2.3365020751953125e-05,1,Parkinson's Disease (PD)
GaPt33,GaPt33_01.txt,Ga,1,0.9999744892120361,2.5510787963867188e-05,1,Parkinson's Disease (PD)
GaPt33,GaPt33_01.txt,Ga,1,0.9999735355377197,2.6464462280273438e-05,1,Parkinson's Disease (PD)
GaPt33,GaPt33_01.txt,Ga,1,0.9999641180038452,3.5881996154785156e-05,1,Parkinson's Disease (PD)
GaPt33,GaPt33_01.txt,Ga,1,0.9999567270278931,4.3272972106933594e-05,1,Parkinson's Disease (PD)
GaPt33,GaPt33_01.txt,Ga,1,0.9999651908874512,3.4809112548828125e-05,1,Parkinson's Disease (PD)
GaPt33,GaPt33_01.txt,Ga,1,0.9999804496765137,1.9550323486328125e-05,1,Parkinson's Disease (PD)
GaPt33,GaPt33_01.txt,Ga,1,0.9999792575836182,2.0742416381835938e-05,1,Parkinson's Disease (PD)
GaPt33,GaPt33_01.txt,Ga,1,0.9999778270721436,2.2172927856445312e-05,1,Parkinson's Disease (PD)
GaPt33,GaPt33_01.txt,Ga,1,0.9999762773513794,2.372264862060547e-05,1,Parkinson's Disease (PD)
GaPt33,GaPt33_01.txt,Ga,1,0.9999762773513794,2.372264862060547e-05,1,Parkinson's Disease (PD)
GaPt33,GaPt33_01.txt,Ga,1,0.999976634979248,2.3365020751953125e-05,1,Parkinson's Disease (PD)
GaPt33,GaPt33_01.txt,Ga,1,0.99997878074646,2.1219253540039062e-05,1,Parkinson's Disease (PD)
GaPt33,GaPt33_01.txt,Ga,1,0.9999803304672241,1.9669532775878906e-05,1,Parkinson's Disease (PD)
GaPt33,GaPt33_01.txt,Ga,1,0.9999773502349854,2.2649765014648438e-05,1,Parkinson's Disease (PD)
GaPt33,GaPt33_01.txt,Ga,1,0.9999682903289795,3.170967102050781e-05,1,Parkinson's Disease (PD)
GaPt33,GaPt33_02.txt,Ga,1,0.9999469518661499,5.3048133850097656e-05,1,Parkinson's Disease (PD)
GaPt33,GaPt33_02.txt,Ga,1,0.9999760389328003,2.396106719970703e-05,1,Parkinson's Disease (PD)
GaPt33,GaPt33_02.txt,Ga,1,0.9999780654907227,2.193450927734375e-05,1,Parkinson's Disease (PD)
GaPt33,GaPt33_02.txt,Ga,1,0.9999827146530151,1.728534698486328e-05,1,Parkinson's Disease (PD)
GaPt33,GaPt33_02.txt,Ga,1,0.9999855756759644,1.4424324035644531e-05,1,Parkinson's Disease (PD)
GaPt33,GaPt33_02.txt,Ga,1,0.9999856948852539,1.430511474609375e-05,1,Parkinson's Disease (PD)
GaPt33,GaPt33_02.txt,Ga,1,0.9999879598617554,1.2040138244628906e-05,1,Parkinson's Disease (PD)
GaPt33,GaPt33_02.txt,Ga,1,0.9999810457229614,1.895427703857422e-05,1,Parkinson's Disease (PD)
GaPt33,GaPt33_02.txt,Ga,1,0.9999778270721436,2.2172927856445312e-05,1,Parkinson's Disease (PD)
GaPt33,GaPt33_02.txt,Ga,1,0.999966025352478,3.3974647521972656e-05,1,Parkinson's Disease (PD)
GaPt33,GaPt33_02.txt,Ga,1,0.9999563694000244,4.363059997558594e-05,1,Parkinson's Disease (PD)
GaPt33,GaPt33_02.txt,Ga,1,0.9999788999557495,2.110004425048828e-05,1,Parkinson's Disease (PD)
GaPt33,GaPt33_02.txt,Ga,1,0.9999762773513794,2.372264862060547e-05,1,Parkinson's Disease (PD)
GaPt33,GaPt33_02.txt,Ga,1,0.9999817609786987,1.823902130126953e-05,1,Parkinson's Disease (PD)
GaPt33,GaPt33_02.txt,Ga,1,0.9999866485595703,1.33514404296875e-05,1,Parkinson's Disease (PD)
GaPt33,GaPt33_02.txt,Ga,1,0.9999874830245972,1.2516975402832031e-05,1,Parkinson's Disease (PD)
GaPt33,GaPt33_02.txt,Ga,1,0.9999867677688599,1.3232231140136719e-05,1,Parkinson's Disease (PD)
GaPt33,GaPt33_02.txt,Ga,1,0.9999767541885376,2.3245811462402344e-05,1,Parkinson's Disease (PD)
GaPt33,GaPt33_02.txt,Ga,1,0.999972939491272,2.7060508728027344e-05,1,Parkinson's Disease (PD)
GaPt33,GaPt33_02.txt,Ga,1,0.9999785423278809,2.1457672119140625e-05,1,Parkinson's Disease (PD)
GaPt33,GaPt33_02.txt,Ga,1,0.999976634979248,2.3365020751953125e-05,1,Parkinson's Disease (PD)
GaPt33,GaPt33_02.txt,Ga,1,0.9999434947967529,5.650520324707031e-05,1,Parkinson's Disease (PD)
GaPt33,GaPt33_02.txt,Ga,1,0.9999505281448364,4.947185516357422e-05,1,Parkinson's Disease (PD)
GaPt33,GaPt33_02.txt,Ga,1,0.9999803304672241,1.9669532775878906e-05,1,Parkinson's Disease (PD)
GaPt33,GaPt33_02.txt,Ga,1,0.9999905824661255,9.417533874511719e-06,1,Parkinson's Disease (PD)
GaPt33,GaPt33_02.txt,Ga,1,0.9999877214431763,1.2278556823730469e-05,1,Parkinson's Disease (PD)
GaPt33,GaPt33_02.txt,Ga,1,0.9999841451644897,1.5854835510253906e-05,1,Parkinson's Disease (PD)
GaPt33,GaPt33_02.txt,Ga,1,0.9999814033508301,1.8596649169921875e-05,1,Parkinson's Disease (PD)
GaPt33,GaPt33_02.txt,Ga,1,0.9999772310256958,2.276897430419922e-05,1,Parkinson's Disease (PD)
GaPt33,GaPt33_02.txt,Ga,1,0.9999785423278809,2.1457672119140625e-05,1,Parkinson's Disease (PD)
GaPt33,GaPt33_02.txt,Ga,1,0.999981164932251,1.8835067749023438e-05,1,Parkinson's Disease (PD)
GaPt33,GaPt33_02.txt,Ga,1,0.9999809265136719,1.9073486328125e-05,1,Parkinson's Disease (PD)
GaPt33,GaPt33_02.txt,Ga,1,0.9999780654907227,2.193450927734375e-05,1,Parkinson's Disease (PD)
GaPt33,GaPt33_02.txt,Ga,1,0.9999302625656128,6.973743438720703e-05,1,Parkinson's Disease (PD)
GaPt33,GaPt33_02.txt,Ga,1,0.9999464750289917,5.352497100830078e-05,1,Parkinson's Disease (PD)
GaPt33,GaPt33_02.txt,Ga,1,0.9999774694442749,2.2530555725097656e-05,1,Parkinson's Disease (PD)
GaPt33,GaPt33_02.txt,Ga,1,0.9999756813049316,2.4318695068359375e-05,1,Parkinson's Disease (PD)
GaPt33,GaPt33_02.txt,Ga,1,0.9999711513519287,2.8848648071289062e-05,1,Parkinson's Disease (PD)
GaPt33,GaPt33_02.txt,Ga,1,0.9999756813049316,2.4318695068359375e-05,1,Parkinson's Disease (PD)
GaPt33,GaPt33_02.txt,Ga,1,0.9999769926071167,2.300739288330078e-05,1,Parkinson's Disease (PD)
GaPt33,GaPt33_02.txt,Ga,1,0.9999790191650391,2.09808349609375e-05,1,Parkinson's Disease (PD)
GaPt33,GaPt33_02.txt,Ga,1,0.999981164932251,1.8835067749023438e-05,1,Parkinson's Disease (PD)
GaPt33,GaPt33_02.txt,Ga,1,0.9999836683273315,1.633167266845703e-05,1,Parkinson's Disease (PD)
GaPt33,GaPt33_02.txt,Ga,1,0.9999850988388062,1.4901161193847656e-05,1,Parkinson's Disease (PD)
GaPt33,GaPt33_02.txt,Ga,1,0.9999790191650391,2.09808349609375e-05,1,Parkinson's Disease (PD)
GaPt33,GaPt33_02.txt,Ga,1,0.999962329864502,3.7670135498046875e-05,1,Parkinson's Disease (PD)
GaPt33,GaPt33_02.txt,Ga,1,0.9999374151229858,6.258487701416016e-05,1,Parkinson's Disease (PD)
GaPt33,GaPt33_02.txt,Ga,1,0.9999576807022095,4.2319297790527344e-05,1,Parkinson's Disease (PD)
GaPt33,GaPt33_10.txt,Ga,1,0.9999699592590332,3.0040740966796875e-05,1,Parkinson's Disease (PD)
GaPt33,GaPt33_10.txt,Ga,1,0.999967098236084,3.2901763916015625e-05,1,Parkinson's Disease (PD)
GaPt33,GaPt33_10.txt,Ga,1,0.9999744892120361,2.5510787963867188e-05,1,Parkinson's Disease (PD)
GaPt33,GaPt33_10.txt,Ga,1,0.9999849796295166,1.5020370483398438e-05,1,Parkinson's Disease (PD)
GaPt33,GaPt33_10.txt,Ga,1,0.9999762773513794,2.372264862060547e-05,1,Parkinson's Disease (PD)
GaPt33,GaPt33_10.txt,Ga,1,0.9999760389328003,2.396106719970703e-05,1,Parkinson's Disease (PD)
GaPt33,GaPt33_10.txt,Ga,1,0.9999680519104004,3.1948089599609375e-05,1,Parkinson's Disease (PD)
GaPt33,GaPt33_10.txt,Ga,1,0.9999793767929077,2.0623207092285156e-05,1,Parkinson's Disease (PD)
GaPt33,GaPt33_10.txt,Ga,1,0.9999874830245972,1.2516975402832031e-05,1,Parkinson's Disease (PD)
GaPt33,GaPt33_10.txt,Ga,1,0.9999873638153076,1.2636184692382812e-05,1,Parkinson's Disease (PD)
GaPt33,GaPt33_10.txt,Ga,1,0.9999485015869141,5.14984130859375e-05,1,Parkinson's Disease (PD)
GaPt33,GaPt33_10.txt,Ga,1,0.9999560117721558,4.398822784423828e-05,1,Parkinson's Disease (PD)
GaPt33,GaPt33_10.txt,Ga,1,0.999981164932251,1.8835067749023438e-05,1,Parkinson's Disease (PD)
GaPt33,GaPt33_10.txt,Ga,1,0.9999802112579346,1.9788742065429688e-05,1,Parkinson's Disease (PD)
GaPt33,GaPt33_10.txt,Ga,1,0.99997878074646,2.1219253540039062e-05,1,Parkinson's Disease (PD)
GaPt33,GaPt33_10.txt,Ga,1,0.999977707862854,2.2292137145996094e-05,1,Parkinson's Disease (PD)
GaPt33,GaPt33_10.txt,Ga,1,0.9999810457229614,1.895427703857422e-05,1,Parkinson's Disease (PD)
GaPt33,GaPt33_10.txt,Ga,1,0.9999833106994629,1.6689300537109375e-05,1,Parkinson's Disease (PD)
GaPt33,GaPt33_10.txt,Ga,1,0.999977707862854,2.2292137145996094e-05,1,Parkinson's Disease (PD)
GaPt33,GaPt33_10.txt,Ga,1,0.9999808073043823,1.919269561767578e-05,1,Parkinson's Disease (PD)
GaPt33,GaPt33_10.txt,Ga,1,0.9999759197235107,2.4080276489257812e-05,1,Parkinson's Disease (PD)
GaPt33,GaPt33_10.txt,Ga,1,0.9999747276306152,2.5272369384765625e-05,1,Parkinson's Disease (PD)
GaPt33,GaPt33_10.txt,Ga,1,0.9999611377716064,3.886222839355469e-05,1,Parkinson's Disease (PD)
GaPt33,GaPt33_10.txt,Ga,1,0.9999611377716064,3.886222839355469e-05,1,Parkinson's Disease (PD)
GaPt33,GaPt33_10.txt,Ga,1,0.9999822378158569,1.7762184143066406e-05,1,Parkinson's Disease (PD)
GaPt33,GaPt33_10.txt,Ga,1,0.9999817609786987,1.823902130126953e-05,1,Parkinson's Disease (PD)
GaPt33,GaPt33_10.txt,Ga,1,0.9999831914901733,1.6808509826660156e-05,1,Parkinson's Disease (PD)
GaPt33,GaPt33_10.txt,Ga,1,0.9999810457229614,1.895427703857422e-05,1,Parkinson's Disease (PD)
GaPt33,GaPt33_10.txt,Ga,1,0.9999797344207764,2.0265579223632812e-05,1,Parkinson's Disease (PD)
GaPt33,GaPt33_10.txt,Ga,1,0.999982476234436,1.7523765563964844e-05,1,Parkinson's Disease (PD)
GaPt33,GaPt33_10.txt,Ga,1,0.9999790191650391,2.09808349609375e-05,1,Parkinson's Disease (PD)
GaPt33,GaPt33_10.txt,Ga,1,0.9999773502349854,2.2649765014648438e-05,1,Parkinson's Disease (PD)
GaPt33,GaPt33_10.txt,Ga,1,0.9999808073043823,1.919269561767578e-05,1,Parkinson's Disease (PD)
GaPt33,GaPt33_10.txt,Ga,1,0.999987006187439,1.2993812561035156e-05,1,Parkinson's Disease (PD)
GaPt33,GaPt33_10.txt,Ga,1,0.9999840259552002,1.5974044799804688e-05,1,Parkinson's Disease (PD)
GaPt33,GaPt33_10.txt,Ga,1,0.9999722242355347,2.777576446533203e-05,1,Parkinson's Disease (PD)
GaPt33,GaPt33_10.txt,Ga,1,0.9999798536300659,2.014636993408203e-05,1,Parkinson's Disease (PD)
GaPt33,GaPt33_10.txt,Ga,1,0.999987006187439,1.2993812561035156e-05,1,Parkinson's Disease (PD)
GaPt33,GaPt33_10.txt,Ga,1,0.9999815225601196,1.8477439880371094e-05,1,Parkinson's Disease (PD)
GaPt33,GaPt33_10.txt,Ga,1,0.9999830722808838,1.6927719116210938e-05,1,Parkinson's Disease (PD)
GaPt33,GaPt33_10.txt,Ga,1,0.9999840259552002,1.5974044799804688e-05,1,Parkinson's Disease (PD)
GaPt33,GaPt33_10.txt,Ga,1,0.9999821186065674,1.7881393432617188e-05,1,Parkinson's Disease (PD)
GaPt33,GaPt33_10.txt,Ga,1,0.999976396560669,2.3603439331054688e-05,1,Parkinson's Disease (PD)
GaPt33,GaPt33_10.txt,Ga,1,0.9999821186065674,1.7881393432617188e-05,1,Parkinson's Disease (PD)
GaPt33,GaPt33_10.txt,Ga,1,0.9999876022338867,1.239776611328125e-05,1,Parkinson's Disease (PD)
GaPt33,GaPt33_10.txt,Ga,1,0.9999825954437256,1.7404556274414062e-05,1,Parkinson's Disease (PD)
GaPt33,GaPt33_10.txt,Ga,1,0.9999856948852539,1.430511474609375e-05,1,Parkinson's Disease (PD)
GaPt33,GaPt33_10.txt,Ga,1,0.9999854564666748,1.4543533325195312e-05,1,Parkinson's Disease (PD)
JuCo03,JuCo03_01.txt,Ju,0,0.9997305274009705,0.000269472599029541,1,Parkinson's Disease (PD)
JuCo03,JuCo03_01.txt,Ju,0,0.9999430179595947,5.698204040527344e-05,1,Parkinson's Disease (PD)
JuCo03,JuCo03_01.txt,Ju,0,0.9999505281448364,4.947185516357422e-05,1,Parkinson's Disease (PD)
JuCo03,JuCo03_01.txt,Ju,0,0.9999251365661621,7.486343383789062e-05,1,Parkinson's Disease (PD)
JuCo03,JuCo03_01.txt,Ju,0,0.9999505281448364,4.947185516357422e-05,1,Parkinson's Disease (PD)
JuCo03,JuCo03_01.txt,Ju,0,0.9999641180038452,3.5881996154785156e-05,1,Parkinson's Disease (PD)
JuCo03,JuCo03_01.txt,Ju,0,0.9999274015426636,7.259845733642578e-05,1,Parkinson's Disease (PD)
JuCo03,JuCo03_01.txt,Ju,0,0.9999046325683594,9.5367431640625e-05,1,Parkinson's Disease (PD)
JuCo03,JuCo03_01.txt,Ju,0,0.9999030828475952,9.691715240478516e-05,1,Parkinson's Disease (PD)
JuCo03,JuCo03_01.txt,Ju,0,0.9998944997787476,0.0001055002212524414,1,Parkinson's Disease (PD)
JuCo03,JuCo03_01.txt,Ju,0,0.9999215602874756,7.843971252441406e-05,1,Parkinson's Disease (PD)
JuCo03,JuCo03_01.txt,Ju,0,0.999962329864502,3.7670135498046875e-05,1,Parkinson's Disease (PD)
JuCo03,JuCo03_01.txt,Ju,0,0.9999701976776123,2.9802322387695312e-05,1,Parkinson's Disease (PD)
JuCo03,JuCo03_01.txt,Ju,0,0.9999527931213379,4.7206878662109375e-05,1,Parkinson's Disease (PD)
JuCo03,JuCo03_01.txt,Ju,0,0.9999001026153564,9.989738464355469e-05,1,Parkinson's Disease (PD)
JuCo03,JuCo03_01.txt,Ju,0,0.9999001026153564,9.989738464355469e-05,1,Parkinson's Disease (PD)
JuCo04,JuCo04_01.txt,Ju,0,8.013499609660357e-06,0.9999920129776001,0,Healthy Control (HC)
JuCo04,JuCo04_01.txt,Ju,0,1.003014176603756e-06,0.9999989867210388,0,Healthy Control (HC)
JuCo04,JuCo04_01.txt,Ju,0,2.902311962316162e-06,0.999997079372406,0,Healthy Control (HC)
JuCo04,JuCo04_01.txt,Ju,0,2.566613329690881e-05,0.9999743103981018,0,Healthy Control (HC)
JuCo04,JuCo04_01.txt,Ju,0,2.2252811504586134e-06,0.9999977946281433,0,Healthy Control (HC)
JuCo04,JuCo04_01.txt,Ju,0,3.6403121157491114e-06,0.9999963641166687,0,Healthy Control (HC)
JuCo04,JuCo04_01.txt,Ju,0,0.0001740054285619408,0.9998260140419006,0,Healthy Control (HC)
JuCo04,JuCo04_01.txt,Ju,0,0.006338921841233969,0.993661105632782,0,Healthy Control (HC)
JuCo04,JuCo04_01.txt,Ju,0,0.15102779865264893,0.8489722013473511,0,Healthy Control (HC)
JuCo04,JuCo04_01.txt,Ju,0,0.007149102166295052,0.9928508996963501,0,Healthy Control (HC)
JuCo04,JuCo04_01.txt,Ju,0,1.6314539607265033e-05,0.9999836683273315,0,Healthy Control (HC)
JuCo04,JuCo04_01.txt,Ju,0,2.156816663045902e-06,0.9999978542327881,0,Healthy Control (HC)
JuCo04,JuCo04_01.txt,Ju,0,3.998099145974265e-06,0.9999960064888,0,Healthy Control (HC)
JuCo04,JuCo04_01.txt,Ju,0,1.373825580230914e-05,0.9999862909317017,0,Healthy Control (HC)
JuCo04,JuCo04_01.txt,Ju,0,1.9638043795566773e-06,0.9999980330467224,0,Healthy Control (HC)
JuCo04,JuCo04_01.txt,Ju,0,4.460199761524564e-06,0.9999955296516418,0,Healthy Control (HC)
JuCo04,JuCo04_01.txt,Ju,0,2.8573158488143235e-06,0.9999971389770508,0,Healthy Control (HC)
JuCo04,JuCo04_01.txt,Ju,0,3.7558677377091954e-06,0.9999962449073792,0,Healthy Control (HC)
JuCo04,JuCo04_01.txt,Ju,0,9.535461140330881e-05,0.9999046325683594,0,Healthy Control (HC)
JuCo04,JuCo04_01.txt,Ju,0,0.00034599160426296294,0.9996539950370789,0,Healthy Control (HC)
JuCo04,JuCo04_01.txt,Ju,0,1.0209440006292425e-05,0.9999898076057434,0,Healthy Control (HC)
JuCo04,JuCo04_01.txt,Ju,0,4.15736440118053e-06,0.9999958276748657,0,Healthy Control (HC)
JuCo04,JuCo04_01.txt,Ju,0,2.521573378544417e-06,0.9999974966049194,0,Healthy Control (HC)
JuCo04,JuCo04_01.txt,Ju,0,1.8592928654470597e-06,0.999998152256012,0,Healthy Control (HC)
JuCo04,JuCo04_01.txt,Ju,0,4.460199761524564e-06,0.9999955296516418,0,Healthy Control (HC)
JuCo04,JuCo04_01.txt,Ju,0,1.979206672331202e-06,0.9999980330467224,0,Healthy Control (HC)
JuCo04,JuCo04_01.txt,Ju,0,4.0694576455280185e-05,0.9999592900276184,0,Healthy Control (HC)
JuCo04,JuCo04_01.txt,Ju,0,0.00010071400902234018,0.9998992681503296,0,Healthy Control (HC)
JuCo04,JuCo04_01.txt,Ju,0,8.80110019352287e-06,0.9999911785125732,0,Healthy Control (HC)
JuCo04,JuCo04_01.txt,Ju,0,2.156816663045902e-06,0.9999978542327881,0,Healthy Control (HC)
JuCo04,JuCo04_01.txt,Ju,0,1.7195649206769303e-06,0.9999982714653015,0,Healthy Control (HC)
JuCo04,JuCo04_01.txt,Ju,0,2.835080067598028e-06,0.9999971389770508,0,Healthy Control (HC)
JuCo04,JuCo04_01.txt,Ju,0,3.8449352359748445e-06,0.9999961256980896,0,Healthy Control (HC)
JuCo04,JuCo04_01.txt,Ju,0,7.469407137250528e-06,0.9999925494194031,0,Healthy Control (HC)
JuCo04,JuCo04_01.txt,Ju,0,1.5903377743597957e-06,0.9999983906745911,0,Healthy Control (HC)
JuCo04,JuCo04_01.txt,Ju,0,1.892514956125524e-05,0.9999810457229614,0,Healthy Control (HC)
JuCo06,JuCo06_01.txt,Ju,0,0.9956176280975342,0.00438237190246582,1,Parkinson's Disease (PD)
JuCo06,JuCo06_01.txt,Ju,0,0.665410578250885,0.334589421749115,1,Parkinson's Disease (PD)
JuCo06,JuCo06_01.txt,Ju,0,0.9087799787521362,0.09122002124786377,1,Parkinson's Disease (PD)
JuCo06,JuCo06_01.txt,Ju,0,0.7489036321640015,0.25109636783599854,1,Parkinson's Disease (PD)
JuCo06,JuCo06_01.txt,Ju,0,0.47764554619789124,0.5223544836044312,0,Healthy Control (HC)
JuCo06,JuCo06_01.txt,Ju,0,0.29229217767715454,0.7077078223228455,0,Healthy Control (HC)
JuCo06,JuCo06_01.txt,Ju,0,0.11696558445692062,0.8830344080924988,0,Healthy Control (HC)
JuCo06,JuCo06_01.txt,Ju,0,0.02701478824019432,0.9729852080345154,0,Healthy Control (HC)
JuCo06,JuCo06_01.txt,Ju,0,0.012771867215633392,0.9872281551361084,0,Healthy Control (HC)
JuCo06,JuCo06_01.txt,Ju,0,0.046378202736377716,0.9536218047142029,0,Healthy Control (HC)
JuCo06,JuCo06_01.txt,Ju,0,0.9696707129478455,0.03032928705215454,1,Parkinson's Disease (PD)
JuCo06,JuCo06_01.txt,Ju,0,0.9650533199310303,0.03494668006896973,1,Parkinson's Disease (PD)
JuCo06,JuCo06_01.txt,Ju,0,0.034293949604034424,0.9657060503959656,0,Healthy Control (HC)
JuCo06,JuCo06_01.txt,Ju,0,0.012722708284854889,0.9872772693634033,0,Healthy Control (HC)
JuCo06,JuCo06_01.txt,Ju,0,0.0918697863817215,0.9081302285194397,0,Healthy Control (HC)
JuCo06,JuCo06_01.txt,Ju,0,0.22919000685214996,0.7708100080490112,0,Healthy Control (HC)
JuCo06,JuCo06_01.txt,Ju,0,0.021739594638347626,0.9782603979110718,0,Healthy Control (HC)
JuCo06,JuCo06_01.txt,Ju,0,0.04501553252339363,0.9549844861030579,0,Healthy Control (HC)
JuCo06,JuCo06_01.txt,Ju,0,0.006241259165108204,0.9937587380409241,0,Healthy Control (HC)
JuCo06,JuCo06_01.txt,Ju,0,0.0333368256688118,0.9666631817817688,0,Healthy Control (HC)
JuCo06,JuCo06_01.txt,Ju,0,0.24256430566310883,0.75743567943573,0,Healthy Control (HC)
JuCo06,JuCo06_01.txt,Ju,0,0.17469169199466705,0.8253083229064941,0,Healthy Control (HC)
JuCo06,JuCo06_01.txt,Ju,0,0.7424216866493225,0.2575783133506775,1,Parkinson's Disease (PD)
JuCo06,JuCo06_01.txt,Ju,0,0.16708272695541382,0.8329172730445862,0,Healthy Control (HC)
JuCo06,JuCo06_01.txt,Ju,0,0.004681822378188372,0.9953181743621826,0,Healthy Control (HC)
JuCo06,JuCo06_01.txt,Ju,0,0.01750955730676651,0.9824904203414917,0,Healthy Control (HC)
JuCo06,JuCo06_01.txt,Ju,0,0.00570803415030241,0.9942919611930847,0,Healthy Control (HC)
JuCo06,JuCo06_01.txt,Ju,0,0.0014158706180751324,0.9985841512680054,0,Healthy Control (HC)
JuCo06,JuCo06_01.txt,Ju,0,0.00043904531048610806,0.9995609521865845,0,Healthy Control (HC)
JuCo06,JuCo06_01.txt,Ju,0,0.014392335899174213,0.9856076836585999,0,Healthy Control (HC)
JuCo06,JuCo06_01.txt,Ju,0,0.01358439214527607,0.9864156246185303,0,Healthy Control (HC)
JuCo06,JuCo06_01.txt,Ju,0,0.0008295892039313912,0.9991704225540161,0,Healthy Control (HC)
JuCo06,JuCo06_01.txt,Ju,0,0.0001713081874186173,0.9998286962509155,0,Healthy Control (HC)
JuCo06,JuCo06_01.txt,Ju,0,0.28547152876853943,0.7145284414291382,0,Healthy Control (HC)
JuCo06,JuCo06_01.txt,Ju,0,0.7050747871398926,0.2949252128601074,1,Parkinson's Disease (PD)
JuCo06,JuCo06_01.txt,Ju,0,0.001004416379146278,0.9989956021308899,0,Healthy Control (HC)
JuCo06,JuCo06_01.txt,Ju,0,0.0004784255870617926,0.9995215535163879,0,Healthy Control (HC)
JuCo06,JuCo06_01.txt,Ju,0,0.000458312890259549,0.999541699886322,0,Healthy Control (HC)
JuCo06,JuCo06_01.txt,Ju,0,0.0004124558763578534,0.9995875358581543,0,Healthy Control (HC)
JuCo06,JuCo06_01.txt,Ju,0,0.0005953406798653305,0.9994046688079834,0,Healthy Control (HC)
JuCo06,JuCo06_01.txt,Ju,0,0.001094452221877873,0.9989055395126343,0,Healthy Control (HC)
JuCo06,JuCo06_01.txt,Ju,0,0.0017821963410824537,0.9982178211212158,0,Healthy Control (HC)
JuCo06,JuCo06_01.txt,Ju,0,0.0004747042548842728,0.9995253086090088,0,Healthy Control (HC)
JuCo06,JuCo06_01.txt,Ju,0,0.00041894835885614157,0.9995810389518738,0,Healthy Control (HC)
JuCo06,JuCo06_01.txt,Ju,0,0.008916126564145088,0.9910838603973389,0,Healthy Control (HC)
JuCo06,JuCo06_01.txt,Ju,0,0.002182716503739357,0.9978172779083252,0,Healthy Control (HC)
JuPt12,JuPt12_01.txt,Ju,1,0.9989995360374451,0.0010004639625549316,1,Parkinson's Disease (PD)
JuPt12,JuPt12_01.txt,Ju,1,0.989591658115387,0.010408341884613037,1,Parkinson's Disease (PD)
JuPt12,JuPt12_01.txt,Ju,1,0.9942920207977295,0.005707979202270508,1,Parkinson's Disease (PD)
JuPt12,JuPt12_01.txt,Ju,1,0.9990072846412659,0.0009927153587341309,1,Parkinson's Disease (PD)
JuPt12,JuPt12_01.txt,Ju,1,0.9992819428443909,0.0007180571556091309,1,Parkinson's Disease (PD)
JuPt12,JuPt12_01.txt,Ju,1,0.9994138479232788,0.0005861520767211914,1,Parkinson's Disease (PD)
JuPt12,JuPt12_01.txt,Ju,1,0.9972637891769409,0.002736210823059082,1,Parkinson's Disease (PD)
JuPt12,JuPt12_01.txt,Ju,1,0.9848692417144775,0.015130758285522461,1,Parkinson's Disease (PD)
JuPt12,JuPt12_01.txt,Ju,1,0.9931760430335999,0.0068239569664001465,1,Parkinson's Disease (PD)
JuPt12,JuPt12_01.txt,Ju,1,0.9960545301437378,0.003945469856262207,1,Parkinson's Disease (PD)
JuPt12,JuPt12_01.txt,Ju,1,0.998816728591919,0.0011832714080810547,1,Parkinson's Disease (PD)
JuPt12,JuPt12_01.txt,Ju,1,0.9959771037101746,0.0040228962898254395,1,Parkinson's Disease (PD)
JuPt12,JuPt12_01.txt,Ju,1,0.9992792010307312,0.0007207989692687988,1,Parkinson's Disease (PD)
JuPt12,JuPt12_01.txt,Ju,1,0.9988395571708679,0.00116044282913208,1,Parkinson's Disease (PD)
JuPt12,JuPt12_01.txt,Ju,1,0.9997063279151917,0.0002936720848083496,1,Parkinson's Disease (PD)
JuPt12,JuPt12_01.txt,Ju,1,0.9998859167098999,0.00011408329010009766,1,Parkinson's Disease (PD)
JuPt12,JuPt12_01.txt,Ju,1,0.9999538660049438,4.6133995056152344e-05,1,Parkinson's Disease (PD)
JuPt12,JuPt12_01.txt,Ju,1,0.9997346997261047,0.00026530027389526367,1,Parkinson's Disease (PD)
JuPt12,JuPt12_01.txt,Ju,1,0.998504638671875,0.001495361328125,1,Parkinson's Disease (PD)
JuPt12,JuPt12_01.txt,Ju,1,0.9983059167861938,0.0016940832138061523,1,Parkinson's Disease (PD)
JuPt12,JuPt12_01.txt,Ju,1,0.9997817873954773,0.00021821260452270508,1,Parkinson's Disease (PD)
JuPt12,JuPt12_01.txt,Ju,1,0.9989995360374451,0.0010004639625549316,1,Parkinson's Disease (PD)
JuPt12,JuPt12_01.txt,Ju,1,0.9988530874252319,0.0011469125747680664,1,Parkinson's Disease (PD)
JuPt12,JuPt12_01.txt,Ju,1,0.9997407793998718,0.00025922060012817383,1,Parkinson's Disease (PD)
JuPt12,JuPt12_01.txt,Ju,1,0.9998488426208496,0.00015115737915039062,1,Parkinson's Disease (PD)
JuPt12,JuPt12_01.txt,Ju,1,0.999779999256134,0.0002200007438659668,1,Parkinson's Disease (PD)
JuPt12,JuPt12_01.txt,Ju,1,0.9996898174285889,0.0003101825714111328,1,Parkinson's Disease (PD)
JuPt12,JuPt12_01.txt,Ju,1,0.9996750354766846,0.0003249645233154297,1,Parkinson's Disease (PD)
JuPt12,JuPt12_01.txt,Ju,1,0.9998133778572083,0.00018662214279174805,1,Parkinson's Disease (PD)
JuPt12,JuPt12_01.txt,Ju,1,0.9990034699440002,0.0009965300559997559,1,Parkinson's Disease (PD)
JuPt12,JuPt12_01.txt,Ju,1,0.9995859265327454,0.00041407346725463867,1,Parkinson's Disease (PD)
JuPt12,JuPt12_01.txt,Ju,1,0.9998822212219238,0.00011777877807617188,1,Parkinson's Disease (PD)
JuPt12,JuPt12_01.txt,Ju,1,0.9998028874397278,0.0001971125602722168,1,Parkinson's Disease (PD)
JuPt12,JuPt12_01.txt,Ju,1,0.9994887113571167,0.0005112886428833008,1,Parkinson's Disease (PD)
JuPt12,JuPt12_01.txt,Ju,1,0.9984330534934998,0.0015669465065002441,1,Parkinson's Disease (PD)
JuPt12,JuPt12_01.txt,Ju,1,0.9992563128471375,0.0007436871528625488,1,Parkinson's Disease (PD)
JuPt12,JuPt12_01.txt,Ju,1,0.9986593723297119,0.001340627670288086,1,Parkinson's Disease (PD)
JuPt12,JuPt12_01.txt,Ju,1,0.9987792372703552,0.0012207627296447754,1,Parkinson's Disease (PD)
JuPt12,JuPt12_01.txt,Ju,1,0.9992387294769287,0.0007612705230712891,1,Parkinson's Disease (PD)
JuPt16,JuPt16_01.txt,Ju,1,0.9736446738243103,0.026355326175689697,1,Parkinson's Disease (PD)
JuPt16,JuPt16_01.txt,Ju,1,0.975623369216919,0.024376630783081055,1,Parkinson's Disease (PD)
JuPt16,JuPt16_01.txt,Ju,1,0.986415684223175,0.013584315776824951,1,Parkinson's Disease (PD)
JuPt16,JuPt16_01.txt,Ju,1,0.8912444114685059,0.10875558853149414,1,Parkinson's Disease (PD)
JuPt16,JuPt16_01.txt,Ju,1,0.9683213829994202,0.031678617000579834,1,Parkinson's Disease (PD)
JuPt16,JuPt16_01.txt,Ju,1,0.9937587976455688,0.006241202354431152,1,Parkinson's Disease (PD)
JuPt16,JuPt16_01.txt,Ju,1,0.9192084670066833,0.08079153299331665,1,Parkinson's Disease (PD)
JuPt16,JuPt16_01.txt,Ju,1,0.953880250453949,0.046119749546051025,1,Parkinson's Disease (PD)
JuPt16,JuPt16_01.txt,Ju,1,0.9676556587219238,0.03234434127807617,1,Parkinson's Disease (PD)
JuPt16,JuPt16_01.txt,Ju,1,0.8889517188072205,0.11104828119277954,1,Parkinson's Disease (PD)
JuPt16,JuPt16_01.txt,Ju,1,0.9293122291564941,0.07068777084350586,1,Parkinson's Disease (PD)
JuPt16,JuPt16_01.txt,Ju,1,0.9165588617324829,0.08344113826751709,1,Parkinson's Disease (PD)
JuPt16,JuPt16_01.txt,Ju,1,0.8030194044113159,0.19698059558868408,1,Parkinson's Disease (PD)
JuPt16,JuPt16_01.txt,Ju,1,0.13341520726680756,0.8665847778320312,0,Healthy Control (HC)
JuPt16,JuPt16_01.txt,Ju,1,0.9492005109786987,0.05079948902130127,1,Parkinson's Disease (PD)
JuPt16,JuPt16_01.txt,Ju,1,0.9980657696723938,0.0019342303276062012,1,Parkinson's Disease (PD)
JuPt16,JuPt16_01.txt,Ju,1,0.9985505938529968,0.0014494061470031738,1,Parkinson's Disease (PD)
JuPt16,JuPt16_01.txt,Ju,1,0.9873262047767639,0.012673795223236084,1,Parkinson's Disease (PD)
JuPt16,JuPt16_01.txt,Ju,1,0.9681411385536194,0.031858861446380615,1,Parkinson's Disease (PD)
JuPt16,JuPt16_01.txt,Ju,1,0.7937461733818054,0.20625382661819458,1,Parkinson's Disease (PD)
JuPt16,JuPt16_01.txt,Ju,1,0.0028783478774130344,0.9971216320991516,0,Healthy Control (HC)
JuPt16,JuPt16_01.txt,Ju,1,0.0019494021544232965,0.9980505704879761,0,Healthy Control (HC)
JuPt16,JuPt16_01.txt,Ju,1,0.05320620536804199,0.946793794631958,0,Healthy Control (HC)
JuPt16,JuPt16_01.txt,Ju,1,0.9270997643470764,0.07290023565292358,1,Parkinson's Disease (PD)
JuPt16,JuPt16_01.txt,Ju,1,0.954647421836853,0.04535257816314697,1,Parkinson's Disease (PD)
JuPt16,JuPt16_01.txt,Ju,1,0.9482505321502686,0.051749467849731445,1,Parkinson's Disease (PD)
JuPt16,JuPt16_01.txt,Ju,1,0.6844749450683594,0.3155250549316406,1,Parkinson's Disease (PD)
JuPt16,JuPt16_01.txt,Ju,1,0.3932102620601654,0.6067897081375122,0,Healthy Control (HC)
JuPt16,JuPt16_01.txt,Ju,1,0.9912208914756775,0.00877910852432251,1,Parkinson's Disease (PD)
JuPt16,JuPt16_01.txt,Ju,1,0.023689469322562218,0.9763105511665344,0,Healthy Control (HC)
JuPt16,JuPt16_01.txt,Ju,1,0.1253863126039505,0.8746137022972107,0,Healthy Control (HC)
JuPt16,JuPt16_01.txt,Ju,1,0.7814974188804626,0.21850258111953735,1,Parkinson's Disease (PD)
JuPt16,JuPt16_01.txt,Ju,1,0.9742394685745239,0.025760531425476074,1,Parkinson's Disease (PD)
JuPt16,JuPt16_01.txt,Ju,1,0.9852146506309509,0.014785349369049072,1,Parkinson's Disease (PD)
JuPt16,JuPt16_01.txt,Ju,1,0.9619649052619934,0.03803509473800659,1,Parkinson's Disease (PD)
JuPt16,JuPt16_01.txt,Ju,1,0.9891397356987,0.010860264301300049,1,Parkinson's Disease (PD)
JuPt16,JuPt16_01.txt,Ju,1,0.9959927201271057,0.004007279872894287,1,Parkinson's Disease (PD)
JuPt16,JuPt16_01.txt,Ju,1,0.9934611320495605,0.006538867950439453,1,Parkinson's Disease (PD)
JuPt16,JuPt16_01.txt,Ju,1,0.9767580628395081,0.023241937160491943,1,Parkinson's Disease (PD)
JuPt16,JuPt16_01.txt,Ju,1,0.9879462122917175,0.01205378770828247,1,Parkinson's Disease (PD)
JuPt16,JuPt16_01.txt,Ju,1,0.9965969920158386,0.003403007984161377,1,Parkinson's Disease (PD)
JuPt16,JuPt16_01.txt,Ju,1,0.7176059484481812,0.28239405155181885,1,Parkinson's Disease (PD)
JuPt16,JuPt16_01.txt,Ju,1,0.21733753383159637,0.7826624512672424,0,Healthy Control (HC)
JuPt16,JuPt16_01.txt,Ju,1,0.4321233332157135,0.5678766965866089,0,Healthy Control (HC)
JuPt16,JuPt16_01.txt,Ju,1,0.9599877595901489,0.040012240409851074,1,Parkinson's Disease (PD)
JuPt16,JuPt16_01.txt,Ju,1,0.9985730648040771,0.0014269351959228516,1,Parkinson's Disease (PD)
JuPt16,JuPt16_01.txt,Ju,1,0.9975939393043518,0.0024060606956481934,1,Parkinson's Disease (PD)
JuPt16,JuPt16_01.txt,Ju,1,0.9927672147750854,0.007232785224914551,1,Parkinson's Disease (PD)
JuPt16,JuPt16_01.txt,Ju,1,0.9925969839096069,0.007403016090393066,1,Parkinson's Disease (PD)
JuPt16,JuPt16_01.txt,Ju,1,0.9903663396835327,0.009633660316467285,1,Parkinson's Disease (PD)
JuPt16,JuPt16_01.txt,Ju,1,0.9691494703292847,0.030850529670715332,1,Parkinson's Disease (PD)
JuPt16,JuPt16_01.txt,Ju,1,0.9958337545394897,0.004166245460510254,1,Parkinson's Disease (PD)
JuPt16,JuPt16_01.txt,Ju,1,0.9979966282844543,0.0020033717155456543,1,Parkinson's Disease (PD)
JuPt16,JuPt16_01.txt,Ju,1,0.991355836391449,0.008644163608551025,1,Parkinson's Disease (PD)
JuPt16,JuPt16_01.txt,Ju,1,0.9945095181465149,0.005490481853485107,1,Parkinson's Disease (PD)
JuPt16,JuPt16_01.txt,Ju,1,0.13776430487632751,0.8622356653213501,0,Healthy Control (HC)
JuPt16,JuPt16_01.txt,Ju,1,0.36511704325675964,0.634882926940918,0,Healthy Control (HC)
JuPt24,JuPt24_01.txt,Ju,1,0.4426967203617096,0.5573033094406128,0,Healthy Control (HC)
JuPt24,JuPt24_01.txt,Ju,1,0.06187598779797554,0.9381240010261536,0,Healthy Control (HC)
JuPt24,JuPt24_01.txt,Ju,1,0.41501736640930176,0.5849826335906982,0,Healthy Control (HC)
JuPt24,JuPt24_01.txt,Ju,1,0.04885777831077576,0.9511421918869019,0,Healthy Control (HC)
JuPt24,JuPt24_01.txt,Ju,1,0.2626526653766632,0.7373473644256592,0,Healthy Control (HC)
JuPt24,JuPt24_01.txt,Ju,1,0.6107437610626221,0.38925623893737793,1,Parkinson's Disease (PD)
JuPt24,JuPt24_01.txt,Ju,1,0.562056303024292,0.437943696975708,1,Parkinson's Disease (PD)
JuPt24,JuPt24_01.txt,Ju,1,0.36206647753715515,0.6379334926605225,0,Healthy Control (HC)
JuPt24,JuPt24_01.txt,Ju,1,0.08093670755624771,0.9190632700920105,0,Healthy Control (HC)
JuPt24,JuPt24_01.txt,Ju,1,0.01578456163406372,0.9842154383659363,0,Healthy Control (HC)
JuPt24,JuPt24_01.txt,Ju,1,0.03760863468050957,0.9623913764953613,0,Healthy Control (HC)
JuPt24,JuPt24_01.txt,Ju,1,0.16465073823928833,0.8353492617607117,0,Healthy Control (HC)
JuPt24,JuPt24_01.txt,Ju,1,0.14535781741142273,0.8546421527862549,0,Healthy Control (HC)
JuPt24,JuPt24_01.txt,Ju,1,0.5973142981529236,0.4026857018470764,1,Parkinson's Disease (PD)
JuPt24,JuPt24_01.txt,Ju,1,0.9205042719841003,0.07949572801589966,1,Parkinson's Disease (PD)
JuPt24,JuPt24_01.txt,Ju,1,0.3802410066127777,0.6197589635848999,0,Healthy Control (HC)
JuPt24,JuPt24_01.txt,Ju,1,0.3936763405799866,0.6063236594200134,0,Healthy Control (HC)
JuPt24,JuPt24_01.txt,Ju,1,0.9841545820236206,0.015845417976379395,1,Parkinson's Disease (PD)
JuPt24,JuPt24_01.txt,Ju,1,0.8626990914344788,0.13730090856552124,1,Parkinson's Disease (PD)
JuPt24,JuPt24_01.txt,Ju,1,0.016914913430809975,0.9830850958824158,0,Healthy Control (HC)
JuPt24,JuPt24_01.txt,Ju,1,0.0018102108733728528,0.9981898069381714,0,Healthy Control (HC)
JuPt24,JuPt24_01.txt,Ju,1,0.004962942097336054,0.9950370788574219,0,Healthy Control (HC)
JuPt24,JuPt24_01.txt,Ju,1,0.7641884088516235,0.23581159114837646,1,Parkinson's Disease (PD)
JuPt24,JuPt24_01.txt,Ju,1,0.978425920009613,0.021574079990386963,1,Parkinson's Disease (PD)
JuPt24,JuPt24_01.txt,Ju,1,0.004718369338661432,0.9952816367149353,0,Healthy Control (HC)
JuPt24,JuPt24_01.txt,Ju,1,0.0002251682453788817,0.9997748136520386,0,Healthy Control (HC)
JuPt24,JuPt24_01.txt,Ju,1,0.038901980966329575,0.9610980153083801,0,Healthy Control (HC)
JuPt24,JuPt24_01.txt,Ju,1,0.0013511208817362785,0.9986488819122314,0,Healthy Control (HC)
JuPt24,JuPt24_01.txt,Ju,1,0.0008969392511062324,0.9991030693054199,0,Healthy Control (HC)
JuPt24,JuPt24_01.txt,Ju,1,0.08494710177183151,0.9150528907775879,0,Healthy Control (HC)
JuPt24,JuPt24_01.txt,Ju,1,0.004718369338661432,0.9952816367149353,0,Healthy Control (HC)
JuPt24,JuPt24_01.txt,Ju,1,0.008745181374251842,0.9912548065185547,0,Healthy Control (HC)
JuPt24,JuPt24_01.txt,Ju,1,0.19436779618263245,0.8056322336196899,0,Healthy Control (HC)
JuPt24,JuPt24_01.txt,Ju,1,0.0140095679089427,0.9859904050827026,0,Healthy Control (HC)
JuPt24,JuPt24_01.txt,Ju,1,0.19147881865501404,0.8085211515426636,0,Healthy Control (HC)
JuPt24,JuPt24_01.txt,Ju,1,0.32928386330604553,0.6707161664962769,0,Healthy Control (HC)
JuPt24,JuPt24_01.txt,Ju,1,0.015306354500353336,0.9846936464309692,0,Healthy Control (HC)
JuPt24,JuPt24_01.txt,Ju,1,0.0012545944191515446,0.9987453818321228,0,Healthy Control (HC)
JuPt24,JuPt24_01.txt,Ju,1,0.015365341678261757,0.9846346378326416,0,Healthy Control (HC)
JuPt24,JuPt24_01.txt,Ju,1,0.0652465671300888,0.93475341796875,0,Healthy Control (HC)
JuPt24,JuPt24_01.txt,Ju,1,0.04858620464801788,0.9514138102531433,0,Healthy Control (HC)
JuPt24,JuPt24_01.txt,Ju,1,0.27250826358795166,0.7274917364120483,0,Healthy Control (HC)
JuPt24,JuPt24_01.txt,Ju,1,0.1448732316493988,0.8551267385482788,0,Healthy Control (HC)
JuPt24,JuPt24_01.txt,Ju,1,0.7923036217689514,0.20769637823104858,1,Parkinson's Disease (PD)
JuPt24,JuPt24_01.txt,Ju,1,0.8643104434013367,0.13568955659866333,1,Parkinson's Disease (PD)
JuPt24,JuPt24_01.txt,Ju,1,0.08404061198234558,0.915959358215332,0,Healthy Control (HC)
JuPt24,JuPt24_01.txt,Ju,1,0.0037948342505842447,0.9962051510810852,0,Healthy Control (HC)
JuPt24,JuPt24_01.txt,Ju,1,0.06383160501718521,0.936168372631073,0,Healthy Control (HC)
JuPt24,JuPt24_02.txt,Ju,1,0.03541073203086853,0.9645892381668091,0,Healthy Control (HC)
JuPt24,JuPt24_02.txt,Ju,1,0.024940254166722298,0.9750597476959229,0,Healthy Control (HC)
JuPt24,JuPt24_02.txt,Ju,1,0.11047114431858063,0.8895288705825806,0,Healthy Control (HC)
JuPt24,JuPt24_02.txt,Ju,1,0.015189048834145069,0.9848109483718872,0,Healthy Control (HC)
JuPt24,JuPt24_02.txt,Ju,1,0.008061991073191166,0.9919379949569702,0,Healthy Control (HC)
JuPt24,JuPt24_02.txt,Ju,1,0.00682395463809371,0.9931760430335999,0,Healthy Control (HC)
JuPt24,JuPt24_02.txt,Ju,1,0.408040851354599,0.5919591188430786,0,Healthy Control (HC)
JuPt24,JuPt24_02.txt,Ju,1,0.8899121284484863,0.11008787155151367,1,Parkinson's Disease (PD)
JuPt24,JuPt24_02.txt,Ju,1,0.7641884088516235,0.23581159114837646,1,Parkinson's Disease (PD)
JuPt24,JuPt24_02.txt,Ju,1,0.8346765637397766,0.1653234362602234,1,Parkinson's Disease (PD)
JuPt24,JuPt24_02.txt,Ju,1,0.9687971472740173,0.031202852725982666,1,Parkinson's Disease (PD)
JuPt24,JuPt24_02.txt,Ju,1,0.9873262047767639,0.012673795223236084,1,Parkinson's Disease (PD)
JuPt24,JuPt24_02.txt,Ju,1,0.7683857679367065,0.23161423206329346,1,Parkinson's Disease (PD)
JuPt24,JuPt24_02.txt,Ju,1,0.9715099930763245,0.028490006923675537,1,Parkinson's Disease (PD)
JuPt24,JuPt24_02.txt,Ju,1,0.9908744096755981,0.009125590324401855,1,Parkinson's Disease (PD)
JuPt24,JuPt24_02.txt,Ju,1,0.6377079486846924,0.3622920513153076,1,Parkinson's Disease (PD)
JuPt24,JuPt24_02.txt,Ju,1,0.8106288909912109,0.18937110900878906,1,Parkinson's Disease (PD)
JuPt24,JuPt24_02.txt,Ju,1,0.9585376977920532,0.04146230220794678,1,Parkinson's Disease (PD)
JuPt24,JuPt24_02.txt,Ju,1,0.799755334854126,0.20024466514587402,1,Parkinson's Disease (PD)
JuPt24,JuPt24_02.txt,Ju,1,0.9286680221557617,0.07133197784423828,1,Parkinson's Disease (PD)
JuPt24,JuPt24_02.txt,Ju,1,0.818881630897522,0.18111836910247803,1,Parkinson's Disease (PD)
JuPt24,JuPt24_02.txt,Ju,1,0.9805434346199036,0.019456565380096436,1,Parkinson's Disease (PD)
JuPt24,JuPt24_02.txt,Ju,1,0.0555151142179966,0.9444848895072937,0,Healthy Control (HC)
JuPt24,JuPt24_02.txt,Ju,1,0.13139596581459045,0.8686040639877319,0,Healthy Control (HC)
JuPt24,JuPt24_02.txt,Ju,1,0.8679338097572327,0.13206619024276733,1,Parkinson's Disease (PD)
JuPt24,JuPt24_02.txt,Ju,1,0.9787938594818115,0.021206140518188477,1,Parkinson's Disease (PD)
JuPt24,JuPt24_02.txt,Ju,1,0.9766246676445007,0.023375332355499268,1,Parkinson's Disease (PD)
JuPt24,JuPt24_02.txt,Ju,1,0.9657707214355469,0.034229278564453125,1,Parkinson's Disease (PD)
JuPt24,JuPt24_02.txt,Ju,1,0.9835969805717468,0.016403019428253174,1,Parkinson's Disease (PD)
JuPt24,JuPt24_02.txt,Ju,1,0.9848692417144775,0.015130758285522461,1,Parkinson's Disease (PD)
JuPt24,JuPt24_02.txt,Ju,1,0.9929336309432983,0.00706636905670166,1,Parkinson's Disease (PD)
JuPt24,JuPt24_02.txt,Ju,1,0.9857181310653687,0.014281868934631348,1,Parkinson's Disease (PD)
JuPt24,JuPt24_02.txt,Ju,1,0.9965837001800537,0.003416299819946289,1,Parkinson's Disease (PD)
JuPt24,JuPt24_02.txt,Ju,1,0.5188966393470764,0.4811033606529236,1,Parkinson's Disease (PD)
JuPt24,JuPt24_02.txt,Ju,1,0.6738358736038208,0.3261641263961792,1,Parkinson's Disease (PD)
JuPt24,JuPt24_02.txt,Ju,1,0.9676556587219238,0.03234434127807617,1,Parkinson's Disease (PD)
JuPt24,JuPt24_02.txt,Ju,1,0.9967013001441956,0.0032986998558044434,1,Parkinson's Disease (PD)
JuPt24,JuPt24_02.txt,Ju,1,0.9986541271209717,0.0013458728790283203,1,Parkinson's Disease (PD)
JuPt24,JuPt24_02.txt,Ju,1,0.9962199330329895,0.003780066967010498,1,Parkinson's Disease (PD)
JuPt24,JuPt24_02.txt,Ju,1,0.9961755275726318,0.003824472427368164,1,Parkinson's Disease (PD)
JuPt24,JuPt24_02.txt,Ju,1,0.9947186708450317,0.005281329154968262,1,Parkinson's Disease (PD)
JuPt24,JuPt24_02.txt,Ju,1,0.9989350438117981,0.0010649561882019043,1,Parkinson's Disease (PD)
JuPt24,JuPt24_02.txt,Ju,1,0.9969005584716797,0.0030994415283203125,1,Parkinson's Disease (PD)
JuPt24,JuPt24_02.txt,Ju,1,0.9988574981689453,0.0011425018310546875,1,Parkinson's Disease (PD)
SiCo01,SiCo01_01.txt,Si,0,0.013020490296185017,0.9869794845581055,0,Healthy Control (HC)
SiCo01,SiCo01_01.txt,Si,0,0.029367854818701744,0.9706321358680725,0,Healthy Control (HC)
SiCo01,SiCo01_01.txt,Si,0,0.0012497093994170427,0.9987502694129944,0,Healthy Control (HC)
SiCo01,SiCo01_01.txt,Si,0,0.001383117400109768,0.9986168742179871,0,Healthy Control (HC)
SiCo01,SiCo01_01.txt,Si,0,0.0007702931761741638,0.9992297291755676,0,Healthy Control (HC)
SiCo01,SiCo01_01.txt,Si,0,0.0010649627074599266,0.9989350438117981,0,Healthy Control (HC)
SiCo01,SiCo01_01.txt,Si,0,0.0009217804181389511,0.9990782141685486,0,Healthy Control (HC)
SiCo01,SiCo01_01.txt,Si,0,0.0005815576296299696,0.9994184374809265,0,Healthy Control (HC)
SiCo01,SiCo01_01.txt,Si,0,0.002387409098446369,0.9976125955581665,0,Healthy Control (HC)
SiCo01,SiCo01_01.txt,Si,0,0.0026730059180408716,0.9973269701004028,0,Healthy Control (HC)
SiCo01,SiCo01_01.txt,Si,0,0.0009362827986478806,0.9990637302398682,0,Healthy Control (HC)
SiCo01,SiCo01_01.txt,Si,0,0.0015487611526623368,0.9984512329101562,0,Healthy Control (HC)
SiCo01,SiCo01_01.txt,Si,0,0.0013939501950517297,0.9986060261726379,0,Healthy Control (HC)
SiCo01,SiCo01_01.txt,Si,0,0.0017752605490386486,0.9982247352600098,0,Healthy Control (HC)
SiCo01,SiCo01_01.txt,Si,0,0.0012743262341246009,0.9987256526947021,0,Healthy Control (HC)
SiCo01,SiCo01_01.txt,Si,0,0.004609572235494852,0.9953904151916504,0,Healthy Control (HC)
SiCo01,SiCo01_01.txt,Si,0,0.004792316351085901,0.995207667350769,0,Healthy Control (HC)
SiCo01,SiCo01_01.txt,Si,0,0.00214894930832088,0.9978510737419128,0,Healthy Control (HC)
SiCo01,SiCo01_01.txt,Si,0,0.0035518845543265343,0.9964480996131897,0,Healthy Control (HC)
SiCo01,SiCo01_01.txt,Si,0,0.0011604196624830365,0.9988395571708679,0,Healthy Control (HC)
SiCo01,SiCo01_01.txt,Si,0,0.0014325366355478764,0.9985674619674683,0,Healthy Control (HC)
SiCo01,SiCo01_01.txt,Si,0,0.0006214630557224154,0.9993785619735718,0,Healthy Control (HC)
SiCo01,SiCo01_01.txt,Si,0,0.0005747861578129232,0.9994252324104309,0,Healthy Control (HC)
SiCo01,SiCo01_01.txt,Si,0,0.0005172813544049859,0.9994826912879944,0,Healthy Control (HC)
SiCo01,SiCo01_01.txt,Si,0,0.0004728544445242733,0.9995271563529968,0,Healthy Control (HC)
SiCo01,SiCo01_01.txt,Si,0,0.0003199982165824622,0.9996799826622009,0,Healthy Control (HC)
SiCo01,SiCo01_01.txt,Si,0,0.00022167809947859496,0.9997783303260803,0,Healthy Control (HC)
SiCo01,SiCo01_01.txt,Si,0,0.00037263770354911685,0.9996273517608643,0,Healthy Control (HC)
SiCo01,SiCo01_01.txt,Si,0,0.0010901900241151452,0.9989098310470581,0,Healthy Control (HC)
SiCo01,SiCo01_01.txt,Si,0,0.004773722495883703,0.995226263999939,0,Healthy Control (HC)
SiCo01,SiCo01_01.txt,Si,0,0.024845436215400696,0.9751545786857605,0,Healthy Control (HC)
SiCo01,SiCo01_01.txt,Si,0,0.06891249865293503,0.9310874938964844,0,Healthy Control (HC)
SiCo01,SiCo01_01.txt,Si,0,0.05136750638484955,0.9486324787139893,0,Healthy Control (HC)
SiCo01,SiCo01_01.txt,Si,0,0.012527932412922382,0.9874720573425293,0,Healthy Control (HC)
SiCo01,SiCo01_01.txt,Si,0,0.0009773502824828029,0.9990226626396179,0,Healthy Control (HC)
SiCo01,SiCo01_01.txt,Si,0,0.0016941031208261847,0.9983059167861938,0,Healthy Control (HC)
SiCo01,SiCo01_01.txt,Si,0,0.0016484829830005765,0.998351514339447,0,Healthy Control (HC)
SiCo01,SiCo01_01.txt,Si,0,0.005598248913884163,0.994401752948761,0,Healthy Control (HC)
SiCo01,SiCo01_01.txt,Si,0,0.015130727551877499,0.9848693013191223,0,Healthy Control (HC)
SiCo01,SiCo01_01.txt,Si,0,0.0019192374311387539,0.9980807900428772,0,Healthy Control (HC)
SiCo01,SiCo01_01.txt,Si,0,0.0007702931761741638,0.9992297291755676,0,Healthy Control (HC)
SiCo01,SiCo01_01.txt,Si,0,0.0034834241960197687,0.9965165853500366,0,Healthy Control (HC)
SiCo01,SiCo01_01.txt,Si,0,0.005511934403330088,0.9944880604743958,0,Healthy Control (HC)
SiCo01,SiCo01_01.txt,Si,0,0.0012497093994170427,0.9987502694129944,0,Healthy Control (HC)
SiCo01,SiCo01_01.txt,Si,0,0.002511463360860944,0.9974885582923889,0,Healthy Control (HC)
SiCo01,SiCo01_01.txt,Si,0,0.002540992572903633,0.9974589943885803,0,Healthy Control (HC)
SiCo01,SiCo01_01.txt,Si,0,0.007460643537342548,0.9925393462181091,0,Healthy Control (HC)
SiCo01,SiCo01_01.txt,Si,0,0.010052368976175785,0.9899476170539856,0,Healthy Control (HC)
SiCo10,SiCo10_01.txt,Si,0,2.7969301299890503e-05,0.9999720454216003,0,Healthy Control (HC)
SiCo10,SiCo10_01.txt,Si,0,1.4064044080441818e-05,0.999985933303833,0,Healthy Control (HC)
SiCo10,SiCo10_01.txt,Si,0,7.353605269599939e-06,0.9999926686286926,0,Healthy Control (HC)
SiCo10,SiCo10_01.txt,Si,0,5.338155460776761e-06,0.9999946355819702,0,Healthy Control (HC)
SiCo10,SiCo10_01.txt,Si,0,7.183260549936676e-06,0.9999927878379822,0,Healthy Control (HC)
SiCo10,SiCo10_01.txt,Si,0,4.637873189494712e-06,0.9999953508377075,0,Healthy Control (HC)
SiCo10,SiCo10_01.txt,Si,0,1.5294129980247817e-06,0.9999984502792358,0,Healthy Control (HC)
SiCo10,SiCo10_01.txt,Si,0,1.7741496094458853e-06,0.9999982118606567,0,Healthy Control (HC)
SiCo10,SiCo10_01.txt,Si,0,1.7330517039226834e-06,0.9999982714653015,0,Healthy Control (HC)
SiCo10,SiCo10_01.txt,Si,0,0.00012830943160224706,0.9998716711997986,0,Healthy Control (HC)
SiCo10,SiCo10_01.txt,Si,0,0.0003077430883422494,0.9996922612190247,0,Healthy Control (HC)
SiCo10,SiCo10_01.txt,Si,0,8.203532161132898e-06,0.999991774559021,0,Healthy Control (HC)
SiCo10,SiCo10_01.txt,Si,0,1.1659530173346866e-05,0.999988317489624,0,Healthy Control (HC)
SiCo10,SiCo10_01.txt,Si,0,6.192363798618317e-06,0.9999938011169434,0,Healthy Control (HC)
SiCo10,SiCo10_01.txt,Si,0,5.594337835646002e-06,0.9999943971633911,0,Healthy Control (HC)
SiCo10,SiCo10_01.txt,Si,0,2.726470256675384e-06,0.9999972581863403,0,Healthy Control (HC)
SiCo10,SiCo10_01.txt,Si,0,4.785094461112749e-06,0.999995231628418,0,Healthy Control (HC)
SiCo10,SiCo10_01.txt,Si,0,6.096360266383272e-06,0.9999939203262329,0,Healthy Control (HC)
SiCo10,SiCo10_01.txt,Si,0,2.0462934116949327e-05,0.999979555606842,0,Healthy Control (HC)
SiCo10,SiCo10_01.txt,Si,0,2.6688529032981023e-05,0.9999732971191406,0,Healthy Control (HC)
SiCo10,SiCo10_01.txt,Si,0,0.0017546144081279635,0.998245358467102,0,Healthy Control (HC)
SiCo10,SiCo10_01.txt,Si,0,0.0002472934720572084,0.9997527003288269,0,Healthy Control (HC)
SiCo10,SiCo10_01.txt,Si,0,9.590888112143148e-06,0.9999904036521912,0,Healthy Control (HC)
SiCo10,SiCo10_01.txt,Si,0,6.908075647515943e-06,0.999993085861206,0,Healthy Control (HC)
SiCo10,SiCo10_01.txt,Si,0,7.469407137250528e-06,0.9999925494194031,0,Healthy Control (HC)
SiCo10,SiCo10_01.txt,Si,0,7.071895197441336e-06,0.9999929070472717,0,Healthy Control (HC)
SiCo10,SiCo10_01.txt,Si,0,6.962256520637311e-06,0.9999930262565613,0,Healthy Control (HC)
SiCo10,SiCo10_01.txt,Si,0,9.972941370506305e-06,0.9999900460243225,0,Healthy Control (HC)
SiCo10,SiCo10_01.txt,Si,0,8.076349331531674e-06,0.9999919533729553,0,Healthy Control (HC)
SiCo10,SiCo10_01.txt,Si,0,1.0783311154227704e-05,0.9999892115592957,0,Healthy Control (HC)
SiCo10,SiCo10_01.txt,Si,0,5.694102947018109e-05,0.9999430775642395,0,Healthy Control (HC)
SiCo10,SiCo10_01.txt,Si,0,4.832564081880264e-05,0.9999516606330872,0,Healthy Control (HC)
SiCo10,SiCo10_01.txt,Si,0,4.4254902604734525e-06,0.9999955892562866,0,Healthy Control (HC)
SiCo10,SiCo10_01.txt,Si,0,1.1039027413062286e-05,0.9999889731407166,0,Healthy Control (HC)
SiCo10,SiCo10_01.txt,Si,0,7.353605269599939e-06,0.9999926686286926,0,Healthy Control (HC)
SiCo10,SiCo10_01.txt,Si,0,5.173918452783255e-06,0.9999948143959045,0,Healthy Control (HC)
SiCo10,SiCo10_01.txt,Si,0,7.469407137250528e-06,0.9999925494194031,0,Healthy Control (HC)
SiCo10,SiCo10_01.txt,Si,0,7.353605269599939e-06,0.9999926686286926,0,Healthy Control (HC)
SiCo10,SiCo10_01.txt,Si,0,1.1125608580186963e-05,0.999988853931427,0,Healthy Control (HC)
SiCo10,SiCo10_01.txt,Si,0,2.4876489987946115e-05,0.9999751448631287,0,Healthy Control (HC)
SiCo10,SiCo10_01.txt,Si,0,0.001216041506268084,0.9987839460372925,0,Healthy Control (HC)
SiCo10,SiCo10_01.txt,Si,0,0.00028685410507023335,0.999713122844696,0,Healthy Control (HC)
SiCo10,SiCo10_01.txt,Si,0,8.530320883437525e-06,0.9999914765357971,0,Healthy Control (HC)
SiCo10,SiCo10_01.txt,Si,0,1.221907587023452e-05,0.999987781047821,0,Healthy Control (HC)
SiCo10,SiCo10_01.txt,Si,0,5.46474529983243e-06,0.9999945163726807,0,Healthy Control (HC)
SiCo10,SiCo10_01.txt,Si,0,2.791126462398097e-06,0.9999971985816956,0,Healthy Control (HC)
SiCo10,SiCo10_01.txt,Si,0,4.4254902604734525e-06,0.9999955892562866,0,Healthy Control (HC)
SiCo10,SiCo10_01.txt,Si,0,2.835080067598028e-06,0.9999971389770508,0,Healthy Control (HC)
SiCo11,SiCo11_01.txt,Si,0,1.3846004549122881e-05,0.9999861717224121,0,Healthy Control (HC)
SiCo11,SiCo11_01.txt,Si,0,6.761842087144032e-05,0.9999324083328247,0,Healthy Control (HC)
SiCo11,SiCo11_01.txt,Si,0,3.5008542909054086e-06,0.9999964833259583,0,Healthy Control (HC)
SiCo11,SiCo11_01.txt,Si,0,2.5813706088229083e-06,0.9999974370002747,0,Healthy Control (HC)
SiCo11,SiCo11_01.txt,Si,0,1.3184366025598138e-06,0.9999986886978149,0,Healthy Control (HC)
SiCo11,SiCo11_01.txt,Si,0,1.5414084373333026e-06,0.9999984502792358,0,Healthy Control (HC)
SiCo11,SiCo11_01.txt,Si,0,2.6220211566396756e-06,0.9999973773956299,0,Healthy Control (HC)
SiCo11,SiCo11_01.txt,Si,0,6.156764720799401e-05,0.999938428401947,0,Healthy Control (HC)
SiCo11,SiCo11_01.txt,Si,0,0.002693914109840989,0.9973061084747314,0,Healthy Control (HC)
SiCo11,SiCo11_01.txt,Si,0,4.794958294951357e-05,0.9999520778656006,0,Healthy Control (HC)
SiCo11,SiCo11_01.txt,Si,0,1.4255698488341295e-06,0.9999985694885254,0,Healthy Control (HC)
SiCo11,SiCo11_01.txt,Si,0,3.4736108318611514e-06,0.999996542930603,0,Healthy Control (HC)
SiCo11,SiCo11_01.txt,Si,0,8.939696272136644e-06,0.9999910593032837,0,Healthy Control (HC)
SiCo11,SiCo11_01.txt,Si,0,8.750300185056403e-05,0.9999125003814697,0,Healthy Control (HC)
SiCo11,SiCo11_01.txt,Si,0,5.02506154589355e-05,0.9999497532844543,0,Healthy Control (HC)
SiCo11,SiCo11_01.txt,Si,0,2.8409744118107483e-05,0.9999715685844421,0,Healthy Control (HC)
SiCo11,SiCo11_01.txt,Si,0,7.527990419475827e-06,0.9999924898147583,0,Healthy Control (HC)
SiCo11,SiCo11_01.txt,Si,0,4.870464181294665e-05,0.9999513030052185,0,Healthy Control (HC)
SiCo11,SiCo11_01.txt,Si,0,5.829126530443318e-05,0.9999417066574097,0,Healthy Control (HC)
SiCo11,SiCo11_01.txt,Si,0,1.1659530173346866e-05,0.999988317489624,0,Healthy Control (HC)
SiCo11,SiCo11_01.txt,Si,0,0.0006312434561550617,0.9993687272071838,0,Healthy Control (HC)
SiCo11,SiCo11_01.txt,Si,0,0.00043563017970882356,0.9995643496513367,0,Healthy Control (HC)
SiCo11,SiCo11_01.txt,Si,0,2.4682904040673748e-05,0.999975323677063,0,Healthy Control (HC)
SiCo11,SiCo11_01.txt,Si,0,0.0001387341326335445,0.9998612403869629,0,Healthy Control (HC)
SiCo11,SiCo11_01.txt,Si,0,0.0007613258203491569,0.9992386698722839,0,Healthy Control (HC)
SiCo11,SiCo11_01.txt,Si,0,0.00044248730409890413,0.9995574951171875,0,Healthy Control (HC)
SiCo11,SiCo11_01.txt,Si,0,5.225226777838543e-05,0.999947726726532,0,Healthy Control (HC)
SiCo11,SiCo11_01.txt,Si,0,2.2474090656032786e-05,0.9999775290489197,0,Healthy Control (HC)
SiCo11,SiCo11_01.txt,Si,0,0.02630527876317501,0.9736947417259216,0,Healthy Control (HC)
SiCo11,SiCo11_01.txt,Si,0,5.6824351304385345e-06,0.9999943375587463,0,Healthy Control (HC)
SiCo11,SiCo11_01.txt,Si,0,0.00011682839976856485,0.9998831748962402,0,Healthy Control (HC)
SiCo11,SiCo11_01.txt,Si,0,0.0061212810687720776,0.9938787221908569,0,Healthy Control (HC)
SiCo11,SiCo11_01.txt,Si,0,0.000539980421308428,0.9994600415229797,0,Healthy Control (HC)
SiCo11,SiCo11_01.txt,Si,0,0.0002591582597233355,0.9997408390045166,0,Healthy Control (HC)
SiCo11,SiCo11_01.txt,Si,0,0.00020988310279790312,0.9997901320457458,0,Healthy Control (HC)
SiCo11,SiCo11_01.txt,Si,0,5.694102947018109e-05,0.9999430775642395,0,Healthy Control (HC)
SiCo11,SiCo11_01.txt,Si,0,0.00025514140725135803,0.9997448325157166,0,Healthy Control (HC)
SiCo11,SiCo11_01.txt,Si,0,0.0014895173953846097,0.998510479927063,0,Healthy Control (HC)
SiCo11,SiCo11_01.txt,Si,0,0.00028685410507023335,0.999713122844696,0,Healthy Control (HC)
SiCo11,SiCo11_01.txt,Si,0,0.005865338258445263,0.9941346645355225,0,Healthy Control (HC)
SiCo11,SiCo11_01.txt,Si,0,0.0010733063099905849,0.9989266991615295,0,Healthy Control (HC)
SiCo11,SiCo11_01.txt,Si,0,0.00023597174731548876,0.9997640252113342,0,Healthy Control (HC)
SiCo11,SiCo11_01.txt,Si,0,0.004943688865751028,0.9950563311576843,0,Healthy Control (HC)
SiCo11,SiCo11_01.txt,Si,0,0.0005838325014337897,0.999416172504425,0,Healthy Control (HC)
SiCo11,SiCo11_01.txt,Si,0,0.0002251682453788817,0.9997748136520386,0,Healthy Control (HC)
SiCo11,SiCo11_01.txt,Si,0,0.004133968148380518,0.995866060256958,0,Healthy Control (HC)
SiCo11,SiCo11_01.txt,Si,0,0.0005132579244673252,0.9994867444038391,0,Healthy Control (HC)
SiCo11,SiCo11_01.txt,Si,0,0.00012148174573667347,0.9998785257339478,0,Healthy Control (HC)
SiCo19,SiCo19_01.txt,Si,0,0.9623913168907166,0.03760868310928345,1,Parkinson's Disease (PD)
SiCo19,SiCo19_01.txt,Si,0,0.5215168595314026,0.4784831404685974,1,Parkinson's Disease (PD)
SiCo19,SiCo19_01.txt,Si,0,0.49822142720222473,0.5017786026000977,0,Healthy Control (HC)
SiCo19,SiCo19_01.txt,Si,0,0.5922539234161377,0.4077460765838623,1,Parkinson's Disease (PD)
SiCo19,SiCo19_01.txt,Si,0,0.6390605568885803,0.3609394431114197,1,Parkinson's Disease (PD)
SiCo19,SiCo19_01.txt,Si,0,0.8987665772438049,0.10123342275619507,1,Parkinson's Disease (PD)
SiCo19,SiCo19_01.txt,Si,0,0.6606104373931885,0.3393895626068115,1,Parkinson's Disease (PD)
SiCo19,SiCo19_01.txt,Si,0,0.6028802394866943,0.39711976051330566,1,Parkinson's Disease (PD)
SiCo19,SiCo19_01.txt,Si,0,0.31615808606147766,0.6838419437408447,0,Healthy Control (HC)
SiCo19,SiCo19_01.txt,Si,0,0.5058629512786865,0.4941370487213135,1,Parkinson's Disease (PD)
SiCo19,SiCo19_01.txt,Si,0,0.7836575508117676,0.21634244918823242,1,Parkinson's Disease (PD)
SiCo19,SiCo19_01.txt,Si,0,0.9492005109786987,0.05079948902130127,1,Parkinson's Disease (PD)
SiCo19,SiCo19_01.txt,Si,0,0.9889278411865234,0.011072158813476562,1,Parkinson's Disease (PD)
SiCo19,SiCo19_01.txt,Si,0,0.9356999397277832,0.0643000602722168,1,Parkinson's Disease (PD)
SiCo19,SiCo19_01.txt,Si,0,0.9078037738800049,0.09219622611999512,1,Parkinson's Disease (PD)
SiCo19,SiCo19_01.txt,Si,0,0.7403621077537537,0.25963789224624634,1,Parkinson's Disease (PD)
SiCo19,SiCo19_01.txt,Si,0,0.6885731220245361,0.31142687797546387,1,Parkinson's Disease (PD)
SiCo19,SiCo19_01.txt,Si,0,0.30239108204841614,0.6976089477539062,0,Healthy Control (HC)
SiCo19,SiCo19_01.txt,Si,0,0.013636835850775242,0.9863631725311279,0,Healthy Control (HC)
SiCo19,SiCo19_01.txt,Si,0,0.0684129148721695,0.9315871000289917,0,Healthy Control (HC)
SiCo19,SiCo19_01.txt,Si,0,0.1711997091770172,0.8288003206253052,0,Healthy Control (HC)
SiCo19,SiCo19_01.txt,Si,0,0.26759952306747437,0.7324004769325256,0,Healthy Control (HC)
SiCo19,SiCo19_01.txt,Si,0,0.9053223133087158,0.09467768669128418,1,Parkinson's Disease (PD)
SiCo19,SiCo19_01.txt,Si,0,0.8255897164344788,0.17441028356552124,1,Parkinson's Disease (PD)
SiCo19,SiCo19_01.txt,Si,0,0.7994422912597656,0.20055770874023438,1,Parkinson's Disease (PD)
SiCo19,SiCo19_01.txt,Si,0,0.4919745624065399,0.5080254077911377,0,Healthy Control (HC)
SiCo19,SiCo19_01.txt,Si,0,0.7844842076301575,0.21551579236984253,1,Parkinson's Disease (PD)
SiCo19,SiCo19_01.txt,Si,0,0.9356999397277832,0.0643000602722168,1,Parkinson's Disease (PD)
SiCo19,SiCo19_01.txt,Si,0,0.8978744745254517,0.10212552547454834,1,Parkinson's Disease (PD)
SiCo19,SiCo19_01.txt,Si,0,0.8617710471153259,0.13822895288467407,1,Parkinson's Disease (PD)
SiCo19,SiCo19_01.txt,Si,0,0.9007046222686768,0.09929537773132324,1,Parkinson's Disease (PD)
SiCo19,SiCo19_01.txt,Si,0,0.9282788634300232,0.0717211365699768,1,Parkinson's Disease (PD)
SiCo19,SiCo19_01.txt,Si,0,0.9647224545478821,0.03527754545211792,1,Parkinson's Disease (PD)
SiCo19,SiCo19_01.txt,Si,0,0.9451974034309387,0.05480259656906128,1,Parkinson's Disease (PD)
SiCo19,SiCo19_01.txt,Si,0,0.9762653708457947,0.023734629154205322,1,Parkinson's Disease (PD)
SiCo19,SiCo19_01.txt,Si,0,0.9488224983215332,0.0511775016784668,1,Parkinson's Disease (PD)
SiCo19,SiCo19_01.txt,Si,0,0.9672868847846985,0.032713115215301514,1,Parkinson's Disease (PD)
SiCo19,SiCo19_01.txt,Si,0,0.9877586960792542,0.01224130392074585,1,Parkinson's Disease (PD)
SiCo19,SiCo19_01.txt,Si,0,0.9465966820716858,0.05340331792831421,1,Parkinson's Disease (PD)
SiCo19,SiCo19_01.txt,Si,0,0.9792352318763733,0.02076476812362671,1,Parkinson's Disease (PD)
SiCo19,SiCo19_01.txt,Si,0,0.9812749028205872,0.018725097179412842,1,Parkinson's Disease (PD)
SiCo19,SiCo19_01.txt,Si,0,0.8733229041099548,0.12667709589004517,1,Parkinson's Disease (PD)
SiCo19,SiCo19_01.txt,Si,0,0.9502266049385071,0.04977339506149292,1,Parkinson's Disease (PD)
SiCo19,SiCo19_01.txt,Si,0,0.9286680221557617,0.07133197784423828,1,Parkinson's Disease (PD)
SiCo19,SiCo19_01.txt,Si,0,0.8879840970039368,0.11201590299606323,1,Parkinson's Disease (PD)
SiCo19,SiCo19_01.txt,Si,0,0.9680808186531067,0.03191918134689331,1,Parkinson's Disease (PD)
SiCo19,SiCo19_01.txt,Si,0,0.9139840602874756,0.08601593971252441,1,Parkinson's Disease (PD)
SiCo19,SiCo19_01.txt,Si,0,0.9531880021095276,0.04681199789047241,1,Parkinson's Disease (PD)
SiCo26,SiCo26_01.txt,Si,0,9.66610878094798e-06,0.9999903440475464,0,Healthy Control (HC)
SiCo26,SiCo26_01.txt,Si,0,2.014569145103451e-05,0.9999798536300659,0,Healthy Control (HC)
SiCo26,SiCo26_01.txt,Si,0,1.8486754925106652e-05,0.9999815225601196,0,Healthy Control (HC)
SiCo26,SiCo26_01.txt,Si,0,2.4876489987946115e-05,0.9999751448631287,0,Healthy Control (HC)
SiCo26,SiCo26_01.txt,Si,0,4.985958003089763e-05,0.999950110912323,0,Healthy Control (HC)
SiCo26,SiCo26_01.txt,Si,0,3.7636447814293206e-05,0.9999623894691467,0,Healthy Control (HC)
SiCo26,SiCo26_01.txt,Si,0,9.972941370506305e-06,0.9999900460243225,0,Healthy Control (HC)
SiCo26,SiCo26_01.txt,Si,0,3.7931622500764206e-05,0.9999620914459229,0,Healthy Control (HC)
SiCo26,SiCo26_01.txt,Si,0,4.1659583075670525e-05,0.999958336353302,0,Healthy Control (HC)
SiCo26,SiCo26_01.txt,Si,0,1.1212865501875058e-05,0.9999887943267822,0,Healthy Control (HC)
SiCo26,SiCo26_01.txt,Si,0,1.508850164100295e-05,0.9999849200248718,0,Healthy Control (HC)
SiCo26,SiCo26_01.txt,Si,0,3.591300992411561e-05,0.9999640583992004,0,Healthy Control (HC)
SiCo26,SiCo26_01.txt,Si,0,3.1941821362124756e-05,0.9999680519104004,0,Healthy Control (HC)
SiCo26,SiCo26_01.txt,Si,0,7.905303937150165e-05,0.9999209642410278,0,Healthy Control (HC)
SiCo26,SiCo26_01.txt,Si,0,3.8229114579735324e-05,0.999961793422699,0,Healthy Control (HC)
SiCo26,SiCo26_01.txt,Si,0,7.411280421365518e-06,0.9999926090240479,0,Healthy Control (HC)
SiCo26,SiCo26_01.txt,Si,0,1.045154840539908e-05,0.9999895691871643,0,Healthy Control (HC)
SiCo26,SiCo26_01.txt,Si,0,1.4174349416862242e-05,0.9999858140945435,0,Healthy Control (HC)
SiCo26,SiCo26_01.txt,Si,0,1.005115973384818e-05,0.999989926815033,0,Healthy Control (HC)
SiCo26,SiCo26_01.txt,Si,0,1.2905907169624697e-05,0.9999870657920837,0,Healthy Control (HC)
SiCo26,SiCo26_01.txt,Si,0,1.1750976227631327e-05,0.9999882578849792,0,Healthy Control (HC)
SiCo26,SiCo26_01.txt,Si,0,1.6964426322374493e-05,0.999983012676239,0,Healthy Control (HC)
SiCo26,SiCo26_01.txt,Si,0,2.4876489987946115e-05,0.9999751448631287,0,Healthy Control (HC)
SiCo26,SiCo26_01.txt,Si,0,3.024195939360652e-05,0.9999697804450989,0,Healthy Control (HC)
SiCo26,SiCo26_01.txt,Si,0,1.9988918211311102e-05,0.9999800324440002,0,Healthy Control (HC)
SiCo26,SiCo26_01.txt,Si,0,5.144220995134674e-05,0.9999485611915588,0,Healthy Control (HC)
SiCo26,SiCo26_01.txt,Si,0,4.9086618673754856e-05,0.9999508857727051,0,Healthy Control (HC)
SiCo26,SiCo26_01.txt,Si,0,3.734356869244948e-05,0.9999626278877258,0,Healthy Control (HC)
SiCo26,SiCo26_01.txt,Si,0,6.657015910604969e-05,0.9999334216117859,0,Healthy Control (HC)
SiCo26,SiCo26_01.txt,Si,0,3.0479141059913673e-05,0.9999695420265198,0,Healthy Control (HC)
SiCo26,SiCo26_01.txt,Si,0,2.1112482500029728e-05,0.9999788999557495,0,Healthy Control (HC)
SiCo26,SiCo26_01.txt,Si,0,1.037021320371423e-05,0.9999896287918091,0,Healthy Control (HC)
SiCo26,SiCo26_01.txt,Si,0,5.2662067901110277e-05,0.9999473094940186,0,Healthy Control (HC)
SiCo26,SiCo26_01.txt,Si,0,0.00011591933434829116,0.9998840689659119,0,Healthy Control (HC)
SiCo26,SiCo26_01.txt,Si,0,4.434627408045344e-05,0.9999556541442871,0,Healthy Control (HC)
SiCo26,SiCo26_01.txt,Si,0,6.402006692951545e-05,0.9999359846115112,0,Healthy Control (HC)
SiCo26,SiCo26_01.txt,Si,0,2.0462934116949327e-05,0.999979555606842,0,Healthy Control (HC)
SiCo26,SiCo26_01.txt,Si,0,5.34913269802928e-05,0.9999465346336365,0,Healthy Control (HC)
SiCo26,SiCo26_01.txt,Si,0,2.3369333575828932e-05,0.999976634979248,0,Healthy Control (HC)
SiCo26,SiCo26_01.txt,Si,0,4.985958003089763e-05,0.999950110912323,0,Healthy Control (HC)
SiCo26,SiCo26_01.txt,Si,0,6.709224544465542e-05,0.9999328851699829,0,Healthy Control (HC)
SiCo26,SiCo26_01.txt,Si,0,7.086326513672248e-05,0.9999291300773621,0,Healthy Control (HC)
SiCo26,SiCo26_01.txt,Si,0,3.144662332488224e-05,0.9999685287475586,0,Healthy Control (HC)
SiCo26,SiCo26_01.txt,Si,0,0.0001097509084502235,0.9998902678489685,0,Healthy Control (HC)
SiCo26,SiCo26_01.txt,Si,0,5.475977377500385e-05,0.9999452233314514,0,Healthy Control (HC)
SiCo26,SiCo26_01.txt,Si,0,3.1201914680423215e-05,0.9999688267707825,0,Healthy Control (HC)
SiCo26,SiCo26_01.txt,Si,0,9.535461140330881e-05,0.9999046325683594,0,Healthy Control (HC)
SiCo26,SiCo26_01.txt,Si,0,0.00014202363672666252,0.9998579621315002,0,Healthy Control (HC)
SiPt04,SiPt04_01.txt,Si,1,0.003991728648543358,0.9960082769393921,0,Healthy Control (HC)
SiPt04,SiPt04_01.txt,Si,1,0.005179712548851967,0.9948202967643738,0,Healthy Control (HC)
SiPt04,SiPt04_01.txt,Si,1,0.0004821761976927519,0.9995177984237671,0,Healthy Control (HC)
SiPt04,SiPt04_01.txt,Si,1,0.0002891032490879297,0.9997109174728394,0,Healthy Control (HC)
SiPt04,SiPt04_01.txt,Si,1,0.0002780309587251395,0.9997219443321228,0,Healthy Control (HC)
SiPt04,SiPt04_01.txt,Si,1,0.00014202363672666252,0.9998579621315002,0,Healthy Control (HC)
SiPt04,SiPt04_01.txt,Si,1,9.387641330249608e-05,0.9999061226844788,0,Healthy Control (HC)
SiPt04,SiPt04_01.txt,Si,1,0.000191104321856983,0.9998089075088501,0,Healthy Control (HC)
SiPt04,SiPt04_01.txt,Si,1,0.00039821304380893707,0.9996017813682556,0,Healthy Control (HC)
SiPt04,SiPt04_01.txt,Si,1,0.00029137005913071334,0.9997086524963379,0,Healthy Control (HC)
SiPt04,SiPt04_01.txt,Si,1,0.0012303582625463605,0.9987696409225464,0,Healthy Control (HC)
SiPt04,SiPt04_01.txt,Si,1,0.002889581024646759,0.9971104264259338,0,Healthy Control (HC)
SiPt04,SiPt04_01.txt,Si,1,0.35756751894950867,0.642432451248169,0,Healthy Control (HC)
SiPt04,SiPt04_01.txt,Si,1,0.010489090345799923,0.9895108938217163,0,Healthy Control (HC)
SiPt04,SiPt04_01.txt,Si,1,0.0005636750720441341,0.9994363188743591,0,Healthy Control (HC)
SiPt04,SiPt04_01.txt,Si,1,6.253713218029588e-05,0.9999374747276306,0,Healthy Control (HC)
SiPt04,SiPt04_01.txt,Si,1,0.0006932422984391451,0.9993067383766174,0,Healthy Control (HC)
SiPt04,SiPt04_01.txt,Si,1,0.00024536947603337467,0.9997546076774597,0,Healthy Control (HC)
SiPt04,SiPt04_01.txt,Si,1,5.144220995134674e-05,0.9999485611915588,0,Healthy Control (HC)
SiPt04,SiPt04_01.txt,Si,1,0.00010720880527514964,0.9998927712440491,0,Healthy Control (HC)
SiPt04,SiPt04_01.txt,Si,1,7.484622619813308e-05,0.9999251365661621,0,Healthy Control (HC)
SiPt04,SiPt04_01.txt,Si,1,9.7615658887662e-05,0.9999023675918579,0,Healthy Control (HC)
SiPt04,SiPt04_01.txt,Si,1,0.00628990214318037,0.9937101006507874,0,Healthy Control (HC)
SiPt04,SiPt04_01.txt,Si,1,0.07120272517204285,0.9287972450256348,0,Healthy Control (HC)
SiPt04,SiPt04_01.txt,Si,1,0.8283842206001282,0.17161577939987183,1,Parkinson's Disease (PD)
SiPt04,SiPt04_01.txt,Si,1,0.1598721444606781,0.8401278257369995,0,Healthy Control (HC)
SiPt04,SiPt04_01.txt,Si,1,0.031084951013326645,0.9689150452613831,0,Healthy Control (HC)
SiPt04,SiPt04_01.txt,Si,1,0.00457386439666152,0.9954261183738708,0,Healthy Control (HC)
SiPt04,SiPt04_01.txt,Si,1,0.0017546144081279635,0.998245358467102,0,Healthy Control (HC)
SiPt04,SiPt04_01.txt,Si,1,0.0024154833517968655,0.9975845217704773,0,Healthy Control (HC)
SiPt04,SiPt04_01.txt,Si,1,0.11656273901462555,0.8834372758865356,0,Healthy Control (HC)
SiPt04,SiPt04_01.txt,Si,1,0.09501305222511292,0.9049869775772095,0,Healthy Control (HC)
SiPt04,SiPt04_01.txt,Si,1,0.0019117692718282342,0.9980882406234741,0,Healthy Control (HC)
SiPt04,SiPt04_01.txt,Si,1,0.0003697388747241348,0.9996302723884583,0,Healthy Control (HC)
SiPt04,SiPt04_01.txt,Si,1,0.057918086647987366,0.9420819282531738,0,Healthy Control (HC)
SiPt04,SiPt04_01.txt,Si,1,0.029986508190631866,0.9700134992599487,0,Healthy Control (HC)
SiPt04,SiPt04_01.txt,Si,1,0.020606474950909615,0.9793935418128967,0,Healthy Control (HC)
SiPt04,SiPt04_01.txt,Si,1,0.6839474439620972,0.31605255603790283,1,Parkinson's Disease (PD)
SiPt04,SiPt04_01.txt,Si,1,0.4041546583175659,0.5958453416824341,0,Healthy Control (HC)
SiPt04,SiPt04_01.txt,Si,1,0.03810661658644676,0.9618933796882629,0,Healthy Control (HC)
SiPt04,SiPt04_01.txt,Si,1,0.011158031411468983,0.9888419508934021,0,Healthy Control (HC)
SiPt04,SiPt04_01.txt,Si,1,0.00020825010142289102,0.9997917413711548,0,Healthy Control (HC)
SiPt04,SiPt04_01.txt,Si,1,0.00031258779927156866,0.9996874332427979,0,Healthy Control (HC)
SiPt04,SiPt04_01.txt,Si,1,0.000552778656128794,0.999447226524353,0,Healthy Control (HC)
SiPt04,SiPt04_01.txt,Si,1,0.0011740821646526456,0.9988259077072144,0,Healthy Control (HC)
SiPt04,SiPt04_01.txt,Si,1,0.0033634924329817295,0.9966365098953247,0,Healthy Control (HC)
SiPt04,SiPt04_01.txt,Si,1,0.000317508791340515,0.9996824860572815,0,Healthy Control (HC)
SiPt04,SiPt04_01.txt,Si,1,0.0001195985751110129,0.9998803734779358,0,Healthy Control (HC)
SiPt10,SiPt10_01.txt,Si,1,0.020964240655303,0.9790357351303101,0,Healthy Control (HC)
SiPt10,SiPt10_01.txt,Si,1,0.03547750413417816,0.9645224809646606,0,Healthy Control (HC)
SiPt10,SiPt10_01.txt,Si,1,0.01057048887014389,0.9894295334815979,0,Healthy Control (HC)
SiPt10,SiPt10_01.txt,Si,1,0.014503579586744308,0.9854964017868042,0,Healthy Control (HC)
SiPt10,SiPt10_01.txt,Si,1,0.0006190416170284152,0.9993809461593628,0,Healthy Control (HC)
SiPt10,SiPt10_01.txt,Si,1,0.0009659748757258058,0.99903404712677,0,Healthy Control (HC)
SiPt10,SiPt10_01.txt,Si,1,0.008412977680563927,0.9915870428085327,0,Healthy Control (HC)
SiPt10,SiPt10_01.txt,Si,1,0.10743747651576996,0.8925625085830688,0,Healthy Control (HC)
SiPt10,SiPt10_01.txt,Si,1,0.00815624836832285,0.9918437600135803,0,Healthy Control (HC)
SiPt10,SiPt10_01.txt,Si,1,0.19790911674499512,0.8020908832550049,0,Healthy Control (HC)
SiPt10,SiPt10_01.txt,Si,1,0.9753900170326233,0.02460998296737671,1,Parkinson's Disease (PD)
SiPt10,SiPt10_01.txt,Si,1,0.999562680721283,0.000437319278717041,1,Parkinson's Disease (PD)
SiPt10,SiPt10_01.txt,Si,1,0.2349328249692917,0.7650671601295471,0,Healthy Control (HC)
SiPt10,SiPt10_01.txt,Si,1,0.6471295356750488,0.35287046432495117,1,Parkinson's Disease (PD)
SiPt10,SiPt10_01.txt,Si,1,0.9979966282844543,0.0020033717155456543,1,Parkinson's Disease (PD)
SiPt10,SiPt10_01.txt,Si,1,0.6980207562446594,0.3019792437553406,1,Parkinson's Disease (PD)
SiPt10,SiPt10_01.txt,Si,1,0.9906600117683411,0.009339988231658936,1,Parkinson's Disease (PD)
SiPt10,SiPt10_01.txt,Si,1,0.9980657696723938,0.0019342303276062012,1,Parkinson's Disease (PD)
SiPt10,SiPt10_01.txt,Si,1,0.9998133778572083,0.00018662214279174805,1,Parkinson's Disease (PD)
SiPt10,SiPt10_01.txt,Si,1,0.9991030693054199,0.0008969306945800781,1,Parkinson's Disease (PD)
SiPt10,SiPt10_01.txt,Si,1,0.9997783303260803,0.00022166967391967773,1,Parkinson's Disease (PD)
SiPt10,SiPt10_01.txt,Si,1,0.9993358254432678,0.0006641745567321777,1,Parkinson's Disease (PD)
SiPt10,SiPt10_01.txt,Si,1,0.9982590079307556,0.0017409920692443848,1,Parkinson's Disease (PD)
SiPt10,SiPt10_01.txt,Si,1,0.039048291742801666,0.9609516859054565,0,Healthy Control (HC)
SiPt10,SiPt10_01.txt,Si,1,0.08434179425239563,0.9156582355499268,0,Healthy Control (HC)
SiPt10,SiPt10_01.txt,Si,1,0.8101786971092224,0.1898213028907776,1,Parkinson's Disease (PD)
SiPt10,SiPt10_01.txt,Si,1,0.23318208754062653,0.7668179273605347,0,Healthy Control (HC)
SiPt10,SiPt10_01.txt,Si,1,0.2976740598678589,0.7023259401321411,0,Healthy Control (HC)
SiPt10,SiPt10_01.txt,Si,1,0.5179671049118042,0.4820328950881958,1,Parkinson's Disease (PD)
SiPt10,SiPt10_01.txt,Si,1,0.9955142140388489,0.004485785961151123,1,Parkinson's Disease (PD)
SiPt10,SiPt10_01.txt,Si,1,0.8194603323936462,0.18053966760635376,1,Parkinson's Disease (PD)
SiPt10,SiPt10_01.txt,Si,1,0.533822774887085,0.46617722511291504,1,Parkinson's Disease (PD)
SiPt10,SiPt10_01.txt,Si,1,0.2276410013437271,0.7723590135574341,0,Healthy Control (HC)
SiPt10,SiPt10_01.txt,Si,1,0.0120537793263793,0.9879462122917175,0,Healthy Control (HC)
SiPt10,SiPt10_01.txt,Si,1,0.022933565080165863,0.9770664572715759,0,Healthy Control (HC)
SiPt10,SiPt10_01.txt,Si,1,0.36296918988227844,0.637030839920044,0,Healthy Control (HC)
SiPt10,SiPt10_01.txt,Si,1,0.26511871814727783,0.7348812818527222,0,Healthy Control (HC)
SiPt10,SiPt10_01.txt,Si,1,0.0787840187549591,0.9212160110473633,0,Healthy Control (HC)
SiPt10,SiPt10_01.txt,Si,1,0.9293122291564941,0.07068777084350586,1,Parkinson's Disease (PD)
SiPt10,SiPt10_01.txt,Si,1,0.1619819551706314,0.8380180597305298,0,Healthy Control (HC)
SiPt10,SiPt10_01.txt,Si,1,0.005001672077924013,0.9949983358383179,0,Healthy Control (HC)
SiPt10,SiPt10_01.txt,Si,1,0.0037800956051796675,0.9962199330329895,0,Healthy Control (HC)
SiPt10,SiPt10_01.txt,Si,1,0.8731066584587097,0.12689334154129028,1,Parkinson's Disease (PD)
SiPt10,SiPt10_01.txt,Si,1,0.8864204287528992,0.11357957124710083,1,Parkinson's Disease (PD)
SiPt10,SiPt10_01.txt,Si,1,0.6175702810287476,0.38242971897125244,1,Parkinson's Disease (PD)
SiPt10,SiPt10_01.txt,Si,1,0.9531006813049316,0.04689931869506836,1,Parkinson's Disease (PD)
SiPt10,SiPt10_01.txt,Si,1,0.9985674619674683,0.0014325380325317383,1,Parkinson's Disease (PD)
SiPt10,SiPt10_01.txt,Si,1,0.9985334873199463,0.001466512680053711,1,Parkinson's Disease (PD)
SiPt17,SiPt17_01.txt,Si,1,0.36161547899246216,0.6383845210075378,0,Healthy Control (HC)
SiPt17,SiPt17_01.txt,Si,1,0.012970386072993279,0.9870296120643616,0,Healthy Control (HC)
SiPt17,SiPt17_01.txt,Si,1,0.09122006595134735,0.9087799191474915,0,Healthy Control (HC)
SiPt17,SiPt17_01.txt,Si,1,0.26721689105033875,0.7327830791473389,0,Healthy Control (HC)
SiPt17,SiPt17_01.txt,Si,1,0.28279000520706177,0.7172099947929382,0,Healthy Control (HC)
SiPt17,SiPt17_01.txt,Si,1,0.8689380288124084,0.13106197118759155,1,Parkinson's Disease (PD)
SiPt17,SiPt17_01.txt,Si,1,0.575289785861969,0.424710214138031,1,Parkinson's Disease (PD)
SiPt17,SiPt17_01.txt,Si,1,0.6483550071716309,0.35164499282836914,1,Parkinson's Disease (PD)
SiPt17,SiPt17_01.txt,Si,1,0.9735944867134094,0.026405513286590576,1,Parkinson's Disease (PD)
SiPt17,SiPt17_01.txt,Si,1,0.8889517188072205,0.11104828119277954,1,Parkinson's Disease (PD)
SiPt17,SiPt17_01.txt,Si,1,0.9313377141952515,0.06866228580474854,1,Parkinson's Disease (PD)
SiPt17,SiPt17_01.txt,Si,1,0.9998377561569214,0.00016224384307861328,1,Parkinson's Disease (PD)
SiPt17,SiPt17_01.txt,Si,1,0.9989225268363953,0.0010774731636047363,1,Parkinson's Disease (PD)
SiPt17,SiPt17_01.txt,Si,1,0.9235923886299133,0.07640761137008667,1,Parkinson's Disease (PD)
SiPt17,SiPt17_01.txt,Si,1,0.7664684653282166,0.23353153467178345,1,Parkinson's Disease (PD)
SiPt17,SiPt17_01.txt,Si,1,0.05429893732070923,0.9457010626792908,0,Healthy Control (HC)
SiPt17,SiPt17_01.txt,Si,1,0.08254930377006531,0.9174506664276123,0,Healthy Control (HC)
SiPt17,SiPt17_01.txt,Si,1,0.23846149444580078,0.7615385055541992,0,Healthy Control (HC)
SiPt17,SiPt17_01.txt,Si,1,0.07316472381353378,0.926835298538208,0,Healthy Control (HC)
SiPt17,SiPt17_01.txt,Si,1,0.015543648041784763,0.9844563603401184,0,Healthy Control (HC)
SiPt17,SiPt17_01.txt,Si,1,0.5077775716781616,0.4922224283218384,1,Parkinson's Disease (PD)
SiPt17,SiPt17_01.txt,Si,1,0.5857529640197754,0.4142470359802246,1,Parkinson's Disease (PD)
SiPt17,SiPt17_01.txt,Si,1,0.5717068314552307,0.4282931685447693,1,Parkinson's Disease (PD)
SiPt17,SiPt17_01.txt,Si,1,0.9839090704917908,0.01609092950820923,1,Parkinson's Disease (PD)
SiPt17,SiPt17_01.txt,Si,1,0.9887554049491882,0.011244595050811768,1,Parkinson's Disease (PD)
SiPt17,SiPt17_01.txt,Si,1,0.9287972450256348,0.07120275497436523,1,Parkinson's Disease (PD)
SiPt17,SiPt17_01.txt,Si,1,0.07906799018383026,0.9209319949150085,0,Healthy Control (HC)
SiPt17,SiPt17_01.txt,Si,1,0.021287351846694946,0.9787126779556274,0,Healthy Control (HC)
SiPt17,SiPt17_01.txt,Si,1,0.036700353026390076,0.9632996320724487,0,Healthy Control (HC)
SiPt17,SiPt17_01.txt,Si,1,0.20481863617897034,0.795181393623352,0,Healthy Control (HC)
SiPt17,SiPt17_01.txt,Si,1,0.6847912669181824,0.3152087330818176,1,Parkinson's Disease (PD)
SiPt17,SiPt17_01.txt,Si,1,0.3643251061439514,0.6356748938560486,0,Healthy Control (HC)
SiPt17,SiPt17_01.txt,Si,1,0.9102266430854797,0.08977335691452026,1,Parkinson's Disease (PD)
SiPt17,SiPt17_01.txt,Si,1,0.993854820728302,0.006145179271697998,1,Parkinson's Disease (PD)
SiPt17,SiPt17_01.txt,Si,1,0.9738444089889526,0.026155591011047363,1,Parkinson's Disease (PD)
SiPt17,SiPt17_01.txt,Si,1,0.9988027811050415,0.001197218894958496,1,Parkinson's Disease (PD)
SiPt17,SiPt17_01.txt,Si,1,0.9999481439590454,5.1856040954589844e-05,1,Parkinson's Disease (PD)
SiPt17,SiPt17_01.txt,Si,1,0.9988304972648621,0.0011695027351379395,1,Parkinson's Disease (PD)
SiPt17,SiPt17_01.txt,Si,1,0.31615808606147766,0.6838419437408447,0,Healthy Control (HC)
SiPt17,SiPt17_01.txt,Si,1,0.02742854133248329,0.9725714325904846,0,Healthy Control (HC)
SiPt17,SiPt17_01.txt,Si,1,0.0892956480383873,0.9107043743133545,0,Healthy Control (HC)
SiPt17,SiPt17_01.txt,Si,1,0.3463202118873596,0.6536797881126404,0,Healthy Control (HC)
SiPt17,SiPt17_01.txt,Si,1,0.09568694233894348,0.9043130874633789,0,Healthy Control (HC)
SiPt17,SiPt17_01.txt,Si,1,0.08151976019144058,0.9184802174568176,0,Healthy Control (HC)
SiPt17,SiPt17_01.txt,Si,1,0.5043296217918396,0.4956703782081604,1,Parkinson's Disease (PD)
SiPt17,SiPt17_01.txt,Si,1,0.242923304438591,0.7570766806602478,0,Healthy Control (HC)
SiPt17,SiPt17_01.txt,Si,1,0.3663630187511444,0.6336369514465332,0,Healthy Control (HC)
SiPt17,SiPt17_01.txt,Si,1,0.8455602526664734,0.1544397473335266,1,Parkinson's Disease (PD)
SiPt27,SiPt27_01.txt,Si,1,0.9928786158561707,0.007121384143829346,1,Parkinson's Disease (PD)
SiPt27,SiPt27_01.txt,Si,1,0.9997817873954773,0.00021821260452270508,1,Parkinson's Disease (PD)
SiPt27,SiPt27_01.txt,Si,1,0.9998633861541748,0.0001366138458251953,1,Parkinson's Disease (PD)
SiPt27,SiPt27_01.txt,Si,1,0.9998013377189636,0.00019866228103637695,1,Parkinson's Disease (PD)
SiPt27,SiPt27_01.txt,Si,1,0.9998148083686829,0.00018519163131713867,1,Parkinson's Disease (PD)
SiPt27,SiPt27_01.txt,Si,1,0.9998644590377808,0.00013554096221923828,1,Parkinson's Disease (PD)
SiPt27,SiPt27_01.txt,Si,1,0.9998522996902466,0.00014770030975341797,1,Parkinson's Disease (PD)
SiPt27,SiPt27_01.txt,Si,1,0.9998013377189636,0.00019866228103637695,1,Parkinson's Disease (PD)
SiPt27,SiPt27_01.txt,Si,1,0.9998260140419006,0.00017398595809936523,1,Parkinson's Disease (PD)
SiPt27,SiPt27_01.txt,Si,1,0.9998968839645386,0.00010311603546142578,1,Parkinson's Disease (PD)
SiPt27,SiPt27_01.txt,Si,1,0.9998977184295654,0.00010228157043457031,1,Parkinson's Disease (PD)
SiPt27,SiPt27_01.txt,Si,1,0.9998960494995117,0.00010395050048828125,1,Parkinson's Disease (PD)
SiPt27,SiPt27_01.txt,Si,1,0.9998148083686829,0.00018519163131713867,1,Parkinson's Disease (PD)
SiPt27,SiPt27_01.txt,Si,1,0.9996750354766846,0.0003249645233154297,1,Parkinson's Disease (PD)
SiPt27,SiPt27_01.txt,Si,1,0.9996566772460938,0.00034332275390625,1,Parkinson's Disease (PD)
SiPt27,SiPt27_01.txt,Si,1,0.9997730851173401,0.0002269148826599121,1,Parkinson's Disease (PD)
SiPt27,SiPt27_01.txt,Si,1,0.9998300075531006,0.00016999244689941406,1,Parkinson's Disease (PD)
SiPt27,SiPt27_01.txt,Si,1,0.9998365640640259,0.0001634359359741211,1,Parkinson's Disease (PD)
SiPt27,SiPt27_01.txt,Si,1,0.9998726844787598,0.00012731552124023438,1,Parkinson's Disease (PD)
SiPt27,SiPt27_01.txt,Si,1,0.9998775720596313,0.00012242794036865234,1,Parkinson's Disease (PD)
SiPt27,SiPt27_01.txt,Si,1,0.9998557567596436,0.0001442432403564453,1,Parkinson's Disease (PD)
SiPt27,SiPt27_01.txt,Si,1,0.9998326301574707,0.00016736984252929688,1,Parkinson's Disease (PD)
SiPt27,SiPt27_01.txt,Si,1,0.9996458292007446,0.0003541707992553711,1,Parkinson's Disease (PD)
SiPt27,SiPt27_01.txt,Si,1,0.9995842576026917,0.0004157423973083496,1,Parkinson's Disease (PD)
SiPt27,SiPt27_01.txt,Si,1,0.9997884631156921,0.00021153688430786133,1,Parkinson's Disease (PD)
SiPt27,SiPt27_01.txt,Si,1,0.9998452663421631,0.00015473365783691406,1,Parkinson's Disease (PD)
SiPt27,SiPt27_01.txt,Si,1,0.9998794794082642,0.00012052059173583984,1,Parkinson's Disease (PD)
SiPt27,SiPt27_01.txt,Si,1,0.999891996383667,0.00010800361633300781,1,Parkinson's Disease (PD)
SiPt27,SiPt27_01.txt,Si,1,0.9998902082443237,0.00010979175567626953,1,Parkinson's Disease (PD)
SiPt27,SiPt27_01.txt,Si,1,0.9998952150344849,0.00010478496551513672,1,Parkinson's Disease (PD)
SiPt27,SiPt27_01.txt,Si,1,0.9998579025268555,0.00014209747314453125,1,Parkinson's Disease (PD)
SiPt27,SiPt27_01.txt,Si,1,0.9998534917831421,0.00014650821685791016,1,Parkinson's Disease (PD)
SiPt27,SiPt27_01.txt,Si,1,0.9998655319213867,0.00013446807861328125,1,Parkinson's Disease (PD)
SiPt27,SiPt27_01.txt,Si,1,0.9998859167098999,0.00011408329010009766,1,Parkinson's Disease (PD)
SiPt27,SiPt27_01.txt,Si,1,0.99988853931427,0.00011146068572998047,1,Parkinson's Disease (PD)
SiPt27,SiPt27_01.txt,Si,1,0.9997765421867371,0.00022345781326293945,1,Parkinson's Disease (PD)
SiPt27,SiPt27_01.txt,Si,1,0.9997933506965637,0.0002066493034362793,1,Parkinson's Disease (PD)
SiPt27,SiPt27_01.txt,Si,1,0.9998218417167664,0.00017815828323364258,1,Parkinson's Disease (PD)
SiPt27,SiPt27_01.txt,Si,1,0.9998464584350586,0.00015354156494140625,1,Parkinson's Disease (PD)
SiPt27,SiPt27_01.txt,Si,1,0.9998579025268555,0.00014209747314453125,1,Parkinson's Disease (PD)
SiPt27,SiPt27_01.txt,Si,1,0.9998377561569214,0.00016224384307861328,1,Parkinson's Disease (PD)
SiPt27,SiPt27_01.txt,Si,1,0.9998300075531006,0.00016999244689941406,1,Parkinson's Disease (PD)
SiPt27,SiPt27_01.txt,Si,1,0.9997851252555847,0.0002148747444152832,1,Parkinson's Disease (PD)
SiPt27,SiPt27_01.txt,Si,1,0.999779999256134,0.0002200007438659668,1,Parkinson's Disease (PD)
SiPt27,SiPt27_01.txt,Si,1,0.999840259552002,0.00015974044799804688,1,Parkinson's Disease (PD)
SiPt27,SiPt27_01.txt,Si,1,0.9996471405029297,0.0003528594970703125,1,Parkinson's Disease (PD)
SiPt27,SiPt27_01.txt,Si,1,0.9995005130767822,0.0004994869232177734,1,Parkinson's Disease (PD)
SiPt27,SiPt27_01.txt,Si,1,0.9996345043182373,0.0003654956817626953,1,Parkinson's Disease (PD)
SiPt29,SiPt29_01.txt,Si,1,0.9816303849220276,0.018369615077972412,1,Parkinson's Disease (PD)
SiPt29,SiPt29_01.txt,Si,1,0.9852146506309509,0.014785349369049072,1,Parkinson's Disease (PD)
SiPt29,SiPt29_01.txt,Si,1,0.9968519806861877,0.003148019313812256,1,Parkinson's Disease (PD)
SiPt29,SiPt29_01.txt,Si,1,0.9991169571876526,0.0008830428123474121,1,Parkinson's Disease (PD)
SiPt29,SiPt29_01.txt,Si,1,0.998807430267334,0.0011925697326660156,1,Parkinson's Disease (PD)
SiPt29,SiPt29_01.txt,Si,1,0.9997468590736389,0.000253140926361084,1,Parkinson's Disease (PD)
SiPt29,SiPt29_01.txt,Si,1,0.9985162615776062,0.0014837384223937988,1,Parkinson's Disease (PD)
SiPt29,SiPt29_01.txt,Si,1,0.994551956653595,0.005448043346405029,1,Parkinson's Disease (PD)
SiPt29,SiPt29_01.txt,Si,1,0.9994663596153259,0.0005336403846740723,1,Parkinson's Disease (PD)
SiPt29,SiPt29_01.txt,Si,1,0.9987004995346069,0.0012995004653930664,1,Parkinson's Disease (PD)
SiPt29,SiPt29_01.txt,Si,1,0.9895108342170715,0.010489165782928467,1,Parkinson's Disease (PD)
SiPt29,SiPt29_01.txt,Si,1,0.9990226030349731,0.0009773969650268555,1,Parkinson's Disease (PD)
SiPt29,SiPt29_01.txt,Si,1,0.999869704246521,0.0001302957534790039,1,Parkinson's Disease (PD)
SiPt29,SiPt29_01.txt,Si,1,0.9997765421867371,0.00022345781326293945,1,Parkinson's Disease (PD)
SiPt29,SiPt29_01.txt,Si,1,0.9998028874397278,0.0001971125602722168,1,Parkinson's Disease (PD)
SiPt29,SiPt29_01.txt,Si,1,0.8354835510253906,0.16451644897460938,1,Parkinson's Disease (PD)
SiPt29,SiPt29_01.txt,Si,1,0.0650087296962738,0.9349912405014038,0,Healthy Control (HC)
SiPt29,SiPt29_01.txt,Si,1,0.9993281364440918,0.0006718635559082031,1,Parkinson's Disease (PD)
SiPt29,SiPt29_01.txt,Si,1,0.9998133778572083,0.00018662214279174805,1,Parkinson's Disease (PD)
SiPt29,SiPt29_01.txt,Si,1,0.999843955039978,0.00015604496002197266,1,Parkinson's Disease (PD)
SiPt29,SiPt29_01.txt,Si,1,0.9998928308486938,0.00010716915130615234,1,Parkinson's Disease (PD)
SiPt29,SiPt29_01.txt,Si,1,0.9998831748962402,0.00011682510375976562,1,Parkinson's Disease (PD)
SiPt29,SiPt29_01.txt,Si,1,0.999891996383667,0.00010800361633300781,1,Parkinson's Disease (PD)
SiPt29,SiPt29_01.txt,Si,1,0.9998675584793091,0.00013244152069091797,1,Parkinson's Disease (PD)
SiPt29,SiPt29_01.txt,Si,1,0.9995487332344055,0.0004512667655944824,1,Parkinson's Disease (PD)
SiPt29,SiPt29_01.txt,Si,1,0.11636176705360413,0.8836382627487183,0,Healthy Control (HC)
SiPt29,SiPt29_01.txt,Si,1,0.05717659741640091,0.9428234100341797,0,Healthy Control (HC)
SiPt29,SiPt29_01.txt,Si,1,0.1716158092021942,0.8283841609954834,0,Healthy Control (HC)
SiPt29,SiPt29_01.txt,Si,1,0.4921652376651764,0.507834792137146,0,Healthy Control (HC)
SiPt29,SiPt29_01.txt,Si,1,0.9974787831306458,0.002521216869354248,1,Parkinson's Disease (PD)
SiPt29,SiPt29_01.txt,Si,1,0.9998286962509155,0.00017130374908447266,1,Parkinson's Disease (PD)
SiPt29,SiPt29_01.txt,Si,1,0.9999103546142578,8.96453857421875e-05,1,Parkinson's Disease (PD)
SiPt29,SiPt29_01.txt,Si,1,0.9998675584793091,0.00013244152069091797,1,Parkinson's Disease (PD)
SiPt29,SiPt29_01.txt,Si,1,0.9978426694869995,0.0021573305130004883,1,Parkinson's Disease (PD)
SiPt29,SiPt29_01.txt,Si,1,0.9877113699913025,0.01228863000869751,1,Parkinson's Disease (PD)
SiPt29,SiPt29_01.txt,Si,1,0.9973165392875671,0.0026834607124328613,1,Parkinson's Disease (PD)
SiPt29,SiPt29_01.txt,Si,1,0.9979572296142578,0.0020427703857421875,1,Parkinson's Disease (PD)
SiPt29,SiPt29_01.txt,Si,1,0.9684410095214844,0.031558990478515625,1,Parkinson's Disease (PD)
SiPt29,SiPt29_01.txt,Si,1,0.9866748452186584,0.013325154781341553,1,Parkinson's Disease (PD)
SiPt29,SiPt29_01.txt,Si,1,0.9935867786407471,0.00641322135925293,1,Parkinson's Disease (PD)
SiPt29,SiPt29_01.txt,Si,1,0.9993307590484619,0.0006692409515380859,1,Parkinson's Disease (PD)
SiPt29,SiPt29_01.txt,Si,1,0.9996287822723389,0.0003712177276611328,1,Parkinson's Disease (PD)
SiPt29,SiPt29_01.txt,Si,1,0.9994887113571167,0.0005112886428833008,1,Parkinson's Disease (PD)
SiPt29,SiPt29_01.txt,Si,1,0.9997367262840271,0.0002632737159729004,1,Parkinson's Disease (PD)
SiPt29,SiPt29_01.txt,Si,1,0.9996724128723145,0.0003275871276855469,1,Parkinson's Disease (PD)
SiPt29,SiPt29_01.txt,Si,1,0.9997387528419495,0.0002612471580505371,1,Parkinson's Disease (PD)
SiPt29,SiPt29_01.txt,Si,1,0.9999068975448608,9.310245513916016e-05,1,Parkinson's Disease (PD)
SiPt29,SiPt29_01.txt,Si,1,0.9999302625656128,6.973743438720703e-05,1,Parkinson's Disease (PD)
SiPt32,SiPt32_01.txt,Si,1,0.7532851696014404,0.24671483039855957,1,Parkinson's Disease (PD)
SiPt32,SiPt32_01.txt,Si,1,0.6312534213066101,0.3687465786933899,1,Parkinson's Disease (PD)
SiPt32,SiPt32_01.txt,Si,1,0.8341368436813354,0.16586315631866455,1,Parkinson's Disease (PD)
SiPt32,SiPt32_01.txt,Si,1,0.9019206762313843,0.09807932376861572,1,Parkinson's Disease (PD)
SiPt32,SiPt32_01.txt,Si,1,0.788257360458374,0.21174263954162598,1,Parkinson's Disease (PD)
SiPt32,SiPt32_01.txt,Si,1,0.9323301911354065,0.0676698088645935,1,Parkinson's Disease (PD)
SiPt32,SiPt32_01.txt,Si,1,0.9533619284629822,0.04663807153701782,1,Parkinson's Disease (PD)
SiPt32,SiPt32_01.txt,Si,1,0.9469902515411377,0.053009748458862305,1,Parkinson's Disease (PD)
SiPt32,SiPt32_01.txt,Si,1,0.951323390007019,0.04867660999298096,1,Parkinson's Disease (PD)
SiPt32,SiPt32_01.txt,Si,1,0.3991088271141052,0.6008911728858948,0,Healthy Control (HC)
SiPt32,SiPt32_01.txt,Si,1,0.21223202347755432,0.7877680063247681,0,Healthy Control (HC)
SiPt32,SiPt32_01.txt,Si,1,0.7706374526023865,0.22936254739761353,1,Parkinson's Disease (PD)
SiPt32,SiPt32_01.txt,Si,1,0.9190633296966553,0.08093667030334473,1,Parkinson's Disease (PD)
SiPt32,SiPt32_01.txt,Si,1,0.9764007329940796,0.02359926700592041,1,Parkinson's Disease (PD)
SiPt32,SiPt32_01.txt,Si,1,0.9461008310317993,0.053899168968200684,1,Parkinson's Disease (PD)
SiPt32,SiPt32_01.txt,Si,1,0.9460012316703796,0.05399876832962036,1,Parkinson's Disease (PD)
SiPt32,SiPt32_01.txt,Si,1,0.9700703024864197,0.029929697513580322,1,Parkinson's Disease (PD)
SiPt32,SiPt32_01.txt,Si,1,0.9767580628395081,0.023241937160491943,1,Parkinson's Disease (PD)
SiPt32,SiPt32_01.txt,Si,1,0.9413313865661621,0.05866861343383789,1,Parkinson's Disease (PD)
SiPt32,SiPt32_01.txt,Si,1,0.892375111579895,0.10762488842010498,1,Parkinson's Disease (PD)
SiPt32,SiPt32_01.txt,Si,1,0.9536217451095581,0.046378254890441895,1,Parkinson's Disease (PD)
SiPt32,SiPt32_01.txt,Si,1,0.8282453417778015,0.1717546582221985,1,Parkinson's Disease (PD)
SiPt32,SiPt32_01.txt,Si,1,0.892375111579895,0.10762488842010498,1,Parkinson's Disease (PD)
SiPt32,SiPt32_01.txt,Si,1,0.9692660570144653,0.030733942985534668,1,Parkinson's Disease (PD)
SiPt32,SiPt32_01.txt,Si,1,0.9460012316703796,0.05399876832962036,1,Parkinson's Disease (PD)
SiPt32,SiPt32_01.txt,Si,1,0.9268352389335632,0.07316476106643677,1,Parkinson's Disease (PD)
SiPt32,SiPt32_01.txt,Si,1,0.7195807099342346,0.2804192900657654,1,Parkinson's Disease (PD)
SiPt32,SiPt32_01.txt,Si,1,0.7320175170898438,0.26798248291015625,1,Parkinson's Disease (PD)
SiPt32,SiPt32_01.txt,Si,1,0.9536217451095581,0.046378254890441895,1,Parkinson's Disease (PD)
SiPt32,SiPt32_01.txt,Si,1,0.9722570776939392,0.02774292230606079,1,Parkinson's Disease (PD)
SiPt32,SiPt32_01.txt,Si,1,0.8971559405326843,0.10284405946731567,1,Parkinson's Disease (PD)
SiPt32,SiPt32_01.txt,Si,1,0.7604727745056152,0.23952722549438477,1,Parkinson's Disease (PD)
SiPt32,SiPt32_01.txt,Si,1,0.9591543078422546,0.04084569215774536,1,Parkinson's Disease (PD)
SiPt32,SiPt32_01.txt,Si,1,0.961605966091156,0.038394033908843994,1,Parkinson's Disease (PD)
SiPt32,SiPt32_01.txt,Si,1,0.9669140577316284,0.03308594226837158,1,Parkinson's Disease (PD)
SiPt32,SiPt32_01.txt,Si,1,0.9517737030982971,0.04822629690170288,1,Parkinson's Disease (PD)
SiPt32,SiPt32_01.txt,Si,1,0.8460696339607239,0.15393036603927612,1,Parkinson's Disease (PD)
SiPt32,SiPt32_01.txt,Si,1,0.9187722206115723,0.08122777938842773,1,Parkinson's Disease (PD)
SiPt32,SiPt32_01.txt,Si,1,0.9960082769393921,0.00399172306060791,1,Parkinson's Disease (PD)
SiPt32,SiPt32_01.txt,Si,1,0.9383503198623657,0.06164968013763428,1,Parkinson's Disease (PD)
SiPt32,SiPt32_01.txt,Si,1,0.5789243578910828,0.42107564210891724,1,Parkinson's Disease (PD)
SiPt32,SiPt32_01.txt,Si,1,0.26114246249198914,0.7388575077056885,0,Healthy Control (HC)
SiPt32,SiPt32_01.txt,Si,1,0.47825467586517334,0.5217453241348267,0,Healthy Control (HC)
SiPt32,SiPt32_01.txt,Si,1,0.9799382090568542,0.020061790943145752,1,Parkinson's Disease (PD)
SiPt32,SiPt32_01.txt,Si,1,0.9900250434875488,0.009974956512451172,1,Parkinson's Disease (PD)
SiPt32,SiPt32_01.txt,Si,1,0.9210741519927979,0.07892584800720215,1,Parkinson's Disease (PD)
SiPt32,SiPt32_01.txt,Si,1,0.8927496671676636,0.10725033283233643,1,Parkinson's Disease (PD)
SiPt32,SiPt32_01.txt,Si,1,0.7579735517501831,0.2420264482498169,1,Parkinson's Disease (PD)
