experiment,train_cohorts,test_cohort,corruption_type,severity,method,learned_T,accuracy,balanced_accuracy,sensitivity,specificity,f1_score,roc_auc,nll,brier_score,ece,error_detection_auroc,aurc,mean_uncertainty,median_uncertainty,error_rate,acc_degradation,f1_degradation,uncertainty_increase
Exp1_GaJu_to_Si,Ga_Ju,Si,gaussian_noise,0,Softmax,1.8154156077172412,0.5,0.4719211822660099,0.7714285714285715,0.1724137931034483,0.627906976744186,0.5901477832512315,0.9955783541613092,0.32571025970995454,0.30665860072382745,0.6865234375,0.33375748974684355,0.1933413992761726,0.19329863600432873,0.5,0.0,0.0,0.0
Exp1_GaJu_to_Si,Ga_Ju,Si,gaussian_noise,0,Temperature Scaling,1.8154156077172412,0.5,0.4719211822660099,0.7714285714285715,0.1724137931034483,0.627906976744186,0.5980295566502464,0.7736150108331328,0.27880208842562576,0.2308960538032067,0.6962890625,0.3294669601345448,0.26910394619679323,0.29879907115052146,0.5,0.0,0.0,0.0
Exp1_GaJu_to_Si,Ga_Ju,Si,gaussian_noise,0,EDL,1.8154156077172412,0.5,0.4719211822660099,0.7714285714285715,0.1724137931034483,0.627906976744186,0.6019704433497538,0.6868569541173677,0.24794456176772023,0.17625511024865165,0.5908203125,0.40712776542595563,0.3567756123520667,0.3565198197029531,0.5,0.0,0.0,0.0
Exp1_GaJu_to_Si,Ga_Ju,Si,gaussian_noise,0,MC Dropout,1.8154156077172412,0.515625,0.4832512315270936,0.8285714285714286,0.13793103448275862,0.651685393258427,0.5990147783251232,0.8644703383043153,0.3002888413484741,0.25790039710791623,0.6656891495601173,0.32858618765381564,0.43382903950610796,0.5041034101741388,0.484375,0.0,0.0,0.0
Exp1_GaJu_to_Si,Ga_Ju,Si,gaussian_noise,1,Softmax,1.8154156077172412,0.546875,0.5295566502463054,0.7142857142857143,0.3448275862068966,0.6329113924050633,0.6039408866995074,0.84664518976559,0.2916814198034695,0.22187515421099596,0.6078817733990148,0.3252042350107789,0.23593801699560885,0.22600361906612915,0.453125,-0.046875,-0.005004415660877282,0.042596617719436236
Exp1_GaJu_to_Si,Ga_Ju,Si,gaussian_noise,1,Temperature Scaling,1.8154156077172412,0.546875,0.5295566502463054,0.7142857142857143,0.3448275862068966,0.6329113924050633,0.6078817733990147,0.7079373232672077,0.2564494345389854,0.16004176012950214,0.6137931034482759,0.32021989338875223,0.305923503765257,0.32257528851429623,0.453125,-0.046875,-0.005004415660877282,0.03681955756846378
Exp1_GaJu_to_Si,Ga_Ju,Si,gaussian_noise,1,EDL,1.8154156077172412,0.546875,0.5295566502463054,0.7142857142857143,0.3448275862068966,0.6329113924050633,0.6118226600985222,0.6651617098496765,0.23792002322256856,0.08263411945032809,0.5576354679802955,0.39362386861384635,0.3576240018446697,0.3608951723823945,0.453125,-0.046875,-0.005004415660877282,0.0008483894926030189
Exp1_GaJu_to_Si,Ga_Ju,Si,gaussian_noise,1,MC Dropout,1.8154156077172412,0.53125,0.5093596059113301,0.7428571428571429,0.27586206896551724,0.6341463414634146,0.6118226600985222,0.7552596235509981,0.2693340614676682,0.19241506494399496,0.6549019607843137,0.31780592517916784,0.48333020967073514,0.5744443728278081,0.46875,-0.015625,0.01753905179501236,0.049501170164627184
Exp1_GaJu_to_Si,Ga_Ju,Si,gaussian_noise,2,Softmax,1.8154156077172412,0.640625,0.6536945812807882,0.5142857142857142,0.7931034482758621,0.6101694915254238,0.6729064039408866,0.7552974524978247,0.26193603169662627,0.20309398928451006,0.5577942735949099,0.2836629367626616,0.21849969999760427,0.22366775541255868,0.359375,-0.140625,0.017737485218762283,0.02515830072143166
Exp1_GaJu_to_Si,Ga_Ju,Si,gaussian_noise,2,Temperature Scaling,1.8154156077172412,0.640625,0.6536945812807882,0.5142857142857142,0.7931034482758621,0.6101694915254238,0.6679802955665024,0.6658290438328303,0.236529767746597,0.14149763757859546,0.552492046659597,0.2883609623271888,0.30273969481474217,0.3188517838716507,0.359375,-0.140625,0.017737485218762283,0.033635748617948935
Exp1_GaJu_to_Si,Ga_Ju,Si,gaussian_noise,2,EDL,1.8154156077172412,0.640625,0.6536945812807882,0.5142857142857142,0.7931034482758621,0.6101694915254238,0.6679802955665025,0.6485291699559547,0.22887339551640914,0.05666693428550699,0.4952279957582184,0.33914595299555494,0.34253571064133814,0.34566537880649173,0.359375,-0.140625,0.017737485218762283,-0.01423990171072853
Exp1_GaJu_to_Si,Ga_Ju,Si,gaussian_noise,2,MC Dropout,1.8154156077172412,0.609375,0.6192118226600984,0.5142857142857142,0.7241379310344828,0.5901639344262295,0.6768472906403941,0.6610907156368735,0.23528303614254056,0.11814983245244541,0.6246153846153847,0.27765195546180765,0.524280127156241,0.5546071087010205,0.390625,-0.09375,0.061521458832197506,0.09045108765013299
Exp1_GaJu_to_Si,Ga_Ju,Si,gaussian_noise,3,Softmax,1.8154156077172412,0.484375,0.5285714285714286,0.05714285714285714,1.0,0.10810810810810811,0.7073891625615764,1.4340789676667711,0.39789800780795836,0.4134349415880081,0.6608015640273704,0.3886018844230729,0.10219005841199191,0.04465493125220138,0.515625,0.015625,0.5197988686360779,-0.0911513408641807
Exp1_GaJu_to_Si,Ga_Ju,Si,gaussian_noise,3,Temperature Scaling,1.8154156077172412,0.484375,0.5285714285714286,0.05714285714285714,1.0,0.10810810810810811,0.70935960591133,0.9780667920296933,0.3397126468583574,0.33531620144723706,0.6637341153470185,0.38382099432144956,0.180308798552763,0.14425911474972963,0.515625,0.015625,0.5197988686360779,-0.08879514764403024
Exp1_GaJu_to_Si,Ga_Ju,Si,gaussian_noise,3,EDL,1.8154156077172412,0.484375,0.5285714285714286,0.05714285714285714,1.0,0.10810810810810811,0.6985221674876847,0.7495500547506551,0.27522985018064233,0.22853831247630307,0.718475073313783,0.37052186589870184,0.2775385838467628,0.2725649825297296,0.515625,0.015625,0.5197988686360779,-0.0792370285053039
Exp1_GaJu_to_Si,Ga_Ju,Si,gaussian_noise,3,MC Dropout,1.8154156077172412,0.515625,0.5571428571428572,0.11428571428571428,1.0,0.20512820512820512,0.7004926108374384,0.9231848617388274,0.326281137040706,0.281550443100059,0.5923753665689149,0.3741794915544755,0.42523923624958115,0.4225770041812211,0.484375,0.0,0.4465571881302219,-0.008589803256526807
Exp1_GaJu_to_Si,Ga_Ju,Si,gaussian_noise,4,Softmax,1.8154156077172412,0.453125,0.5,0.0,1.0,0.0,0.710344827586207,2.702276296053623,0.5184663668247643,0.528941616759956,0.710344827586207,0.36823576745699893,0.017933383240044044,0.003663164873917879,0.546875,0.046875,0.627906976744186,-0.17540801603612857
Exp1_GaJu_to_Si,Ga_Ju,Si,gaussian_noise,4,Temperature Scaling,1.8154156077172412,0.453125,0.5,0.0,1.0,0.0,0.7251231527093596,1.5991589669429054,0.46777660071526905,0.48667015987787937,0.7251231527093596,0.35758111561119654,0.0602048401221206,0.03878844156861305,0.546875,0.046875,0.627906976744186,-0.20889910607467263
Exp1_GaJu_to_Si,Ga_Ju,Si,gaussian_noise,4,EDL,1.8154156077172412,0.453125,0.5,0.0,1.0,0.0,0.7142857142857143,0.9058079512881985,0.3388487224188539,0.3301586920958167,0.7832512315270936,0.3481805105493766,0.2197441822985032,0.2162531594124933,0.546875,0.046875,0.627906976744186,-0.13703143005356347
Exp1_GaJu_to_Si,Ga_Ju,Si,gaussian_noise,4,MC Dropout,1.8154156077172412,0.453125,0.5,0.0,1.0,0.0,0.6935960591133005,1.2490580743023585,0.4213451400498329,0.43405934032246785,0.6916256157635468,0.35897482886149107,0.30567043552745565,0.2946212551323697,0.546875,0.0625,0.651685393258427,-0.1281586039786523
Exp1_GaJu_to_Si,Ga_Ju,Si,amplitude_scaling,0,Softmax,1.8154156077172412,0.5,0.4719211822660099,0.7714285714285715,0.1724137931034483,0.627906976744186,0.5901477832512315,0.9955783541613092,0.32571025970995454,0.30665860072382745,0.6865234375,0.33375748974684355,0.1933413992761726,0.19329863600432873,0.5,0.0,0.0,0.0
Exp1_GaJu_to_Si,Ga_Ju,Si,amplitude_scaling,0,Temperature Scaling,1.8154156077172412,0.5,0.4719211822660099,0.7714285714285715,0.1724137931034483,0.627906976744186,0.5980295566502464,0.7736150108331328,0.27880208842562576,0.2308960538032067,0.6962890625,0.3294669601345448,0.26910394619679323,0.29879907115052146,0.5,0.0,0.0,0.0
Exp1_GaJu_to_Si,Ga_Ju,Si,amplitude_scaling,0,EDL,1.8154156077172412,0.5,0.4719211822660099,0.7714285714285715,0.1724137931034483,0.627906976744186,0.6019704433497538,0.6868569541173677,0.24794456176772023,0.17625511024865165,0.5908203125,0.40712776542595563,0.3567756123520667,0.3565198197029531,0.5,0.0,0.0,0.0
Exp1_GaJu_to_Si,Ga_Ju,Si,amplitude_scaling,0,MC Dropout,1.8154156077172412,0.515625,0.4832512315270936,0.8285714285714286,0.13793103448275862,0.651685393258427,0.594088669950739,0.8717480944205016,0.3009571058110968,0.2568480741629008,0.6578690127077225,0.3350113495364775,0.43290530027052415,0.5060332212791157,0.484375,0.0,0.0,0.0
Exp1_GaJu_to_Si,Ga_Ju,Si,amplitude_scaling,1,Softmax,1.8154156077172412,0.625,0.6423645320197044,0.45714285714285713,0.8275862068965517,0.5714285714285714,0.6157635467980296,0.8783939103067738,0.290967468524538,0.23899780710320134,0.465625,0.36054598173352215,0.1970161498390837,0.17872486853351194,0.375,-0.125,0.056478405315614655,0.0036747505629110833
Exp1_GaJu_to_Si,Ga_Ju,Si,amplitude_scaling,1,Temperature Scaling,1.8154156077172412,0.625,0.6423645320197044,0.45714285714285713,0.8275862068965517,0.5714285714285714,0.6167487684729065,0.7307195122550295,0.26030687110697837,0.14584591065958352,0.4666666666666666,0.3590693390869377,0.2784588937946637,0.287804921468099,0.375,-0.125,0.056478405315614655,0.009354947597870478
Exp1_GaJu_to_Si,Ga_Ju,Si,amplitude_scaling,1,EDL,1.8154156077172412,0.625,0.6423645320197044,0.45714285714285713,0.8275862068965517,0.5714285714285714,0.6088669950738916,0.6747251587520446,0.24108735328879816,0.12704009646161768,0.53125,0.3314324743996352,0.33019956562202424,0.3344176970422268,0.375,-0.125,0.056478405315614655,-0.026576046730042435
Exp1_GaJu_to_Si,Ga_Ju,Si,amplitude_scaling,1,MC Dropout,1.8154156077172412,0.625,0.6423645320197044,0.45714285714285713,0.8275862068965517,0.5714285714285714,0.612807881773399,0.7205837963451596,0.25802851064984866,0.17893750778018355,0.45937500000000003,0.3399429145080798,0.5025207416182411,0.5530049003039796,0.375,-0.109375,0.0802568218298556,0.06961544134771697
Exp1_GaJu_to_Si,Ga_Ju,Si,amplitude_scaling,2,Softmax,1.8154156077172412,0.546875,0.5798029556650246,0.22857142857142856,0.9310344827586207,0.35555555555555557,0.6600985221674878,1.2219341118765956,0.34602375431651544,0.32841499380383704,0.5763546798029557,0.4152540646916909,0.12471000619616297,0.08007686367879308,0.453125,-0.046875,0.2723514211886305,-0.06863139308000964
Exp1_GaJu_to_Si,Ga_Ju,Si,amplitude_scaling,2,Temperature Scaling,1.8154156077172412,0.546875,0.5798029556650246,0.22857142857142856,0.9310344827586207,0.35555555555555557,0.6433497536945813,0.902384858860804,0.3070123166373028,0.24934907699544817,0.5566502463054187,0.4330318202964201,0.20377592300455186,0.17725214175879955,0.453125,-0.046875,0.2723514211886305,-0.06532802319224137
Exp1_GaJu_to_Si,Ga_Ju,Si,amplitude_scaling,2,EDL,1.8154156077172412,0.546875,0.5798029556650246,0.22857142857142856,0.9310344827586207,0.35555555555555557,0.6344827586206897,0.726928853783314,0.2628251104822076,0.13049299289559713,0.5172413793103449,0.4161151557156939,0.28746535143000074,0.2819525385275483,0.453125,-0.046875,0.2723514211886305,-0.06931026092206594
Exp1_GaJu_to_Si,Ga_Ju,Si,amplitude_scaling,2,MC Dropout,1.8154156077172412,0.578125,0.6083743842364532,0.2857142857142857,0.9310344827586207,0.425531914893617,0.6581280788177339,0.8325303679595478,0.2903815432719049,0.2043973162559496,0.5035035035035036,0.41255118817893915,0.4530408311059849,0.47023115245004493,0.421875,-0.0625,0.22615347836480998,0.02013553083546077
Exp1_GaJu_to_Si,Ga_Ju,Si,amplitude_scaling,3,Softmax,1.8154156077172412,0.515625,0.5541871921182266,0.14285714285714285,0.9655172413793104,0.24390243902439024,0.6817733990147784,1.638409952131975,0.3996613004949919,0.4118700881702674,0.5933528836754643,0.4142225206448405,0.09593236698219527,0.023313241079449654,0.484375,-0.015625,0.3840045377197958,-0.09740903229397734
Exp1_GaJu_to_Si,Ga_Ju,Si,amplitude_scaling,3,Temperature Scaling,1.8154156077172412,0.515625,0.5541871921182266,0.14285714285714285,0.9655172413793104,0.24390243902439024,0.6699507389162561,1.11642208055363,0.35700339578792917,0.3274758186470498,0.5796676441837731,0.42935084675052715,0.15689918135295025,0.09054090641438961,0.484375,-0.015625,0.3840045377197958,-0.11220476484384298
Exp1_GaJu_to_Si,Ga_Ju,Si,amplitude_scaling,3,EDL,1.8154156077172412,0.515625,0.5541871921182266,0.14285714285714285,0.9655172413793104,0.24390243902439024,0.6394088669950738,0.7859752844937685,0.28725541889678324,0.1951743759248833,0.635386119257087,0.3889704099009208,0.2524167896675257,0.24532559467479587,0.484375,-0.015625,0.3840045377197958,-0.104358822684541
Exp1_GaJu_to_Si,Ga_Ju,Si,amplitude_scaling,3,MC Dropout,1.8154156077172412,0.546875,0.5827586206896552,0.2,0.9655172413793104,0.32558139534883723,0.6679802955665024,0.9441877763319764,0.3261175342088657,0.29421650931120297,0.5093596059113301,0.41794395827394615,0.41401999455107824,0.3990362179465592,0.453125,-0.03125,0.32610399790958977,-0.01888530571944591
Exp1_GaJu_to_Si,Ga_Ju,Si,amplitude_scaling,4,Softmax,1.8154156077172412,0.484375,0.5256157635467981,0.08571428571428572,0.9655172413793104,0.15384615384615385,0.6798029556650247,2.0148262597879727,0.43990624563770675,0.4470383727673414,0.6295210166177908,0.42290295211947493,0.06858662723265867,0.008583180606365204,0.515625,0.015625,0.4740608228980322,-0.12475477204351394
Exp1_GaJu_to_Si,Ga_Ju,Si,amplitude_scaling,4,Temperature Scaling,1.8154156077172412,0.484375,0.5256157635467981,0.08571428571428572,0.9655172413793104,0.15384615384615385,0.6719211822660099,1.3158006711063703,0.39501319221942,0.39523762508766447,0.6207233626588465,0.42683699267474423,0.12038737491233556,0.05313165485858917,0.515625,0.015625,0.4740608228980322,-0.14871657128445767
Exp1_GaJu_to_Si,Ga_Ju,Si,amplitude_scaling,4,EDL,1.8154156077172412,0.484375,0.5256157635467981,0.08571428571428572,0.9655172413793104,0.15384615384615385,0.638423645320197,0.833594278509463,0.3060824323230004,0.2538497957308816,0.6852394916911045,0.38316784224909595,0.22699370174086653,0.22026692191138864,0.515625,0.015625,0.4740608228980322,-0.12978191061120015
Exp1_GaJu_to_Si,Ga_Ju,Si,amplitude_scaling,4,MC Dropout,1.8154156077172412,0.484375,0.5256157635467981,0.08571428571428572,0.9655172413793104,0.15384615384615385,0.6758620689655173,1.0257347727976704,0.35126792285348285,0.33628310787632165,0.6060606060606061,0.4217066001711508,0.3847070032852571,0.35917984119926893,0.515625,0.03125,0.49783923941227315,-0.048198296985267064
Exp1_GaJu_to_Si,Ga_Ju,Si,channel_dropout,0,Softmax,1.8154156077172412,0.5,0.4719211822660099,0.7714285714285715,0.1724137931034483,0.627906976744186,0.5901477832512315,0.9955783541613092,0.32571025970995454,0.30665860072382745,0.6865234375,0.33375748974684355,0.1933413992761726,0.19329863600432873,0.5,0.0,0.0,0.0
Exp1_GaJu_to_Si,Ga_Ju,Si,channel_dropout,0,Temperature Scaling,1.8154156077172412,0.5,0.4719211822660099,0.7714285714285715,0.1724137931034483,0.627906976744186,0.5980295566502464,0.7736150108331328,0.27880208842562576,0.2308960538032067,0.6962890625,0.3294669601345448,0.26910394619679323,0.29879907115052146,0.5,0.0,0.0,0.0
Exp1_GaJu_to_Si,Ga_Ju,Si,channel_dropout,0,EDL,1.8154156077172412,0.5,0.4719211822660099,0.7714285714285715,0.1724137931034483,0.627906976744186,0.6019704433497538,0.6868569541173677,0.24794456176772023,0.17625511024865165,0.5908203125,0.40712776542595563,0.3567756123520667,0.3565198197029531,0.5,0.0,0.0,0.0
Exp1_GaJu_to_Si,Ga_Ju,Si,channel_dropout,0,MC Dropout,1.8154156077172412,0.515625,0.4832512315270936,0.8285714285714286,0.13793103448275862,0.651685393258427,0.5911330049261084,0.8765022406642283,0.3029880001344942,0.265416167696717,0.6529814271749756,0.3372622032563082,0.43125775443015374,0.5042196469148621,0.484375,0.0,0.0,0.0
Exp1_GaJu_to_Si,Ga_Ju,Si,channel_dropout,1,Softmax,1.8154156077172412,0.546875,0.5088669950738917,0.9142857142857143,0.10344827586206896,0.6881720430107527,0.5369458128078818,1.227450305912762,0.36001645359026413,0.34826642182330636,0.5408866995073892,0.3877241664930713,0.13543908923869216,0.08943079970777035,0.453125,-0.046875,-0.06026506626656669,-0.05790231003748045
Exp1_GaJu_to_Si,Ga_Ju,Si,channel_dropout,1,Temperature Scaling,1.8154156077172412,0.546875,0.5088669950738917,0.9142857142857143,0.10344827586206896,0.6881720430107527,0.5467980295566502,0.8909570149698018,0.3118689467678246,0.24213738767139148,0.547783251231527,0.38179761130444057,0.21098761232860852,0.19639375433325768,0.453125,-0.046875,-0.06026506626656669,-0.05811633386818471
Exp1_GaJu_to_Si,Ga_Ju,Si,channel_dropout,1,EDL,1.8154156077172412,0.546875,0.5088669950738917,0.9142857142857143,0.10344827586206896,0.6881720430107527,0.5625615763546797,0.7259346348169871,0.2642113503371264,0.13659424660727387,0.42857142857142855,0.49398937403150456,0.3371006767411018,0.33745431465407216,0.453125,-0.046875,-0.06026506626656669,-0.019674935610964894
Exp1_GaJu_to_Si,Ga_Ju,Si,channel_dropout,1,MC Dropout,1.8154156077172412,0.546875,0.505911330049261,0.9428571428571428,0.06896551724137931,0.6947368421052632,0.5527093596059113,1.0300798093559005,0.3365181518473913,0.2879295172533602,0.5576354679802956,0.37548886384303415,0.34939782036101025,0.3421384337513397,0.453125,-0.03125,-0.043051448846836204,-0.08185993406914349
Exp1_GaJu_to_Si,Ga_Ju,Si,channel_dropout,2,Softmax,1.8154156077172412,0.5625,0.5172413793103449,1.0,0.034482758620689655,0.7142857142857143,0.5596059113300493,1.5983076008652368,0.38965276289731776,0.37405940841896756,0.5297619047619048,0.393087353100916,0.07857052357485372,0.033162153636415836,0.4375,-0.0625,-0.08637873754152825,-0.11477087570131889
Exp1_GaJu_to_Si,Ga_Ju,Si,channel_dropout,2,Temperature Scaling,1.8154156077172412,0.5625,0.5172413793103449,1.0,0.034482758620689655,0.7142857142857143,0.5605911330049261,1.0581084562032332,0.3429115612988942,0.3136197810017621,0.5297619047619048,0.39236542072658487,0.1470937935397766,0.11814679081241286,0.4375,-0.0625,-0.08637873754152825,-0.12201015265701662
Exp1_GaJu_to_Si,Ga_Ju,Si,channel_dropout,2,EDL,1.8154156077172412,0.5625,0.5172413793103449,1.0,0.034482758620689655,0.7142857142857143,0.5635467980295567,0.7663679738138102,0.2790093129680695,0.1769599532465994,0.45337301587301587,0.4254502146753398,0.3165597300733983,0.31735972594469786,0.4375,-0.0625,-0.08637873754152825,-0.04021588227866835
Exp1_GaJu_to_Si,Ga_Ju,Si,channel_dropout,2,MC Dropout,1.8154156077172412,0.5625,0.5172413793103449,1.0,0.034482758620689655,0.7142857142857143,0.5576354679802955,1.3213790775518581,0.37182191014294513,0.36239993714237545,0.5277777777777777,0.39044879478637934,0.24804439466154804,0.2313425854081288,0.4375,-0.046875,-0.0626003210272873,-0.1832133597686057
Exp1_GaJu_to_Si,Ga_Ju,Si,channel_dropout,3,Softmax,1.8154156077172412,0.546875,0.5,1.0,0.0,0.7070707070707071,0.567487684729064,1.9647789781741072,0.4291826350235314,0.42841143493084627,0.567487684729064,0.3699187036170254,0.03523070681694662,0.012895615150531115,0.453125,-0.046875,-0.07916373032652102,-0.158110692459226
Exp1_GaJu_to_Si,Ga_Ju,Si,channel_dropout,3,Temperature Scaling,1.8154156077172412,0.546875,0.5,1.0,0.0,0.7070707070707071,0.5802955665024631,1.2236353114106149,0.3784154459544692,0.37507803542636475,0.5802955665024632,0.36682002061422525,0.09002354167265973,0.07831814140081406,0.453125,-0.046875,-0.07916373032652102,-0.17908040452413349
Exp1_GaJu_to_Si,Ga_Ju,Si,channel_dropout,3,EDL,1.8154156077172412,0.546875,0.5,1.0,0.0,0.7070707070707071,0.6049261083743842,0.8074797213519451,0.2952299257711466,0.24471598398910527,0.547783251231527,0.3976105341545763,0.2986433202556024,0.3031885006154577,0.453125,-0.046875,-0.07916373032652102,-0.058132292096464255
Exp1_GaJu_to_Si,Ga_Ju,Si,channel_dropout,3,MC Dropout,1.8154156077172412,0.546875,0.5,1.0,0.0,0.7070707070707071,0.6009852216748769,1.5554200741944286,0.40745955652283716,0.4095641533591938,0.6137931034482759,0.3539826459354658,0.1558592265254693,0.13703759302249333,0.453125,-0.03125,-0.05538531381228007,-0.27539852790468444
Exp1_GaJu_to_Si,Ga_Ju,Si,channel_dropout,4,Softmax,1.8154156077172412,0.546875,0.5,1.0,0.0,0.7070707070707071,0.5527093596059114,2.4510010612559627,0.42738606277868774,0.43323445246884734,0.5527093596059114,0.43265958258587967,0.019890547531152457,0.0038219522684812546,0.453125,-0.046875,-0.07916373032652102,-0.17345085174502015
Exp1_GaJu_to_Si,Ga_Ju,Si,channel_dropout,4,Temperature Scaling,1.8154156077172412,0.546875,0.5,1.0,0.0,0.7070707070707071,0.5517241379310345,1.4659712918822327,0.3967732684503893,0.3946080878959038,0.5517241379310345,0.4248775181983175,0.05851691210409628,0.03589200849334401,0.453125,-0.046875,-0.07916373032652102,-0.21058703409269697
Exp1_GaJu_to_Si,Ga_Ju,Si,channel_dropout,4,EDL,1.8154156077172412,0.546875,0.5,1.0,0.0,0.7070707070707071,0.5467980295566501,0.8625609593301099,0.31152699337096584,0.2616179198181877,0.5280788177339901,0.45351340555230646,0.28019239553153363,0.2763724171866973,0.453125,-0.046875,-0.07916373032652102,-0.07658321682053304
Exp1_GaJu_to_Si,Ga_Ju,Si,channel_dropout,4,MC Dropout,1.8154156077172412,0.546875,0.5,1.0,0.0,0.7070707070707071,0.547783251231527,1.930133155836765,0.4188786693749297,0.4218152379714108,0.5497536945812808,0.4068930136297672,0.09747742501650218,0.06100136227420687,0.453125,-0.03125,-0.05538531381228007,-0.33378032941365154
Exp1_GaJu_to_Si,Ga_Ju,Si,temporal_masking,0,Softmax,1.8154156077172412,0.5,0.4719211822660099,0.7714285714285715,0.1724137931034483,0.627906976744186,0.5901477832512315,0.9955783541613092,0.32571025970995454,0.30665860072382745,0.6865234375,0.33375748974684355,0.1933413992761726,0.19329863600432873,0.5,0.0,0.0,0.0
Exp1_GaJu_to_Si,Ga_Ju,Si,temporal_masking,0,Temperature Scaling,1.8154156077172412,0.5,0.4719211822660099,0.7714285714285715,0.1724137931034483,0.627906976744186,0.5980295566502464,0.7736150108331328,0.27880208842562576,0.2308960538032067,0.6962890625,0.3294669601345448,0.26910394619679323,0.29879907115052146,0.5,0.0,0.0,0.0
Exp1_GaJu_to_Si,Ga_Ju,Si,temporal_masking,0,EDL,1.8154156077172412,0.5,0.4719211822660099,0.7714285714285715,0.1724137931034483,0.627906976744186,0.6019704433497538,0.6868569541173677,0.24794456176772023,0.17625511024865165,0.5908203125,0.40712776542595563,0.3567756123520667,0.3565198197029531,0.5,0.0,0.0,0.0
Exp1_GaJu_to_Si,Ga_Ju,Si,temporal_masking,0,MC Dropout,1.8154156077172412,0.515625,0.4832512315270936,0.8285714285714286,0.13793103448275862,0.651685393258427,0.594088669950739,0.8711994588674394,0.30157995624191897,0.2586331230804504,0.6627565982404692,0.330914207822635,0.4317620393107025,0.5075907229523484,0.484375,0.0,0.0,0.0
Exp1_GaJu_to_Si,Ga_Ju,Si,temporal_masking,1,Softmax,1.8154156077172412,0.5,0.4660098522167488,0.8285714285714286,0.10344827586206896,0.6444444444444445,0.5881773399014778,1.113041276735407,0.34387136581589484,0.34228520986854305,0.68359375,0.3441993862265109,0.15771479013145695,0.12087037600576878,0.5,0.0,-0.016537467700258435,-0.03562660914471566
Exp1_GaJu_to_Si,Ga_Ju,Si,temporal_masking,1,Temperature Scaling,1.8154156077172412,0.515625,0.480295566502463,0.8571428571428571,0.10344827586206896,0.6593406593406593,0.5980295566502463,0.8211795857726879,0.2923894385139532,0.24667775219131727,0.6666666666666666,0.33568750534390807,0.23769724780868273,0.2332843566934268,0.484375,-0.015625,-0.03143368259647328,-0.0314066983881105
Exp1_GaJu_to_Si,Ga_Ju,Si,temporal_masking,1,EDL,1.8154156077172412,0.515625,0.480295566502463,0.8571428571428571,0.10344827586206896,0.6593406593406593,0.6049261083743842,0.7005146253834751,0.2536841623134066,0.16237249339368034,0.5796676441837733,0.3950777507345593,0.3634413489489816,0.3639991098704437,0.484375,-0.015625,-0.03143368259647328,0.00666573659691494
Exp1_GaJu_to_Si,Ga_Ju,Si,temporal_masking,1,MC Dropout,1.8154156077172412,0.515625,0.480295566502463,0.8571428571428571,0.10344827586206896,0.6593406593406593,0.594088669950739,0.9755774013331696,0.32355705856607403,0.29838687460445124,0.6695992179863148,0.3380507636632518,0.3798087951610114,0.4066948319474856,0.484375,0.0,-0.007655266082232326,-0.0519532441496911
Exp1_GaJu_to_Si,Ga_Ju,Si,temporal_masking,2,Softmax,1.8154156077172412,0.578125,0.5344827586206896,1.0,0.06896551724137931,0.7216494845360825,0.5793103448275863,1.3572987523627373,0.37601443310571464,0.38422551940008504,0.5205205205205204,0.3479587062516125,0.11007255082161767,0.05341422868271667,0.421875,-0.078125,-0.09374250779189641,-0.08326884845455494
Exp1_GaJu_to_Si,Ga_Ju,Si,temporal_masking,2,Temperature Scaling,1.8154156077172412,0.578125,0.5344827586206896,1.0,0.06896551724137931,0.7216494845360825,0.5852216748768473,0.9237400099591124,0.3207515213850596,0.30042254852014605,0.5265265265265265,0.3446596406953928,0.18895396094497605,0.16321256197988987,0.421875,-0.078125,-0.09374250779189641,-0.08014998525181719
Exp1_GaJu_to_Si,Ga_Ju,Si,temporal_masking,2,EDL,1.8154156077172412,0.5625,0.5172413793103449,1.0,0.034482758620689655,0.7142857142857143,0.5891625615763547,0.7317068138021994,0.2667915481949091,0.18452427413042952,0.48511904761904767,0.3975210153578309,0.3624616032514799,0.36455890722572803,0.4375,-0.0625,-0.08637873754152825,0.00568599089941324
Exp1_GaJu_to_Si,Ga_Ju,Si,temporal_masking,2,MC Dropout,1.8154156077172412,0.5625,0.5172413793103449,1.0,0.034482758620689655,0.7142857142857143,0.5753694581280788,1.1807413522439363,0.35989455543207133,0.36828343599336233,0.5505952380952381,0.35339845486521093,0.2944153507938646,0.27121745550539345,0.4375,-0.046875,-0.0626003210272873,-0.1373466885168379
Exp1_GaJu_to_Si,Ga_Ju,Si,temporal_masking,3,Softmax,1.8154156077172412,0.546875,0.5,1.0,0.0,0.7070707070707071,0.5674876847290641,1.7383848677739793,0.4105417827599745,0.4019506115485762,0.567487684729064,0.3571107668734421,0.051174388451424115,0.019035964583357157,0.453125,-0.046875,-0.07916373032652102,-0.1421670108247485
Exp1_GaJu_to_Si,Ga_Ju,Si,temporal_masking,3,Temperature Scaling,1.8154156077172412,0.546875,0.5,1.0,0.0,0.7070707070707071,0.5724137931034483,1.0906848608424262,0.35740021942409156,0.3512786502833478,0.5724137931034483,0.35423495179638875,0.12359509591866905,0.09561191995938617,0.453125,-0.046875,-0.07916373032652102,-0.14550885027812419
Exp1_GaJu_to_Si,Ga_Ju,Si,temporal_masking,3,EDL,1.8154156077172412,0.546875,0.5,1.0,0.0,0.7070707070707071,0.5753694581280788,0.7776684550647148,0.28474804751196947,0.22467121390703443,0.4788177339901478,0.40944014687900493,0.3456222700478975,0.3415288794785738,0.453125,-0.046875,-0.07916373032652102,-0.0111533423041692
Exp1_GaJu_to_Si,Ga_Ju,Si,temporal_masking,3,MC Dropout,1.8154156077172412,0.546875,0.5,1.0,0.0,0.7070707070707071,0.5714285714285714,1.4823693438464747,0.398388552367552,0.3888991370525521,0.5753694581280788,0.35776883204224685,0.19005071861313164,0.13744069926906377,0.453125,-0.03125,-0.05538531381228007,-0.24171132069757087
Exp1_GaJu_to_Si,Ga_Ju,Si,temporal_masking,4,Softmax,1.8154156077172412,0.546875,0.5,1.0,0.0,0.7070707070707071,0.5625615763546798,2.249048065889495,0.43989364767291245,0.4392375924314062,0.5625615763546798,0.36165289126492584,0.013887407568593819,0.005134747053186117,0.453125,-0.046875,-0.07916373032652102,-0.17945399170757878
Exp1_GaJu_to_Si,Ga_Ju,Si,temporal_masking,4,Temperature Scaling,1.8154156077172412,0.546875,0.5,1.0,0.0,0.7070707070707071,0.5596059113300492,1.322881655161481,0.39512360564427285,0.3862733086571096,0.5596059113300493,0.36520704564413686,0.06685169134289026,0.05040086557467777,0.453125,-0.046875,-0.07916373032652102,-0.20225225485390297
Exp1_GaJu_to_Si,Ga_Ju,Si,temporal_masking,4,EDL,1.8154156077172412,0.546875,0.5,1.0,0.0,0.7070707070707071,0.5586206896551724,0.8350895989199356,0.3053400145072497,0.24598413472995156,0.4896551724137931,0.40990589163230595,0.31751660694135353,0.3130074334330857,0.453125,-0.046875,-0.07916373032652102,-0.039259005410713144
Exp1_GaJu_to_Si,Ga_Ju,Si,temporal_masking,4,MC Dropout,1.8154156077172412,0.546875,0.5,1.0,0.0,0.7070707070707071,0.5743842364532019,1.8803056074272326,0.4312191979354683,0.4299748676130549,0.5733990147783251,0.35628835242985446,0.09472734508403846,0.06543298923255254,0.453125,-0.03125,-0.05538531381228007,-0.33703469422666404
Exp1_GaJu_to_Si,Ga_Ju,Si,smoothing,0,Softmax,1.8154156077172412,0.5,0.4719211822660099,0.7714285714285715,0.1724137931034483,0.627906976744186,0.5901477832512315,0.9955783541613092,0.32571025970995454,0.30665860072382745,0.6865234375,0.33375748974684355,0.1933413992761726,0.19329863600432873,0.5,0.0,0.0,0.0
Exp1_GaJu_to_Si,Ga_Ju,Si,smoothing,0,Temperature Scaling,1.8154156077172412,0.5,0.4719211822660099,0.7714285714285715,0.1724137931034483,0.627906976744186,0.5980295566502464,0.7736150108331328,0.27880208842562576,0.2308960538032067,0.6962890625,0.3294669601345448,0.26910394619679323,0.29879907115052146,0.5,0.0,0.0,0.0
Exp1_GaJu_to_Si,Ga_Ju,Si,smoothing,0,EDL,1.8154156077172412,0.5,0.4719211822660099,0.7714285714285715,0.1724137931034483,0.627906976744186,0.6019704433497538,0.6868569541173677,0.24794456176772023,0.17625511024865165,0.5908203125,0.40712776542595563,0.3567756123520667,0.3565198197029531,0.5,0.0,0.0,0.0
Exp1_GaJu_to_Si,Ga_Ju,Si,smoothing,0,MC Dropout,1.8154156077172412,0.515625,0.4832512315270936,0.8285714285714286,0.13793103448275862,0.651685393258427,0.587192118226601,0.8733053173312042,0.3011692531642199,0.25669862142282923,0.6559139784946237,0.3370696918647452,0.4336498321703933,0.5002968963235617,0.484375,0.0,0.0,0.0
Exp1_GaJu_to_Si,Ga_Ju,Si,smoothing,1,Softmax,1.8154156077172412,0.515625,0.4832512315270936,0.8285714285714286,0.13793103448275862,0.651685393258427,0.5881773399014778,1.0762550388439776,0.34023705783590374,0.314540886788772,0.6461388074291301,0.33939360778011374,0.16983411321122793,0.1351269508401553,0.484375,-0.015625,-0.023778416514240952,-0.023507286064944677
Exp1_GaJu_to_Si,Ga_Ju,Si,smoothing,1,Temperature Scaling,1.8154156077172412,0.515625,0.4832512315270936,0.8285714285714286,0.13793103448275862,0.651685393258427,0.5931034482758621,0.8065561626822554,0.28869810760693493,0.25717165693985566,0.6520039100684262,0.33721310716643393,0.2482521703772894,0.252430001894633,0.484375,-0.015625,-0.023778416514240952,-0.020851775819503843
Exp1_GaJu_to_Si,Ga_Ju,Si,smoothing,1,EDL,1.8154156077172412,0.53125,0.49753694581280783,0.8571428571428571,0.13793103448275862,0.6666666666666666,0.5980295566502463,0.6955442673192997,0.25180707338198716,0.12675572974452126,0.5588235294117647,0.3894700659644534,0.354361663548237,0.3577600079588592,0.46875,-0.03125,-0.03875968992248058,-0.0024139488038296686
Exp1_GaJu_to_Si,Ga_Ju,Si,smoothing,1,MC Dropout,1.8154156077172412,0.515625,0.4832512315270936,0.8285714285714286,0.13793103448275862,0.651685393258427,0.5802955665024631,0.9352013383128546,0.31522570752203105,0.2805914271979191,0.6363636363636365,0.34930610923939964,0.40376552101884045,0.4651263395013908,0.484375,0.0,0.0,-0.029884311151552878
Exp1_GaJu_to_Si,Ga_Ju,Si,smoothing,2,Softmax,1.8154156077172412,0.53125,0.4945812807881773,0.8857142857142857,0.10344827586206896,0.6739130434782609,0.58128078817734,1.2941241802705823,0.36939458756793736,0.3445541626512447,0.6107843137254902,0.34750342384132493,0.13190838955627746,0.07070283467570943,0.46875,-0.03125,-0.04600606673407481,-0.061433009719895154
Exp1_GaJu_to_Si,Ga_Ju,Si,smoothing,2,Temperature Scaling,1.8154156077172412,0.53125,0.4945812807881773,0.8857142857142857,0.10344827586206896,0.6739130434782609,0.5822660098522168,0.8999077406448865,0.31426245262330044,0.26574140134956303,0.6127450980392157,0.3468773054708124,0.20697038983295593,0.1800518985837698,0.46875,-0.03125,-0.04600606673407481,-0.0621335563638373
Exp1_GaJu_to_Si,Ga_Ju,Si,smoothing,2,EDL,1.8154156077172412,0.53125,0.4945812807881773,0.8857142857142857,0.10344827586206896,0.6739130434782609,0.594088669950739,0.7222515670488837,0.26320867486671273,0.16136817555040273,0.5549019607843138,0.3921207602229828,0.34675299432516715,0.3475598764295379,0.46875,-0.03125,-0.04600606673407481,-0.010022618026899521
Exp1_GaJu_to_Si,Ga_Ju,Si,smoothing,2,MC Dropout,1.8154156077172412,0.5625,0.5201970443349754,0.9714285714285714,0.06896551724137931,0.7083333333333334,0.5783251231527095,1.0895809354932495,0.346955343994116,0.31675863619178324,0.5555555555555556,0.34575109411933796,0.3366137308004416,0.34696464395771426,0.4375,-0.046875,-0.05664794007490637,-0.09703610136995172
Exp1_GaJu_to_Si,Ga_Ju,Si,smoothing,3,Softmax,1.8154156077172412,0.5625,0.5172413793103449,1.0,0.034482758620689655,0.7142857142857143,0.5635467980295565,1.8865306740799612,0.41169637508529716,0.3969015176990069,0.5327380952380952,0.35611062238709074,0.053798944029646606,0.01377367538710439,0.4375,-0.0625,-0.08637873754152825,-0.139542455246526
Exp1_GaJu_to_Si,Ga_Ju,Si,smoothing,3,Temperature Scaling,1.8154156077172412,0.5625,0.5172413793103449,1.0,0.034482758620689655,0.7142857142857143,0.5615763546798029,1.168008598326518,0.3665580587940084,0.3342244144490299,0.5307539682539683,0.3568993136929549,0.11761165386997163,0.08280922472476959,0.4375,-0.0625,-0.08637873754152825,-0.1514922923268216
Exp1_GaJu_to_Si,Ga_Ju,Si,smoothing,3,EDL,1.8154156077172412,0.5625,0.5172413793103449,1.0,0.034482758620689655,0.7142857142857143,0.5684729064039409,0.7948513789918468,0.29078049019027785,0.21606107296732566,0.4900793650793651,0.39417168473912223,0.32102171536826063,0.3195703270224234,0.4375,-0.0625,-0.08637873754152825,-0.035753896983806044
Exp1_GaJu_to_Si,Ga_Ju,Si,smoothing,3,MC Dropout,1.8154156077172412,0.5625,0.5172413793103449,1.0,0.034482758620689655,0.7142857142857143,0.5507389162561577,1.5374412246888454,0.39911212604175317,0.37959658425825177,0.5188492063492064,0.36698989962394846,0.19506320322932424,0.13934922775176042,0.4375,-0.046875,-0.0626003210272873,-0.23858662894106908
Exp1_GaJu_to_Si,Ga_Ju,Si,smoothing,4,Softmax,1.8154156077172412,0.546875,0.5,1.0,0.0,0.7070707070707071,0.5330049261083744,2.6103082814170087,0.4390524586366152,0.4393759088125079,0.5330049261083744,0.38030608749410594,0.013749091187492013,0.002457004661361395,0.453125,-0.046875,-0.07916373032652102,-0.1795923080886806
Exp1_GaJu_to_Si,Ga_Ju,Si,smoothing,4,Temperature Scaling,1.8154156077172412,0.546875,0.5,1.0,0.0,0.7070707070707071,0.5339901477832512,1.520594795595339,0.4062631005114453,0.3974609256256374,0.5339901477832512,0.376980467537322,0.05566407437436282,0.03228326762715972,0.453125,-0.046875,-0.07916373032652102,-0.2134398718224304
Exp1_GaJu_to_Si,Ga_Ju,Si,smoothing,4,EDL,1.8154156077172412,0.546875,0.5,1.0,0.0,0.7070707070707071,0.5310344827586206,0.8745977623852634,0.31641743433866504,0.2625323978136293,0.4758620689655172,0.414737872735493,0.287395882672475,0.28629475335280097,0.453125,-0.046875,-0.07916373032652102,-0.06937972967959166
Exp1_GaJu_to_Si,Ga_Ju,Si,smoothing,4,MC Dropout,1.8154156077172412,0.546875,0.5,1.0,0.0,0.7070707070707071,0.5034482758620689,2.0726420570414614,0.42964801750483894,0.4340685263644747,0.5044334975369458,0.396718916693232,0.09423558677752908,0.049828467354624685,0.453125,-0.03125,-0.05538531381228007,-0.33941424539286424
Exp2_GaSi_to_Ju,Ga_Si,Ju,gaussian_noise,0,Softmax,5.757058023452591,0.6851851851851852,0.6737931034482758,0.8275862068965517,0.52,0.7384615384615385,0.7765517241379309,1.1550385464095303,0.2627310872280112,0.2589593342479301,0.6709062003179651,0.19406118627695543,0.094900545895236,0.037185048497563766,0.31481481481481477,0.0,0.0,0.0
Exp2_GaSi_to_Ju,Ga_Si,Ju,gaussian_noise,0,Temperature Scaling,5.757058023452591,0.6851851851851852,0.6737931034482758,0.8275862068965517,0.52,0.7384615384615385,0.7875862068965517,0.5727565721115154,0.19733718626744884,0.08679894920131669,0.6915739268680445,0.1835225249895465,0.2641858288763688,0.26695412009753083,0.31481481481481477,0.0,0.0,0.0
Exp2_GaSi_to_Ju,Ga_Si,Ju,gaussian_noise,0,EDL,5.757058023452591,0.6851851851851852,0.6737931034482758,0.8275862068965517,0.52,0.7384615384615385,0.783448275862069,0.5946194350341698,0.20603260218469752,0.1031150687188975,0.6836248012718601,0.18642584746402896,0.35524570942017125,0.3586505679413676,0.31481481481481477,0.0,0.0,0.0
Exp2_GaSi_to_Ju,Ga_Si,Ju,gaussian_noise,0,MC Dropout,5.757058023452591,0.6851851851851852,0.6737931034482758,0.8275862068965517,0.52,0.7384615384615385,0.7917241379310346,0.864291675330013,0.2457913901087834,0.22316613928013287,0.7186009538950715,0.16181577425717905,0.20287711587333532,0.14888448580737218,0.31481481481481477,0.0,0.0,0.0
Exp2_GaSi_to_Ju,Ga_Si,Ju,gaussian_noise,1,Softmax,5.757058023452591,0.6851851851851852,0.6765517241379311,0.7931034482758621,0.56,0.7301587301587301,0.7737931034482758,0.996862117929092,0.24247704589629565,0.20825930179302293,0.7042925278219396,0.17759470582719844,0.10655551302179181,0.048340353309965056,0.31481481481481477,0.0,0.008302808302808384,0.01165496712655581
Exp2_GaSi_to_Ju,Ga_Si,Ju,gaussian_noise,1,Temperature Scaling,5.757058023452591,0.6851851851851852,0.6765517241379311,0.7931034482758621,0.56,0.7301587301587301,0.7875862068965518,0.5533431312815655,0.1900947247451319,0.08726985825998507,0.7313195548489666,0.16198598280319357,0.2714342884434094,0.28561282240045377,0.31481481481481477,0.0,0.008302808302808384,0.007248459567040566
Exp2_GaSi_to_Ju,Ga_Si,Ju,gaussian_noise,1,EDL,5.757058023452591,0.6851851851851852,0.6765517241379311,0.7931034482758621,0.56,0.7301587301587301,0.7820689655172414,0.5721648230954357,0.19708153550493818,0.08619316726016688,0.724960254372019,0.16876269613183925,0.35878058595514084,0.35474218397303126,0.31481481481481477,0.0,0.008302808302808384,0.0035348765349695888
Exp2_GaSi_to_Ju,Ga_Si,Ju,gaussian_noise,1,MC Dropout,5.757058023452591,0.6851851851851852,0.6765517241379311,0.7931034482758621,0.56,0.7301587301587301,0.7834482758620689,0.7713159104470231,0.23132182267185464,0.18616525179757176,0.7170111287758346,0.15953186520104407,0.21257872773423156,0.13293286608409316,0.31481481481481477,0.0,0.008302808302808384,0.009701611860896242
Exp2_GaSi_to_Ju,Ga_Si,Ju,gaussian_noise,2,Softmax,5.757058023452591,0.7037037037037037,0.7158620689655173,0.5517241379310345,0.88,0.6666666666666666,0.7806896551724138,1.0006544926769332,0.24840886367894782,0.2402395973087606,0.6611842105263159,0.17798570223212648,0.08925571862696159,0.025369730031954363,0.2962962962962963,-0.01851851851851849,0.07179487179487187,-0.005644827268274408
Exp2_GaSi_to_Ju,Ga_Si,Ju,gaussian_noise,2,Temperature Scaling,5.757058023452591,0.7037037037037037,0.7158620689655173,0.5517241379310345,0.88,0.6666666666666666,0.7944827586206897,0.5628880198794235,0.19314125051784675,0.07680198500689349,0.680921052631579,0.1742738873165522,0.25986105253271624,0.2631090588588766,0.2962962962962963,-0.01851851851851849,0.07179487179487187,-0.004324776343652581
Exp2_GaSi_to_Ju,Ga_Si,Ju,gaussian_noise,2,EDL,5.757058023452591,0.7037037037037037,0.7158620689655173,0.5517241379310345,0.88,0.6666666666666666,0.7958620689655173,0.5798939189439916,0.19904973082883956,0.12228642331560212,0.7055921052631579,0.16711621357588258,0.3459073286044995,0.3518499803418914,0.2962962962962963,-0.01851851851851849,0.07179487179487187,-0.009338380815671732
Exp2_GaSi_to_Ju,Ga_Si,Ju,gaussian_noise,2,MC Dropout,5.757058023452591,0.7037037037037037,0.7158620689655173,0.5517241379310345,0.88,0.6666666666666666,0.7848275862068965,0.8144761500543193,0.23579053741202863,0.2294060136003234,0.6776315789473684,0.18203647280061716,0.19532248452644177,0.1735942618492325,0.2962962962962963,-0.01851851851851849,0.07179487179487187,-0.007554631346893548
Exp2_GaSi_to_Ju,Ga_Si,Ju,gaussian_noise,3,Softmax,5.757058023452591,0.5,0.5344827586206896,0.06896551724137931,1.0,0.12903225806451613,0.7806896551724138,3.5899973659496194,0.4406208324598089,0.4547974703003383,0.7338820301783264,0.2999767643554248,0.04520252969966185,0.00032423638598821913,0.5,0.18518518518518523,0.6094292803970224,-0.04969801619557415
Exp2_GaSi_to_Ju,Ga_Si,Ju,gaussian_noise,3,Temperature Scaling,5.757058023452591,0.5,0.5344827586206896,0.06896551724137931,1.0,0.12903225806451613,0.7834482758620689,1.0682810364881756,0.3499078524563779,0.3590373737366804,0.7379972565157751,0.295993003713375,0.14096262626331965,0.0750519409775734,0.5,0.18518518518518523,0.6094292803970224,-0.12322320261304917
Exp2_GaSi_to_Ju,Ga_Si,Ju,gaussian_noise,3,EDL,5.757058023452591,0.5,0.5344827586206896,0.06896551724137931,1.0,0.12903225806451613,0.7806896551724138,0.9938279102554625,0.3487907867364651,0.3490100026769626,0.7325102880658436,0.3018996595351907,0.24044607685161276,0.2039470106598888,0.5,0.18518518518518523,0.6094292803970224,-0.11479963256855849
Exp2_GaSi_to_Ju,Ga_Si,Ju,gaussian_noise,3,MC Dropout,5.757058023452591,0.5,0.5344827586206896,0.06896551724137931,1.0,0.12903225806451613,0.776551724137931,2.479552701193118,0.4229100257475646,0.4366375967065905,0.7393689986282579,0.29448422234444716,0.11033303867648829,0.006927938859072898,0.5,0.18518518518518523,0.6094292803970224,-0.09254407719684703
Exp2_GaSi_to_Ju,Ga_Si,Ju,gaussian_noise,4,Softmax,5.757058023452591,0.46296296296296297,0.5,0.0,1.0,0.0,0.766896551724138,9.07797671971505,0.5352482275520157,0.5361104107605537,0.6462068965517241,0.2504305286894734,0.0009266262764835195,0.0,0.537037037037037,0.22222222222222227,0.7384615384615385,-0.09397391961875248
Exp2_GaSi_to_Ju,Ga_Si,Ju,gaussian_noise,4,Temperature Scaling,5.757058023452591,0.46296296296296297,0.5,0.0,1.0,0.0,0.7655172413793103,2.1860024230704,0.5034848189974143,0.5139742391745433,0.7655172413793103,0.313284613496699,0.023062797862493767,0.009324315642709524,0.537037037037037,0.22222222222222227,0.7384615384615385,-0.24112303101387506
Exp2_GaSi_to_Ju,Ga_Si,Ju,gaussian_noise,4,EDL,5.757058023452591,0.46296296296296297,0.5,0.0,1.0,0.0,0.7627586206896552,1.451990442540828,0.4623193899160358,0.4707575996473038,0.7641379310344827,0.31666277632649015,0.13039235008124223,0.12138742274004716,0.537037037037037,0.22222222222222227,0.7384615384615385,-0.22485335933892903
Exp2_GaSi_to_Ju,Ga_Si,Ju,gaussian_noise,4,MC Dropout,5.757058023452591,0.46296296296296297,0.5,0.0,1.0,0.0,0.7682758620689655,5.70116219627803,0.5309184439045994,0.5334512067031423,0.7696551724137931,0.3040611455097937,0.010199125849379697,1.583300625353551e-05,0.537037037037037,0.22222222222222227,0.7384615384615385,-0.1926779900239556
Exp2_GaSi_to_Ju,Ga_Si,Ju,amplitude_scaling,0,Softmax,5.757058023452591,0.6851851851851852,0.6737931034482758,0.8275862068965517,0.52,0.7384615384615385,0.7765517241379309,1.1550385464095303,0.2627310872280112,0.2589593342479301,0.6709062003179651,0.19406118627695543,0.094900545895236,0.037185048497563766,0.31481481481481477,0.0,0.0,0.0
Exp2_GaSi_to_Ju,Ga_Si,Ju,amplitude_scaling,0,Temperature Scaling,5.757058023452591,0.6851851851851852,0.6737931034482758,0.8275862068965517,0.52,0.7384615384615385,0.7875862068965517,0.5727565721115154,0.19733718626744884,0.08679894920131669,0.6915739268680445,0.1835225249895465,0.2641858288763688,0.26695412009753083,0.31481481481481477,0.0,0.0,0.0
Exp2_GaSi_to_Ju,Ga_Si,Ju,amplitude_scaling,0,EDL,5.757058023452591,0.6851851851851852,0.6737931034482758,0.8275862068965517,0.52,0.7384615384615385,0.783448275862069,0.5946194350341698,0.20603260218469752,0.1031150687188975,0.6836248012718601,0.18642584746402896,0.35524570942017125,0.3586505679413676,0.31481481481481477,0.0,0.0,0.0
Exp2_GaSi_to_Ju,Ga_Si,Ju,amplitude_scaling,0,MC Dropout,5.757058023452591,0.6851851851851852,0.6737931034482758,0.8275862068965517,0.52,0.7384615384615385,0.793103448275862,0.8605714826684077,0.2452141023840906,0.22216529286522446,0.7233704292527822,0.16006643176894533,0.20328050827506508,0.1461611027149281,0.31481481481481477,0.0,0.0,0.0
Exp2_GaSi_to_Ju,Ga_Si,Ju,amplitude_scaling,1,Softmax,5.757058023452591,0.6851851851851852,0.6958620689655173,0.5517241379310345,0.84,0.6530612244897959,0.8013793103448276,0.9790650036685784,0.23812982485295353,0.22698908295837167,0.7424483306836248,0.15876255991029545,0.08782573185644311,0.017902621171540678,0.31481481481481477,0.0,0.08540031397174264,-0.007074814038792884
Exp2_GaSi_to_Ju,Ga_Si,Ju,amplitude_scaling,1,Temperature Scaling,5.757058023452591,0.6851851851851852,0.6958620689655173,0.5517241379310345,0.84,0.6530612244897959,0.8041379310344827,0.5540031036247486,0.18979625353613458,0.09588338619473864,0.7488076311605723,0.1608772060777073,0.23863576094387695,0.24240166780223243,0.31481481481481477,0.0,0.08540031397174264,-0.02555006793249187
Exp2_GaSi_to_Ju,Ga_Si,Ju,amplitude_scaling,1,EDL,5.757058023452591,0.6851851851851852,0.6958620689655173,0.5517241379310345,0.84,0.6530612244897959,0.8041379310344827,0.56947822270063,0.19498616963739698,0.1323992662498626,0.7408585055643879,0.1620549056655711,0.32630789337923105,0.33219809083883434,0.31481481481481477,0.0,0.08540031397174264,-0.0289378160409402
Exp2_GaSi_to_Ju,Ga_Si,Ju,amplitude_scaling,1,MC Dropout,5.757058023452591,0.6851851851851852,0.6958620689655173,0.5517241379310345,0.84,0.6530612244897959,0.7999999999999999,0.7967395650159794,0.22657343259432516,0.2116946988180321,0.7503974562798092,0.1586345380675295,0.18059190259449356,0.1677762280487984,0.31481481481481477,0.0,0.08540031397174264,-0.022688605680571516
Exp2_GaSi_to_Ju,Ga_Si,Ju,amplitude_scaling,2,Softmax,5.757058023452591,0.6666666666666666,0.6841379310344828,0.4482758620689655,0.92,0.5909090909090909,0.7931034482758621,1.764085308490648,0.30796723914411356,0.30544287709515805,0.595679012345679,0.23366365352548452,0.07044536489267178,0.009611532922499666,0.33333333333333337,0.0185185185185186,0.14755244755244756,-0.02445518100256422
Exp2_GaSi_to_Ju,Ga_Si,Ju,amplitude_scaling,2,Temperature Scaling,5.757058023452591,0.6666666666666666,0.6841379310344828,0.4482758620689655,0.92,0.5909090909090909,0.8151724137931035,0.7412304714232147,0.24886944002598835,0.16065839626651784,0.6018518518518519,0.2318288191415086,0.18572713513996494,0.16025402791233434,0.33333333333333337,0.0185185185185186,0.14755244755244756,-0.07845869373640388
Exp2_GaSi_to_Ju,Ga_Si,Ju,amplitude_scaling,2,EDL,5.757058023452591,0.6666666666666666,0.6841379310344828,0.4482758620689655,0.92,0.5909090909090909,0.8055172413793104,0.7212087834147011,0.24901897560456482,0.17845847330320447,0.6172839506172839,0.22905782611063052,0.27583841209685317,0.26668513477740285,0.33333333333333337,0.0185185185185186,0.14755244755244756,-0.07940729732331808
Exp2_GaSi_to_Ju,Ga_Si,Ju,amplitude_scaling,2,MC Dropout,5.757058023452591,0.6666666666666666,0.6841379310344828,0.4482758620689655,0.92,0.5909090909090909,0.7986206896551724,1.3401981837090622,0.2961616357904578,0.2939825865904375,0.5802469135802469,0.24036948040897108,0.15427713855650665,0.09018744054057087,0.33333333333333337,0.0185185185185186,0.14755244755244756,-0.049003369718558426
Exp2_GaSi_to_Ju,Ga_Si,Ju,amplitude_scaling,3,Softmax,5.757058023452591,0.5555555555555556,0.5834482758620689,0.20689655172413793,0.96,0.3333333333333333,0.8068965517241379,2.931214689486247,0.3793267412856192,0.3919155295830691,0.6902777777777778,0.2722931047021242,0.069006212975499,0.000662569052133799,0.4444444444444444,0.12962962962962965,0.4051282051282052,-0.025894332919737
Exp2_GaSi_to_Ju,Ga_Si,Ju,amplitude_scaling,3,Temperature Scaling,5.757058023452591,0.5555555555555556,0.5834482758620689,0.20689655172413793,0.96,0.3333333333333333,0.8027586206896551,1.0495643503585856,0.32449518772856123,0.3018461676763543,0.6916666666666667,0.27671090738302395,0.14259827676809012,0.07241474733283271,0.4444444444444444,0.12962962962962965,0.4051282051282052,-0.12158755210827871
Exp2_GaSi_to_Ju,Ga_Si,Ju,amplitude_scaling,3,EDL,5.757058023452591,0.5555555555555556,0.5834482758620689,0.20689655172413793,0.96,0.3333333333333333,0.8027586206896552,0.9192775722708233,0.31497797218520385,0.2866275436279251,0.6777777777777778,0.28466909158079623,0.22875395510757476,0.1953235739463722,0.4444444444444444,0.12962962962962965,0.4051282051282052,-0.1264917543125965
Exp2_GaSi_to_Ju,Ga_Si,Ju,amplitude_scaling,3,MC Dropout,5.757058023452591,0.5555555555555556,0.5834482758620689,0.20689655172413793,0.96,0.3333333333333333,0.8027586206896552,1.98141285486547,0.3688528800554959,0.35718291269594304,0.6888888888888889,0.27043872605720476,0.13122222260623817,0.022172181308663795,0.4444444444444444,0.12962962962962965,0.4051282051282052,-0.07205828566882691
Exp2_GaSi_to_Ju,Ga_Si,Ju,amplitude_scaling,4,Softmax,5.757058023452591,0.5,0.5317241379310345,0.10344827586206896,0.96,0.18181818181818182,0.8068965517241379,4.272522810401968,0.45003595164745286,0.4639951202680029,0.7517146776406035,0.2633922410956962,0.048419234799257325,3.598578072139258e-06,0.5,0.18518518518518523,0.5566433566433566,-0.046481311095978674
Exp2_GaSi_to_Ju,Ga_Si,Ju,amplitude_scaling,4,Temperature Scaling,5.757058023452591,0.5,0.5317241379310345,0.10344827586206896,0.96,0.18181818181818182,0.8082758620689655,1.4113026248798437,0.3901716999418941,0.3986025232674929,0.7517146776406035,0.28972818894250235,0.1013974767325071,0.027674253434745,0.5,0.18518518518518523,0.5566433566433566,-0.16278835214386173
Exp2_GaSi_to_Ju,Ga_Si,Ju,amplitude_scaling,4,EDL,5.757058023452591,0.5,0.5317241379310345,0.10344827586206896,0.96,0.18181818181818182,0.7944827586206896,1.1085096947769837,0.37401433520072525,0.3863988989165702,0.7462277091906722,0.3009405577749915,0.188271515132664,0.14962121790690838,0.5,0.18518518518518523,0.5566433566433566,-0.16697419428750726
Exp2_GaSi_to_Ju,Ga_Si,Ju,amplitude_scaling,4,MC Dropout,5.757058023452591,0.5,0.5317241379310345,0.10344827586206896,0.96,0.18181818181818182,0.8151724137931035,2.760517727302706,0.4323657834668737,0.45583530834393216,0.7626886145404663,0.27269776105565074,0.09675953483500993,0.005040535453974276,0.5,0.18518518518518523,0.5566433566433566,-0.10652097344005515
Exp2_GaSi_to_Ju,Ga_Si,Ju,channel_dropout,0,Softmax,5.757058023452591,0.6851851851851852,0.6737931034482758,0.8275862068965517,0.52,0.7384615384615385,0.7765517241379309,1.1550385464095303,0.2627310872280112,0.2589593342479301,0.6709062003179651,0.19406118627695543,0.094900545895236,0.037185048497563766,0.31481481481481477,0.0,0.0,0.0
Exp2_GaSi_to_Ju,Ga_Si,Ju,channel_dropout,0,Temperature Scaling,5.757058023452591,0.6851851851851852,0.6737931034482758,0.8275862068965517,0.52,0.7384615384615385,0.7875862068965517,0.5727565721115154,0.19733718626744884,0.08679894920131669,0.6915739268680445,0.1835225249895465,0.2641858288763688,0.26695412009753083,0.31481481481481477,0.0,0.0,0.0
Exp2_GaSi_to_Ju,Ga_Si,Ju,channel_dropout,0,EDL,5.757058023452591,0.6851851851851852,0.6737931034482758,0.8275862068965517,0.52,0.7384615384615385,0.783448275862069,0.5946194350341698,0.20603260218469752,0.1031150687188975,0.6836248012718601,0.18642584746402896,0.35524570942017125,0.3586505679413676,0.31481481481481477,0.0,0.0,0.0
Exp2_GaSi_to_Ju,Ga_Si,Ju,channel_dropout,0,MC Dropout,5.757058023452591,0.6851851851851852,0.6737931034482758,0.8275862068965517,0.52,0.7384615384615385,0.7862068965517242,0.8718124855804446,0.24578860709207412,0.2227889439795358,0.7154213036565977,0.1662168781917229,0.20317227572620833,0.14209693457244701,0.31481481481481477,0.0,0.0,0.0
Exp2_GaSi_to_Ju,Ga_Si,Ju,channel_dropout,1,Softmax,5.757058023452591,0.5555555555555556,0.5310344827586206,0.8620689655172413,0.2,0.6756756756756757,0.6758620689655171,1.4680950013437604,0.3310643847870764,0.32017780795933104,0.6791666666666667,0.30340768195816925,0.12426663648511344,0.05256200199059785,0.4444444444444444,0.12962962962962965,0.06278586278586284,0.029366090589877436
Exp2_GaSi_to_Ju,Ga_Si,Ju,channel_dropout,1,Temperature Scaling,5.757058023452591,0.5740740740740741,0.5482758620689655,0.896551724137931,0.2,0.6933333333333334,0.7020689655172413,0.6912401964464008,0.2440781557083646,0.1675934853835545,0.7082748948106592,0.2749689030813007,0.2583324405423714,0.2578476139600726,0.42592592592592593,0.11111111111111116,0.045128205128205146,-0.0058533883339974
Exp2_GaSi_to_Ju,Ga_Si,Ju,channel_dropout,1,EDL,5.757058023452591,0.5555555555555556,0.5310344827586206,0.8620689655172413,0.2,0.6756756756756757,0.6979310344827586,0.7221782572859357,0.25825432321850805,0.20278770421327064,0.7708333333333334,0.26165693273038704,0.3234634888959995,0.318942648021593,0.4444444444444444,0.12962962962962965,0.06278586278586284,-0.031782220524171734
Exp2_GaSi_to_Ju,Ga_Si,Ju,channel_dropout,1,MC Dropout,5.757058023452591,0.5555555555555556,0.5310344827586206,0.8620689655172413,0.2,0.6756756756756757,0.6772413793103448,1.1733489350934974,0.3189027043380607,0.30483597485338965,0.7319444444444444,0.27145323543562094,0.16687031126572205,0.1432053940983221,0.4444444444444444,0.12962962962962965,0.06278586278586284,-0.03630196446048628
Exp2_GaSi_to_Ju,Ga_Si,Ju,channel_dropout,2,Softmax,5.757058023452591,0.6481481481481481,0.6227586206896552,0.9655172413793104,0.28,0.7466666666666667,0.6593103448275861,1.833595491160284,0.3062934020391686,0.2595222531602627,0.4676691729323308,0.39673046162988823,0.13359999722142438,0.04751295377226439,0.35185185185185186,0.03703703703703709,-0.008205128205128198,0.03869945132618838
Exp2_GaSi_to_Ju,Ga_Si,Ju,channel_dropout,2,Temperature Scaling,5.757058023452591,0.6296296296296297,0.6027586206896551,0.9655172413793104,0.24,0.7368421052631579,0.6675862068965517,0.7674536455255399,0.2619398829126765,0.15959636054620469,0.5014705882352941,0.3871809191332322,0.25710118764239337,0.25184534579739537,0.37037037037037035,0.05555555555555558,0.0016194331983806487,-0.007084641233975453
Exp2_GaSi_to_Ju,Ga_Si,Ju,channel_dropout,2,EDL,5.757058023452591,0.6481481481481481,0.6227586206896552,0.9655172413793104,0.28,0.7466666666666667,0.6565517241379311,0.752131580570152,0.26191259789418275,0.1858683374884747,0.4781954887218045,0.3816504486357032,0.3242281432700017,0.3047980269818914,0.35185185185185186,0.03703703703703709,-0.008205128205128198,-0.03101756615016954
Exp2_GaSi_to_Ju,Ga_Si,Ju,channel_dropout,2,MC Dropout,5.757058023452591,0.6481481481481481,0.6227586206896552,0.9655172413793104,0.28,0.7466666666666667,0.6565517241379311,1.4145657326359502,0.3023712264779327,0.24323472501107118,0.47969924812030074,0.388410010768348,0.17061300982784486,0.11098556503654389,0.35185185185185186,0.03703703703703709,-0.008205128205128198,-0.03255926589836347
Exp2_GaSi_to_Ju,Ga_Si,Ju,channel_dropout,3,Softmax,5.757058023452591,0.5740740740740741,0.5455172413793103,0.9310344827586207,0.16,0.7012987012987013,0.6344827586206896,1.690663198281399,0.36086675406541074,0.35827261191352044,0.5778401122019635,0.32343908760639706,0.11156899923243957,0.0392794221753458,0.42592592592592593,0.11111111111111116,0.03716283716283719,0.01666845333720357
Exp2_GaSi_to_Ju,Ga_Si,Ju,channel_dropout,3,Temperature Scaling,5.757058023452591,0.5740740740740741,0.5427586206896552,0.9655172413793104,0.12,0.7088607594936709,0.6951724137931035,0.7571399873201365,0.27554926750024156,0.253232576116487,0.6409537166900421,0.2748560733157698,0.23702127519612692,0.20183056943975186,0.42592592592592593,0.11111111111111116,0.029600778967867614,-0.0271645536802419
Exp2_GaSi_to_Ju,Ga_Si,Ju,channel_dropout,3,EDL,5.757058023452591,0.5925925925925926,0.5627586206896552,0.9655172413793104,0.16,0.717948717948718,0.6744827586206897,0.7900645404601149,0.2864671153332675,0.27740938281701205,0.6519886363636364,0.26083967128726315,0.3084085383631802,0.2936105105461006,0.40740740740740744,0.09259259259259267,0.02051282051282055,-0.046837171056991034
Exp2_GaSi_to_Ju,Ga_Si,Ju,channel_dropout,3,MC Dropout,5.757058023452591,0.5925925925925926,0.5627586206896552,0.9655172413793104,0.16,0.717948717948718,0.6510344827586206,1.3168869758496717,0.34894184333398176,0.3660934656044695,0.6178977272727273,0.28898802948220015,0.15087002019992693,0.12279665999016406,0.40740740740740744,0.09259259259259267,0.02051282051282055,-0.0523022555262814
Exp2_GaSi_to_Ju,Ga_Si,Ju,channel_dropout,4,Softmax,5.757058023452591,0.5740740740740741,0.5455172413793103,0.9310344827586207,0.16,0.7012987012987013,0.4620689655172414,2.4257867505456154,0.36232713596627425,0.2953750318554019,0.4179523141654979,0.5044632277557352,0.1305508940705241,0.07203966808138468,0.42592592592592593,0.11111111111111116,0.03716283716283719,0.03565034817528809
Exp2_GaSi_to_Ju,Ga_Si,Ju,channel_dropout,4,Temperature Scaling,5.757058023452591,0.5925925925925926,0.5627586206896552,0.9655172413793104,0.16,0.717948717948718,0.5489655172413793,0.8486376530162096,0.2903082085998047,0.19296738138945918,0.4659090909090909,0.4532710788100669,0.24613635432611147,0.2377413411935171,0.40740740740740744,0.09259259259259267,0.02051282051282055,-0.01804947455025735
Exp2_GaSi_to_Ju,Ga_Si,Ju,channel_dropout,4,EDL,5.757058023452591,0.5925925925925926,0.5627586206896552,0.9655172413793104,0.16,0.717948717948718,0.5241379310344827,0.8376461609917718,0.29427494358397427,0.2150461570996803,0.5085227272727273,0.45858088664744606,0.30882245170928563,0.3033247600490357,0.40740740740740744,0.09259259259259267,0.02051282051282055,-0.046423257710885624
Exp2_GaSi_to_Ju,Ga_Si,Ju,channel_dropout,4,MC Dropout,5.757058023452591,0.5925925925925926,0.5627586206896552,0.9655172413793104,0.16,0.717948717948718,0.4827586206896552,1.8231961921898616,0.35133862170200597,0.3117010851294198,0.44318181818181823,0.48649746375619113,0.1584769185419588,0.10030706023249465,0.40740740740740744,0.09259259259259267,0.02051282051282055,-0.04469535718424952
Exp2_GaSi_to_Ju,Ga_Si,Ju,temporal_masking,0,Softmax,5.757058023452591,0.6851851851851852,0.6737931034482758,0.8275862068965517,0.52,0.7384615384615385,0.7765517241379309,1.1550385464095303,0.2627310872280112,0.2589593342479301,0.6709062003179651,0.19406118627695543,0.094900545895236,0.037185048497563766,0.31481481481481477,0.0,0.0,0.0
Exp2_GaSi_to_Ju,Ga_Si,Ju,temporal_masking,0,Temperature Scaling,5.757058023452591,0.6851851851851852,0.6737931034482758,0.8275862068965517,0.52,0.7384615384615385,0.7875862068965517,0.5727565721115154,0.19733718626744884,0.08679894920131669,0.6915739268680445,0.1835225249895465,0.2641858288763688,0.26695412009753083,0.31481481481481477,0.0,0.0,0.0
Exp2_GaSi_to_Ju,Ga_Si,Ju,temporal_masking,0,EDL,5.757058023452591,0.6851851851851852,0.6737931034482758,0.8275862068965517,0.52,0.7384615384615385,0.783448275862069,0.5946194350341698,0.20603260218469752,0.1031150687188975,0.6836248012718601,0.18642584746402896,0.35524570942017125,0.3586505679413676,0.31481481481481477,0.0,0.0,0.0
Exp2_GaSi_to_Ju,Ga_Si,Ju,temporal_masking,0,MC Dropout,5.757058023452591,0.6851851851851852,0.6737931034482758,0.8275862068965517,0.52,0.7384615384615385,0.7889655172413793,0.8775307593328222,0.2449088562188625,0.20850024554368676,0.7201907790143084,0.16581539866987302,0.2023507309455942,0.15382497097399256,0.31481481481481477,0.0,0.0,0.0
Exp2_GaSi_to_Ju,Ga_Si,Ju,temporal_masking,1,Softmax,5.757058023452591,0.6666666666666666,0.6510344827586206,0.8620689655172413,0.44,0.7352941176470589,0.783448275862069,1.1677435686079716,0.26625917936310617,0.24652222825868747,0.6790123456790124,0.19699266480834648,0.10621395826646061,0.03111859161184949,0.33333333333333337,0.0185185185185186,0.0031674208144796268,0.011313412371224615
Exp2_GaSi_to_Ju,Ga_Si,Ju,temporal_masking,1,Temperature Scaling,5.757058023452591,0.6666666666666666,0.6510344827586206,0.8620689655172413,0.44,0.7352941176470589,0.7848275862068965,0.5880640050873934,0.20391749597353837,0.06348428320230366,0.699074074074074,0.19576663304974973,0.27329900449467465,0.2895048446271287,0.33333333333333337,0.0185185185185186,0.0031674208144796268,0.009113175618305824
Exp2_GaSi_to_Ju,Ga_Si,Ju,temporal_masking,1,EDL,5.757058023452591,0.6666666666666666,0.6510344827586206,0.8620689655172413,0.44,0.7352941176470589,0.7820689655172414,0.6106432841670021,0.21200645598009812,0.12076063146854693,0.683641975308642,0.20072487150410864,0.3635966393512117,0.3874645038611359,0.33333333333333337,0.0185185185185186,0.0031674208144796268,0.008350929931040474
Exp2_GaSi_to_Ju,Ga_Si,Ju,temporal_masking,1,MC Dropout,5.757058023452591,0.6666666666666666,0.6510344827586206,0.8620689655172413,0.44,0.7352941176470589,0.7903448275862069,0.9044854202473102,0.2515477218266023,0.2077757773427455,0.7237654320987654,0.17431421729508417,0.21018031362802497,0.17453305923498796,0.33333333333333337,0.0185185185185186,0.0031674208144796268,0.00782958268243078
Exp2_GaSi_to_Ju,Ga_Si,Ju,temporal_masking,2,Softmax,5.757058023452591,0.6666666666666666,0.6427586206896552,0.9655172413793104,0.32,0.7567567567567568,0.7724137931034483,1.3343959543949135,0.2830376866092586,0.23022123533994546,0.625,0.2253520319144503,0.10534528130407964,0.015437887901500302,0.33333333333333337,0.0185185185185186,-0.018295218295218296,0.010444735408843636
Exp2_GaSi_to_Ju,Ga_Si,Ju,temporal_masking,2,Temperature Scaling,5.757058023452591,0.6666666666666666,0.6427586206896552,0.9655172413793104,0.32,0.7567567567567568,0.7793103448275862,0.6155848854848716,0.21498261609562105,0.07823007316859255,0.6373456790123456,0.22031345452379525,0.2740872199910565,0.26458284887309547,0.33333333333333337,0.0185185185185186,-0.018295218295218296,0.009901391114687685
Exp2_GaSi_to_Ju,Ga_Si,Ju,temporal_masking,2,EDL,5.757058023452591,0.6666666666666666,0.6427586206896552,0.9655172413793104,0.32,0.7567567567567568,0.7751724137931034,0.6404107700514067,0.22369810350566244,0.13890427621664284,0.6558641975308642,0.21648494332769921,0.36816371688589616,0.36383400617965633,0.33333333333333337,0.0185185185185186,-0.018295218295218296,0.012918007465724912
Exp2_GaSi_to_Ju,Ga_Si,Ju,temporal_masking,2,MC Dropout,5.757058023452591,0.6666666666666666,0.6427586206896552,0.9655172413793104,0.32,0.7567567567567568,0.7820689655172414,1.0345802591368918,0.27215908565475716,0.2369073047910389,0.6574074074074074,0.20346920669683963,0.212005505753211,0.10809836298149741,0.33333333333333337,0.0185185185185186,-0.018295218295218296,0.009654774807616812
Exp2_GaSi_to_Ju,Ga_Si,Ju,temporal_masking,3,Softmax,5.757058023452591,0.6111111111111112,0.5827586206896552,0.9655172413793104,0.2,0.7272727272727273,0.7779310344827586,1.5765459480865383,0.32475422671644627,0.3049690376545061,0.6810966810966811,0.23303382689512736,0.08391985123438267,0.008066454509776944,0.38888888888888884,0.07407407407407407,0.01118881118881121,-0.01098069466085333
Exp2_GaSi_to_Ju,Ga_Si,Ju,temporal_masking,3,Temperature Scaling,5.757058023452591,0.6111111111111112,0.5827586206896552,0.9655172413793104,0.2,0.7272727272727273,0.7751724137931034,0.6553004259187306,0.23193491612908262,0.1575523962462219,0.6796536796536796,0.2444969478233735,0.2626833032626413,0.24926086368137285,0.38888888888888884,0.07407407407407407,0.01118881118881121,-0.0015025256137275456
Exp2_GaSi_to_Ju,Ga_Si,Ju,temporal_masking,3,EDL,5.757058023452591,0.6111111111111112,0.5827586206896552,0.9655172413793104,0.2,0.7272727272727273,0.7793103448275862,0.6903190731552229,0.24474860326219258,0.16976552459868652,0.6998556998556998,0.23744585408826085,0.36115861481804207,0.3480640913998104,0.38888888888888884,0.07407407407407407,0.01118881118881121,0.005912905397870816
Exp2_GaSi_to_Ju,Ga_Si,Ju,temporal_masking,3,MC Dropout,5.757058023452591,0.6111111111111112,0.5827586206896552,0.9655172413793104,0.2,0.7272727272727273,0.7710344827586206,1.2462795100524318,0.3106274321647469,0.28333777695708934,0.6883116883116883,0.23296241991163721,0.19383059370343628,0.08459530003969312,0.38888888888888884,0.07407407407407407,0.01118881118881121,-0.008520137242157916
Exp2_GaSi_to_Ju,Ga_Si,Ju,temporal_masking,4,Softmax,5.757058023452591,0.5740740740740741,0.54,1.0,0.08,0.7160493827160493,0.7793103448275862,1.990649075552634,0.3846766547606477,0.3811341336702834,0.7138849929873773,0.24528630596703002,0.04479179225564263,0.0036947476437538818,0.42592592592592593,0.11111111111111116,0.02241215574548916,-0.05010875363959337
Exp2_GaSi_to_Ju,Ga_Si,Ju,temporal_masking,4,Temperature Scaling,5.757058023452591,0.5740740740740741,0.54,1.0,0.08,0.7160493827160493,0.7834482758620689,0.6990365326351347,0.251991667281654,0.18656418835337,0.7180925666199159,0.25173605361315404,0.23936173757255594,0.2184685611803281,0.42592592592592593,0.11111111111111116,0.02241215574548916,-0.024824091303812884
Exp2_GaSi_to_Ju,Ga_Si,Ju,temporal_masking,4,EDL,5.757058023452591,0.5740740740740741,0.54,1.0,0.08,0.7160493827160493,0.7875862068965517,0.7558328618701767,0.27313613202657505,0.22610378251438804,0.7124824684431977,0.2533398092256154,0.34545136200899723,0.3238674700633625,0.42592592592592593,0.11111111111111116,0.02241215574548916,-0.00979434741117402
Exp2_GaSi_to_Ju,Ga_Si,Ju,temporal_masking,4,MC Dropout,5.757058023452591,0.5740740740740741,0.54,1.0,0.08,0.7160493827160493,0.7751724137931034,1.4866871709450677,0.3636448547407227,0.3585665466846244,0.7110799438990183,0.24736353783536943,0.15554080541438206,0.058498474560206216,0.42592592592592593,0.11111111111111116,0.02241215574548916,-0.04680992553121213
Exp2_GaSi_to_Ju,Ga_Si,Ju,smoothing,0,Softmax,5.757058023452591,0.6851851851851852,0.6737931034482758,0.8275862068965517,0.52,0.7384615384615385,0.7765517241379309,1.1550385464095303,0.2627310872280112,0.2589593342479301,0.6709062003179651,0.19406118627695543,0.094900545895236,0.037185048497563766,0.31481481481481477,0.0,0.0,0.0
Exp2_GaSi_to_Ju,Ga_Si,Ju,smoothing,0,Temperature Scaling,5.757058023452591,0.6851851851851852,0.6737931034482758,0.8275862068965517,0.52,0.7384615384615385,0.7875862068965517,0.5727565721115154,0.19733718626744884,0.08679894920131669,0.6915739268680445,0.1835225249895465,0.2641858288763688,0.26695412009753083,0.31481481481481477,0.0,0.0,0.0
Exp2_GaSi_to_Ju,Ga_Si,Ju,smoothing,0,EDL,5.757058023452591,0.6851851851851852,0.6737931034482758,0.8275862068965517,0.52,0.7384615384615385,0.783448275862069,0.5946194350341698,0.20603260218469752,0.1031150687188975,0.6836248012718601,0.18642584746402896,0.35524570942017125,0.3586505679413676,0.31481481481481477,0.0,0.0,0.0
Exp2_GaSi_to_Ju,Ga_Si,Ju,smoothing,0,MC Dropout,5.757058023452591,0.6851851851851852,0.6737931034482758,0.8275862068965517,0.52,0.7384615384615385,0.7875862068965517,0.8678849292027476,0.2446737326469331,0.2233914987150865,0.7233704292527822,0.16233397268844701,0.20419984820364176,0.15788961769584076,0.31481481481481477,0.0,0.0,0.0
Exp2_GaSi_to_Ju,Ga_Si,Ju,smoothing,1,Softmax,5.757058023452591,0.6666666666666666,0.6510344827586206,0.8620689655172413,0.44,0.7352941176470589,0.766896551724138,1.3098491759656814,0.27231528819240636,0.24184784736945508,0.6604938271604939,0.21307395603803225,0.09148548596387826,0.02753022817707168,0.33333333333333337,0.0185185185185186,0.0031674208144796268,-0.003415059931357739
Exp2_GaSi_to_Ju,Ga_Si,Ju,smoothing,1,Temperature Scaling,5.757058023452591,0.6666666666666666,0.6510344827586206,0.8620689655172413,0.44,0.7352941176470589,0.7848275862068965,0.5933077438837471,0.2048745665542708,0.07440000255099552,0.6990740740740741,0.1953244573473633,0.2589333307823379,0.2734325730374881,0.33333333333333337,0.0185185185185186,0.0031674208144796268,-0.005252498094030944
Exp2_GaSi_to_Ju,Ga_Si,Ju,smoothing,1,EDL,5.757058023452591,0.6666666666666666,0.6510344827586206,0.8620689655172413,0.44,0.7352941176470589,0.7834482758620689,0.6162864449547035,0.21375557985303859,0.13511680973981952,0.6929012345679012,0.19620913799483797,0.35127991591727414,0.3694245599003302,0.33333333333333337,0.0185185185185186,0.0031674208144796268,-0.003965793502897108
Exp2_GaSi_to_Ju,Ga_Si,Ju,smoothing,1,MC Dropout,5.757058023452591,0.6851851851851852,0.6710344827586207,0.8620689655172413,0.48,0.746268656716418,0.7806896551724137,0.9831720360347885,0.2550263291816959,0.21559860508457923,0.670906200317965,0.19058530501374418,0.19629842551390628,0.17499747064868254,0.31481481481481477,0.0,-0.007807118254879453,-0.007901422689735482
Exp2_GaSi_to_Ju,Ga_Si,Ju,smoothing,2,Softmax,5.757058023452591,0.6851851851851852,0.6655172413793103,0.9310344827586207,0.4,0.7605633802816901,0.7503448275862069,1.709885471290083,0.29251074147120265,0.2725826544169729,0.5500794912559619,0.24428296560640542,0.09190117677928208,0.006105068775396516,0.31481481481481477,0.0,-0.022101841820151624,-0.002999369115953915
Exp2_GaSi_to_Ju,Ga_Si,Ju,smoothing,2,Temperature Scaling,5.757058023452591,0.6666666666666666,0.6455172413793103,0.9310344827586207,0.36,0.75,0.7751724137931034,0.6541810852435864,0.2275260364737657,0.14057982111883532,0.6249999999999999,0.22635946606117835,0.24660064565590278,0.213363571392913,0.33333333333333337,0.0185185185185186,-0.011538461538461497,-0.01758518322046604
Exp2_GaSi_to_Ju,Ga_Si,Ju,smoothing,2,EDL,5.757058023452591,0.6851851851851852,0.6655172413793103,0.9310344827586207,0.4,0.7605633802816901,0.7682758620689655,0.6760655874556404,0.235389038687581,0.16156766892978708,0.6009538950715421,0.22425771696675353,0.34101866815785753,0.3116275404121668,0.31481481481481477,0.0,-0.022101841820151624,-0.014227041262313722
Exp2_GaSi_to_Ju,Ga_Si,Ju,smoothing,2,MC Dropout,5.757058023452591,0.6851851851851852,0.6655172413793103,0.9310344827586207,0.4,0.7605633802816901,0.7586206896551725,1.2549210589441562,0.28590136507346153,0.2638373700742605,0.5802861685214626,0.22372931236055926,0.18637191259381958,0.06797216361030556,0.31481481481481477,0.0,-0.022101841820151624,-0.017827935609822182
Exp2_GaSi_to_Ju,Ga_Si,Ju,smoothing,3,Softmax,5.757058023452591,0.5555555555555556,0.5255172413793103,0.9310344827586207,0.12,0.6923076923076923,0.6855172413793104,2.8664493530559336,0.39791102646638177,0.3940221038989882,0.6597222222222222,0.3081294610640605,0.05042234054545633,0.0004751261264558937,0.4444444444444444,0.12962962962962965,0.04615384615384621,-0.04447820534977967
Exp2_GaSi_to_Ju,Ga_Si,Ju,smoothing,3,Temperature Scaling,5.757058023452591,0.5555555555555556,0.5255172413793103,0.9310344827586207,0.12,0.6923076923076923,0.7144827586206896,0.8320861997305774,0.2879226217926877,0.2515626037122626,0.6888888888888889,0.29595345346653495,0.19288184073218193,0.14017096130637635,0.4444444444444444,0.12962962962962965,0.04615384615384621,-0.0713039881441869
Exp2_GaSi_to_Ju,Ga_Si,Ju,smoothing,3,EDL,5.757058023452591,0.5555555555555556,0.5255172413793103,0.9310344827586207,0.12,0.6923076923076923,0.7089655172413794,0.8468581346190782,0.299806665581956,0.2629966028033908,0.6847222222222222,0.3068054372412994,0.29810196552385587,0.2616607708594486,0.4444444444444444,0.12962962962962965,0.04615384615384621,-0.05714374389631538
Exp2_GaSi_to_Ju,Ga_Si,Ju,smoothing,3,MC Dropout,5.757058023452591,0.5555555555555556,0.5255172413793103,0.9310344827586207,0.12,0.6923076923076923,0.6855172413793102,2.143730324515221,0.3866606843510879,0.38015656174513424,0.6611111111111112,0.2984352816470446,0.12246631289956325,0.02276582622658064,0.4444444444444444,0.12962962962962965,0.04615384615384621,-0.08173353530407851
Exp2_GaSi_to_Ju,Ga_Si,Ju,smoothing,4,Softmax,5.757058023452591,0.5185185185185185,0.48551724137931035,0.9310344827586207,0.04,0.675,0.6096551724137931,4.173281486594542,0.4387491357321419,0.4423189877469382,0.6442307692307693,0.40744447137429723,0.0391624937345433,4.966104259856996e-05,0.4814814814814815,0.16666666666666674,0.06346153846153846,-0.0557380521606927
Exp2_GaSi_to_Ju,Ga_Si,Ju,smoothing,4,Temperature Scaling,5.757058023452591,0.5185185185185185,0.48551724137931035,0.9310344827586207,0.04,0.675,0.6524137931034483,1.026116798132059,0.33664717529181326,0.33342665877849476,0.6868131868131868,0.3430481710408207,0.14805482270298673,0.10558008219020953,0.4814814814814815,0.16666666666666674,0.06346153846153846,-0.1161310061733821
Exp2_GaSi_to_Ju,Ga_Si,Ju,smoothing,4,EDL,5.757058023452591,0.5185185185185185,0.48551724137931035,0.9310344827586207,0.04,0.675,0.6455172413793103,0.9768652499774226,0.34024458193464846,0.3290080240978409,0.6909340659340659,0.3416380758916445,0.2581598561440213,0.22666083775946627,0.4814814814814815,0.16666666666666674,0.06346153846153846,-0.09708585327614994
Exp2_GaSi_to_Ju,Ga_Si,Ju,smoothing,4,MC Dropout,5.757058023452591,0.5185185185185185,0.48551724137931035,0.9310344827586207,0.04,0.675,0.616551724137931,3.029939137043213,0.42944522123638923,0.4401964537639681,0.657967032967033,0.33006609597543757,0.0858155984332299,0.004272698334777329,0.4814814814814815,0.16666666666666674,0.06346153846153846,-0.11838424977041186
Exp3_JuSi_to_Ga,Ju_Si,Ga,gaussian_noise,0,Softmax,10.510162844996483,0.6382978723404256,0.6015325670498084,0.7586206896551724,0.4444444444444444,0.7213114754098361,0.6264367816091954,4.369971048064874,0.3134857293019405,0.3201785565435421,0.5774509803921569,0.4131176644281107,0.04851673332586335,1.2744632033045988e-06,0.36170212765957444,0.0,0.0,0.0
Exp3_JuSi_to_Ga,Ju_Si,Ga,gaussian_noise,0,Temperature Scaling,10.510162844996483,0.6382978723404256,0.6015325670498084,0.7586206896551724,0.4444444444444444,0.7213114754098361,0.5957854406130269,1.3994278704164602,0.2941148278131454,0.28178077719742406,0.5490196078431373,0.38038000576334874,0.08940154058424968,0.02159556622306502,0.36170212765957444,0.0,0.0,0.0
Exp3_JuSi_to_Ga,Ju_Si,Ga,gaussian_noise,0,EDL,10.510162844996483,0.6382978723404256,0.6015325670498084,0.7586206896551724,0.4444444444444444,0.7213114754098361,0.5977011494252873,1.0749019536273172,0.2929927591183949,0.29263346174723526,0.5294117647058824,0.38332203604112364,0.07540865602834816,0.060888729006465935,0.36170212765957444,0.0,0.0,0.0
Exp3_JuSi_to_Ga,Ju_Si,Ga,gaussian_noise,0,MC Dropout,10.510162844996483,0.6382978723404256,0.6015325670498084,0.7586206896551724,0.4444444444444444,0.7213114754098361,0.6206896551724138,3.4871559910436405,0.3109474634045266,0.33233745561701683,0.5705882352941176,0.3709656877354008,0.04454835828048102,0.0016964831296256222,0.36170212765957444,0.0,0.0,0.0
Exp3_JuSi_to_Ga,Ju_Si,Ga,gaussian_noise,1,Softmax,10.510162844996483,0.6595744680851063,0.6187739463601533,0.7931034482758621,0.4444444444444444,0.7419354838709677,0.6159003831417624,4.622185193896836,0.31736371228098204,0.2937758332816077,0.5060483870967742,0.4028818837848095,0.050495243615823256,7.698933279787212e-08,0.34042553191489366,-0.02127659574468077,-0.02062400846113166,0.001978510289959906
Exp3_JuSi_to_Ga,Ju_Si,Ga,gaussian_noise,1,Temperature Scaling,10.510162844996483,0.6595744680851063,0.6187739463601533,0.7931034482758621,0.4444444444444444,0.7419354838709677,0.5919540229885057,1.4356800109091223,0.2999557385352082,0.2900007541153513,0.49193548387096775,0.3818446776513387,0.08837530775056944,0.020399604406621807,0.34042553191489366,-0.02127659574468077,-0.02062400846113166,-0.0010262328336802379
Exp3_JuSi_to_Ga,Ju_Si,Ga,gaussian_noise,1,EDL,10.510162844996483,0.6595744680851063,0.6187739463601533,0.7931034482758621,0.4444444444444444,0.7419354838709677,0.5862068965517241,1.1002269105061213,0.2979994096507435,0.2680910253419612,0.46975806451612906,0.39068709709858707,0.07454040880326111,0.061704528647371464,0.34042553191489366,-0.02127659574468077,-0.02062400846113166,-0.0008682472250870488
Exp3_JuSi_to_Ga,Ju_Si,Ga,gaussian_noise,1,MC Dropout,10.510162844996483,0.6595744680851063,0.6187739463601533,0.7931034482758621,0.4444444444444444,0.7419354838709677,0.6168582375478927,3.8181869886637245,0.3149084342974026,0.3111571489548676,0.48991935483870963,0.3947845918186642,0.04387746655010125,0.003186245992794714,0.34042553191489366,-0.02127659574468077,-0.02062400846113166,-0.0006708917303797635
Exp3_JuSi_to_Ga,Ju_Si,Ga,gaussian_noise,2,Softmax,10.510162844996483,0.6170212765957447,0.5842911877394636,0.7241379310344828,0.4444444444444444,0.7,0.6312260536398467,3.9325255356551057,0.32715358497818253,0.33603819276478486,0.5881226053639846,0.35901954409634007,0.05857915571388318,5.4863591988918436e-05,0.3829787234042553,0.021276595744680882,0.021311475409836134,0.010062422388019833
Exp3_JuSi_to_Ga,Ju_Si,Ga,gaussian_noise,2,Temperature Scaling,10.510162844996483,0.6170212765957447,0.5842911877394636,0.7241379310344828,0.4444444444444444,0.7,0.611111111111111,1.4840998484188317,0.30792124951839533,0.29291297700238794,0.53639846743295,0.43532827374226796,0.09006574640186742,0.03822987464567018,0.3829787234042553,0.021276595744680882,0.021311475409836134,0.0006642058176177384
Exp3_JuSi_to_Ga,Ju_Si,Ga,gaussian_noise,2,EDL,10.510162844996483,0.6170212765957447,0.5842911877394636,0.7241379310344828,0.4444444444444444,0.7,0.6226053639846743,1.1111345680044404,0.3073224064075939,0.2927047646952371,0.524904214559387,0.42443994359821535,0.07416437996804423,0.0609099428790311,0.3829787234042553,0.021276595744680882,0.021311475409836134,-0.001244276060303931
Exp3_JuSi_to_Ga,Ju_Si,Ga,gaussian_noise,2,MC Dropout,10.510162844996483,0.6170212765957447,0.5842911877394636,0.7241379310344828,0.4444444444444444,0.7,0.6245210727969349,3.454206682620983,0.32530660342011325,0.3188880438793355,0.5689655172413792,0.42356968855528787,0.04233231428779281,0.009703725507247822,0.3829787234042553,0.021276595744680882,0.021311475409836134,-0.0022160439926882033
Exp3_JuSi_to_Ga,Ju_Si,Ga,gaussian_noise,3,Softmax,10.510162844996483,0.6382978723404256,0.6542145593869731,0.5862068965517241,0.7222222222222222,0.6666666666666666,0.6283524904214559,3.280689457415035,0.31387422102669993,0.30795804123828985,0.4509803921568627,0.3835777328079026,0.09993076364489299,0.051603760492879736,0.36170212765957444,0.0,0.05464480874316946,0.05141403031902964
Exp3_JuSi_to_Ga,Ju_Si,Ga,gaussian_noise,3,Temperature Scaling,10.510162844996483,0.6382978723404256,0.6542145593869731,0.5862068965517241,0.7222222222222222,0.6666666666666666,0.6302681992337165,1.5636845932080161,0.29851073664928385,0.3009374054899678,0.44509803921568625,0.46511896147679094,0.14234634600931115,0.14387892497082555,0.36170212765957444,0.0,0.05464480874316946,0.05294480542506147
Exp3_JuSi_to_Ga,Ju_Si,Ga,gaussian_noise,3,EDL,10.510162844996483,0.6382978723404256,0.6542145593869731,0.5862068965517241,0.7222222222222222,0.6666666666666666,0.6283524904214559,1.0660666300325738,0.2991652153736671,0.27077792208984663,0.4784313725490197,0.44121932392729374,0.07841599414744722,0.07515435091530283,0.36170212765957444,0.0,0.05464480874316946,0.0030073381190990622
Exp3_JuSi_to_Ga,Ju_Si,Ga,gaussian_noise,3,MC Dropout,10.510162844996483,0.6382978723404256,0.6542145593869731,0.5862068965517241,0.7222222222222222,0.6666666666666666,0.632183908045977,2.9197198316263027,0.31608707619511534,0.2910525407161384,0.4245098039215687,0.42365770051675505,0.09025433998119987,0.06997134632483396,0.36170212765957444,0.0,0.05464480874316946,0.04570598170071886
Exp3_JuSi_to_Ga,Ju_Si,Ga,gaussian_noise,4,Softmax,10.510162844996483,0.46808510638297873,0.5478927203065134,0.20689655172413793,0.8888888888888888,0.32432432432432434,0.6168582375478927,4.418414576312226,0.47579789321742266,0.46046879211659436,0.5163636363636364,0.3946350741980031,0.08082582478137365,0.01876516143480933,0.5319148936170213,0.17021276595744683,0.39698715108551175,0.0323090914555103
Exp3_JuSi_to_Ga,Ju_Si,Ga,gaussian_noise,4,Temperature Scaling,10.510162844996483,0.46808510638297873,0.5478927203065134,0.20689655172413793,0.8888888888888888,0.32432432432432434,0.6398467432950192,2.3677195347553566,0.4414715449572729,0.43084145553790737,0.5127272727272727,0.5601306042043624,0.11467768105187498,0.05642944698532426,0.5319148936170213,0.17021276595744683,0.39698715108551175,0.025276140467625302
Exp3_JuSi_to_Ga,Ju_Si,Ga,gaussian_noise,4,EDL,10.510162844996483,0.46808510638297873,0.5478927203065134,0.20689655172413793,0.8888888888888888,0.32432432432432434,0.6398467432950191,1.5664904806031783,0.44175787026554886,0.41859025956035645,0.5018181818181818,0.5558156435666043,0.06154849133764297,0.06161342499156793,0.5319148936170213,0.17021276595744683,0.39698715108551175,-0.013860164690705189
Exp3_JuSi_to_Ga,Ju_Si,Ga,gaussian_noise,4,MC Dropout,10.510162844996483,0.44680851063829785,0.5411877394636015,0.13793103448275862,0.9444444444444444,0.23529411764705882,0.6302681992337165,4.071317558410409,0.47495700622803044,0.46549081442786916,0.5622710622710623,0.5132793366387991,0.0816651862597928,0.029222176245648507,0.5531914893617021,0.19148936170212771,0.48601735776277727,0.03711682797931178
Exp3_JuSi_to_Ga,Ju_Si,Ga,amplitude_scaling,0,Softmax,10.510162844996483,0.6382978723404256,0.6015325670498084,0.7586206896551724,0.4444444444444444,0.7213114754098361,0.6264367816091954,4.369971048064874,0.3134857293019405,0.3201785565435421,0.5774509803921569,0.4131176644281107,0.04851673332586335,1.2744632033045988e-06,0.36170212765957444,0.0,0.0,0.0
Exp3_JuSi_to_Ga,Ju_Si,Ga,amplitude_scaling,0,Temperature Scaling,10.510162844996483,0.6382978723404256,0.6015325670498084,0.7586206896551724,0.4444444444444444,0.7213114754098361,0.5957854406130269,1.3994278704164602,0.2941148278131454,0.28178077719742406,0.5490196078431373,0.38038000576334874,0.08940154058424968,0.02159556622306502,0.36170212765957444,0.0,0.0,0.0
Exp3_JuSi_to_Ga,Ju_Si,Ga,amplitude_scaling,0,EDL,10.510162844996483,0.6382978723404256,0.6015325670498084,0.7586206896551724,0.4444444444444444,0.7213114754098361,0.5977011494252873,1.0749019536273172,0.2929927591183949,0.29263346174723526,0.5294117647058824,0.38332203604112364,0.07540865602834816,0.060888729006465935,0.36170212765957444,0.0,0.0,0.0
Exp3_JuSi_to_Ga,Ju_Si,Ga,amplitude_scaling,0,MC Dropout,10.510162844996483,0.6382978723404256,0.6015325670498084,0.7586206896551724,0.4444444444444444,0.7213114754098361,0.6063218390804598,3.6553952451163227,0.3115091877654382,0.318059327350768,0.5392156862745098,0.4098507134314932,0.04381340008238661,0.0007765893392091449,0.36170212765957444,0.0,0.0,0.0
Exp3_JuSi_to_Ga,Ju_Si,Ga,amplitude_scaling,1,Softmax,10.510162844996483,0.6170212765957447,0.5948275862068966,0.6896551724137931,0.5,0.6896551724137931,0.6340996168582375,3.899516930681026,0.33602657482709475,0.3351226811949069,0.578544061302682,0.3267270191650239,0.06410580308023212,6.560049951076508e-05,0.3829787234042553,0.021276595744680882,0.03165630299604294,0.015589069754368766
Exp3_JuSi_to_Ga,Ju_Si,Ga,amplitude_scaling,1,Temperature Scaling,10.510162844996483,0.6382978723404256,0.6120689655172413,0.7241379310344828,0.5,0.711864406779661,0.6283524904214559,1.618155108801874,0.3205255785085349,0.3092253641471437,0.5117647058823529,0.41954352330225747,0.08554198624006565,0.02062300654749072,0.36170212765957444,0.0,0.009447068630175082,-0.0038595543441840297
Exp3_JuSi_to_Ga,Ju_Si,Ga,amplitude_scaling,1,EDL,10.510162844996483,0.6170212765957447,0.5948275862068966,0.6896551724137931,0.5,0.6896551724137931,0.6283524904214559,1.15326361287514,0.31825132158554703,0.2921272156430152,0.5325670498084292,0.43749203947812404,0.06427092394968494,0.05336532100207275,0.3829787234042553,0.021276595744680882,0.03165630299604294,-0.011137732078663226
Exp3_JuSi_to_Ga,Ju_Si,Ga,amplitude_scaling,1,MC Dropout,10.510162844996483,0.6170212765957447,0.5948275862068966,0.6896551724137931,0.5,0.6896551724137931,0.646551724137931,3.725811699082445,0.3347767854331352,0.32739979109973444,0.6015325670498084,0.341894900579452,0.04104559533913905,0.007550624701994427,0.3829787234042553,0.021276595744680882,0.03165630299604294,-0.0027678047432475594
Exp3_JuSi_to_Ga,Ju_Si,Ga,amplitude_scaling,2,Softmax,10.510162844996483,0.6170212765957447,0.6159003831417624,0.6206896551724138,0.6111111111111112,0.6666666666666666,0.6551724137931034,3.7095880098033898,0.31540318589112165,0.30815178598882265,0.592911877394636,0.3022435431341757,0.08474590096529927,0.013658525842604075,0.3829787234042553,0.021276595744680882,0.05464480874316946,0.03622916763943592
Exp3_JuSi_to_Ga,Ju_Si,Ga,amplitude_scaling,2,Temperature Scaling,10.510162844996483,0.6170212765957447,0.6159003831417624,0.6206896551724138,0.6111111111111112,0.6666666666666666,0.6264367816091955,1.838411792473843,0.30911920282197447,0.30417849124094476,0.5191570881226054,0.44884756241853885,0.10037370571738873,0.01862647446493304,0.3829787234042553,0.021276595744680882,0.05464480874316946,0.010972165133139047
Exp3_JuSi_to_Ga,Ju_Si,Ga,amplitude_scaling,2,EDL,10.510162844996483,0.6170212765957447,0.6159003831417624,0.6206896551724138,0.6111111111111112,0.6666666666666666,0.632183908045977,1.1330822466236343,0.30467140770139306,0.2880666063826818,0.5114942528735632,0.4412888890561669,0.059134902682073096,0.04733183057720048,0.3829787234042553,0.021276595744680882,0.05464480874316946,-0.016273753346275066
Exp3_JuSi_to_Ga,Ju_Si,Ga,amplitude_scaling,2,MC Dropout,10.510162844996483,0.6382978723404256,0.6436781609195402,0.6206896551724138,0.6666666666666666,0.6792452830188679,0.6513409961685823,3.585814403505792,0.3138927755299035,0.29255427907270853,0.4950980392156863,0.36941004802140676,0.05057933315185657,0.012487699627120891,0.36170212765957444,0.0,0.042066192390968205,0.006765933069469966
Exp3_JuSi_to_Ga,Ju_Si,Ga,amplitude_scaling,3,Softmax,10.510162844996483,0.6382978723404256,0.6542145593869731,0.5862068965517241,0.7222222222222222,0.6666666666666666,0.6532567049808429,3.597403440639329,0.3175273898474361,0.2872458890215859,0.5117647058823529,0.2905669355422048,0.07445623863798856,0.012356821227488268,0.36170212765957444,0.0,0.05464480874316946,0.02593950531212521
Exp3_JuSi_to_Ga,Ju_Si,Ga,amplitude_scaling,3,Temperature Scaling,10.510162844996483,0.6382978723404256,0.6542145593869731,0.5862068965517241,0.7222222222222222,0.6666666666666666,0.6360153256704981,2.0467634998027227,0.3112841783972956,0.3070920389394858,0.45294117647058824,0.4499802204647026,0.09554996514612288,0.034394020175871676,0.36170212765957444,0.0,0.05464480874316946,0.0061484245618732
Exp3_JuSi_to_Ga,Ju_Si,Ga,amplitude_scaling,3,EDL,10.510162844996483,0.6382978723404256,0.6542145593869731,0.5862068965517241,0.7222222222222222,0.6666666666666666,0.6340996168582376,1.1723038189058188,0.3068099651548838,0.2735072324210953,0.4549019607843137,0.45610489522474057,0.05579079927991212,0.05055438476847485,0.36170212765957444,0.0,0.05464480874316946,-0.01961785674843604
Exp3_JuSi_to_Ga,Ju_Si,Ga,amplitude_scaling,3,MC Dropout,10.510162844996483,0.6382978723404256,0.6542145593869731,0.5862068965517241,0.7222222222222222,0.6666666666666666,0.6494252873563218,3.3549952294192633,0.3171660903005557,0.27987769009370383,0.4333333333333333,0.3788672737144606,0.05781744646817115,0.02216283562596411,0.36170212765957444,0.0,0.05464480874316946,0.014004046385784542
Exp3_JuSi_to_Ga,Ju_Si,Ga,amplitude_scaling,4,Softmax,10.510162844996483,0.6170212765957447,0.6369731800766283,0.5517241379310345,0.7222222222222222,0.64,0.6398467432950191,3.6967728893222,0.3358673098427678,0.3159532517119698,0.5153256704980843,0.3162923310065812,0.09653236492016701,0.018569049270202753,0.3829787234042553,0.021276595744680882,0.08131147540983608,0.04801563159430366
Exp3_JuSi_to_Ga,Ju_Si,Ga,amplitude_scaling,4,Temperature Scaling,10.510162844996483,0.6170212765957447,0.6369731800766283,0.5517241379310345,0.7222222222222222,0.64,0.6206896551724137,2.2425744942834016,0.328363444815748,0.315075252431265,0.4616858237547892,0.47415974172739417,0.11241720457149694,0.03749322736014926,0.3829787234042553,0.021276595744680882,0.08131147540983608,0.023015663987247262
Exp3_JuSi_to_Ga,Ju_Si,Ga,amplitude_scaling,4,EDL,10.510162844996483,0.6170212765957447,0.6369731800766283,0.5517241379310345,0.7222222222222222,0.64,0.6302681992337165,1.2260909815237504,0.32343436630657846,0.3088855211535256,0.48850574712643674,0.4570009839849466,0.05252175434286155,0.05121596757089719,0.3829787234042553,0.021276595744680882,0.08131147540983608,-0.022886901685486613
Exp3_JuSi_to_Ga,Ju_Si,Ga,amplitude_scaling,4,MC Dropout,10.510162844996483,0.5957446808510638,0.6197318007662835,0.5172413793103449,0.7222222222222222,0.6122448979591837,0.6340996168582375,3.1535823852394897,0.3389523021254794,0.3084221545599322,0.5225563909774436,0.380770301143245,0.06866610334397269,0.020788047579457666,0.4042553191489362,0.042553191489361764,0.1090665774506524,0.024852703261586083
Exp3_JuSi_to_Ga,Ju_Si,Ga,channel_dropout,0,Softmax,10.510162844996483,0.6382978723404256,0.6015325670498084,0.7586206896551724,0.4444444444444444,0.7213114754098361,0.6264367816091954,4.369971048064874,0.3134857293019405,0.3201785565435421,0.5774509803921569,0.4131176644281107,0.04851673332586335,1.2744632033045988e-06,0.36170212765957444,0.0,0.0,0.0
Exp3_JuSi_to_Ga,Ju_Si,Ga,channel_dropout,0,Temperature Scaling,10.510162844996483,0.6382978723404256,0.6015325670498084,0.7586206896551724,0.4444444444444444,0.7213114754098361,0.5957854406130269,1.3994278704164602,0.2941148278131454,0.28178077719742406,0.5490196078431373,0.38038000576334874,0.08940154058424968,0.02159556622306502,0.36170212765957444,0.0,0.0,0.0
Exp3_JuSi_to_Ga,Ju_Si,Ga,channel_dropout,0,EDL,10.510162844996483,0.6382978723404256,0.6015325670498084,0.7586206896551724,0.4444444444444444,0.7213114754098361,0.5977011494252873,1.0749019536273172,0.2929927591183949,0.29263346174723526,0.5294117647058824,0.38332203604112364,0.07540865602834816,0.060888729006465935,0.36170212765957444,0.0,0.0,0.0
Exp3_JuSi_to_Ga,Ju_Si,Ga,channel_dropout,0,MC Dropout,10.510162844996483,0.6382978723404256,0.6015325670498084,0.7586206896551724,0.4444444444444444,0.7213114754098361,0.6044061302681992,3.528705854521225,0.31117932713872487,0.331981676105331,0.5588235294117647,0.3809963891236415,0.04423836992077406,0.0013657345006250251,0.36170212765957444,0.0,0.0,0.0
Exp3_JuSi_to_Ga,Ju_Si,Ga,channel_dropout,1,Softmax,10.510162844996483,0.6808510638297872,0.6254789272030651,0.8620689655172413,0.3888888888888889,0.7692307692307693,0.6264367816091954,1.7996336023433002,0.27674623026082074,0.24143032774209583,0.4979166666666666,0.35697073639291504,0.136792194908196,0.10447369680571228,0.3191489361702128,-0.04255319148936165,-0.047919293820933184,0.08827546158233265
Exp3_JuSi_to_Ga,Ju_Si,Ga,channel_dropout,1,Temperature Scaling,10.510162844996483,0.6808510638297872,0.6254789272030651,0.8620689655172413,0.3888888888888889,0.7692307692307693,0.6264367816091954,0.8740735243078688,0.2594694444302547,0.22587227913704278,0.5083333333333333,0.29235755036888994,0.1696340859497943,0.13777560466486538,0.3191489361702128,-0.04255319148936165,-0.047919293820933184,0.08023254536554461
Exp3_JuSi_to_Ga,Ju_Si,Ga,channel_dropout,1,EDL,10.510162844996483,0.6808510638297872,0.6254789272030651,0.8620689655172413,0.3888888888888889,0.7692307692307693,0.6264367816091954,0.8357170694439154,0.2622709367403752,0.213537995885139,0.53125,0.2870147959209739,0.08565932461864087,0.08494198465875039,0.3191489361702128,-0.04255319148936165,-0.047919293820933184,0.010250668590292708
Exp3_JuSi_to_Ga,Ju_Si,Ga,channel_dropout,1,MC Dropout,10.510162844996483,0.6808510638297872,0.6254789272030651,0.8620689655172413,0.3888888888888889,0.7692307692307693,0.6379310344827587,1.5857348295421065,0.27309071309627825,0.21085607757959934,0.66875,0.22371548299059135,0.06290098239434115,0.05497890391163788,0.3191489361702128,-0.04255319148936165,-0.047919293820933184,0.01866261247356709
Exp3_JuSi_to_Ga,Ju_Si,Ga,channel_dropout,2,Softmax,10.510162844996483,0.6595744680851063,0.5766283524904214,0.9310344827586207,0.2222222222222222,0.7714285714285715,0.5766283524904214,2.1539567077028345,0.2598116272551399,0.21729189254134013,0.532258064516129,0.385753911486392,0.18939736602070656,0.15861654955140314,0.34042553191489366,-0.02127659574468077,-0.050117096018735374,0.14088063269484322
Exp3_JuSi_to_Ga,Ju_Si,Ga,channel_dropout,2,Temperature Scaling,10.510162844996483,0.6808510638297872,0.5938697318007663,0.9655172413793104,0.2222222222222222,0.7887323943661971,0.603448275862069,0.7826466436596797,0.24601361144930783,0.18600128439472752,0.5145833333333334,0.2954884454771163,0.22330679603977552,0.19427088974043727,0.3191489361702128,-0.04255319148936165,-0.06742091895636104,0.13390525545552584
Exp3_JuSi_to_Ga,Ju_Si,Ga,channel_dropout,2,EDL,10.510162844996483,0.6808510638297872,0.5938697318007663,0.9655172413793104,0.2222222222222222,0.7887323943661971,0.5977011494252873,0.8037310054565289,0.24969110330155284,0.17990642469616117,0.5645833333333333,0.2610348274831385,0.09816886966584783,0.09395530901383609,0.3191489361702128,-0.04255319148936165,-0.06742091895636104,0.022760213637499666
Exp3_JuSi_to_Ga,Ju_Si,Ga,channel_dropout,2,MC Dropout,10.510162844996483,0.7021276595744681,0.632183908045977,0.9310344827586207,0.3333333333333333,0.7941176470588235,0.5862068965517242,1.3583953424447763,0.2577677870591322,0.18846236172867178,0.5064935064935066,0.28238486270946034,0.06747309124394962,0.05640905687100343,0.2978723404255319,-0.06382978723404253,-0.0728061716489874,0.023234721323175563
Exp3_JuSi_to_Ga,Ju_Si,Ga,channel_dropout,3,Softmax,10.510162844996483,0.574468085106383,0.5076628352490422,0.7931034482758621,0.2222222222222222,0.696969696969697,0.539272030651341,1.9295823651268276,0.3033027133861799,0.23823838409717535,0.6027777777777779,0.37194613422516964,0.18729353079644165,0.2166018991901998,0.42553191489361697,0.06382978723404253,0.024341778440139072,0.1387767974705783
Exp3_JuSi_to_Ga,Ju_Si,Ga,channel_dropout,3,Temperature Scaling,10.510162844996483,0.5957446808510638,0.524904214559387,0.8275862068965517,0.2222222222222222,0.7164179104477612,0.5727969348659003,0.8364532912544413,0.2666482967511453,0.16953027097887235,0.6127819548872181,0.3404303316174247,0.23472504817006382,0.2239686530083418,0.4042553191489362,0.042553191489361764,0.004893564962074937,0.14532350758581414
Exp3_JuSi_to_Ga,Ju_Si,Ga,channel_dropout,3,EDL,10.510162844996483,0.574468085106383,0.49712643678160917,0.8275862068965517,0.16666666666666666,0.7058823529411765,0.5459770114942528,0.8638178024078341,0.2818042738382043,0.20486804472707743,0.6129629629629629,0.3477716583538323,0.10253044946324832,0.1026276069589787,0.42553191489361697,0.06382978723404253,0.015429122468659573,0.027121793434900163
Exp3_JuSi_to_Ga,Ju_Si,Ga,channel_dropout,3,MC Dropout,10.510162844996483,0.574468085106383,0.5076628352490422,0.7931034482758621,0.2222222222222222,0.696969696969697,0.539272030651341,1.4691879314474037,0.2993599017929439,0.22886715017863607,0.5259259259259259,0.38953669226990073,0.07007006470015888,0.04799797700279216,0.42553191489361697,0.06382978723404253,0.024341778440139072,0.025831694779384816
Exp3_JuSi_to_Ga,Ju_Si,Ga,channel_dropout,4,Softmax,10.510162844996483,0.6170212765957447,0.5316091954022989,0.896551724137931,0.16666666666666666,0.7428571428571429,0.5344827586206896,1.863540292129585,0.2893157932655105,0.26472287676495165,0.5134099616858238,0.41716287070853486,0.2145854034480051,0.19995225764394964,0.3829787234042553,0.021276595744680882,-0.021545667447306793,0.16606867012214177
Exp3_JuSi_to_Ga,Ju_Si,Ga,channel_dropout,4,Temperature Scaling,10.510162844996483,0.6595744680851063,0.5766283524904214,0.9310344827586207,0.2222222222222222,0.7714285714285715,0.5517241379310346,0.8401383659802907,0.26725949557873224,0.17315815398491435,0.4274193548387097,0.4147172288031028,0.26304751298158485,0.2436636841205957,0.34042553191489366,-0.02127659574468077,-0.050117096018735374,0.17364597239733517
Exp3_JuSi_to_Ga,Ju_Si,Ga,channel_dropout,4,EDL,10.510162844996483,0.6170212765957447,0.5316091954022989,0.896551724137931,0.16666666666666666,0.7428571428571429,0.5363984674329503,0.844006482951141,0.2723433483783281,0.22127776455018155,0.5057471264367817,0.42434832231299097,0.11540905936928746,0.11649328020090857,0.3829787234042553,0.021276595744680882,-0.021545667447306793,0.040000403340939295
Exp3_JuSi_to_Ga,Ju_Si,Ga,channel_dropout,4,MC Dropout,10.510162844996483,0.5957446808510638,0.514367816091954,0.8620689655172413,0.16666666666666666,0.7246376811594203,0.5402298850574712,1.6489788574387507,0.2854271624472554,0.2523080505560267,0.46052631578947373,0.452693349758298,0.09377937276916647,0.08065008154522328,0.4042553191489362,0.042553191489361764,-0.003326205749584199,0.049541002848392406
Exp3_JuSi_to_Ga,Ju_Si,Ga,temporal_masking,0,Softmax,10.510162844996483,0.6382978723404256,0.6015325670498084,0.7586206896551724,0.4444444444444444,0.7213114754098361,0.6264367816091954,4.369971048064874,0.3134857293019405,0.3201785565435421,0.5774509803921569,0.4131176644281107,0.04851673332586335,1.2744632033045988e-06,0.36170212765957444,0.0,0.0,0.0
Exp3_JuSi_to_Ga,Ju_Si,Ga,temporal_masking,0,Temperature Scaling,10.510162844996483,0.6382978723404256,0.6015325670498084,0.7586206896551724,0.4444444444444444,0.7213114754098361,0.5957854406130269,1.3994278704164602,0.2941148278131454,0.28178077719742406,0.5490196078431373,0.38038000576334874,0.08940154058424968,0.02159556622306502,0.36170212765957444,0.0,0.0,0.0
Exp3_JuSi_to_Ga,Ju_Si,Ga,temporal_masking,0,EDL,10.510162844996483,0.6382978723404256,0.6015325670498084,0.7586206896551724,0.4444444444444444,0.7213114754098361,0.5977011494252873,1.0749019536273172,0.2929927591183949,0.29263346174723526,0.5294117647058824,0.38332203604112364,0.07540865602834816,0.060888729006465935,0.36170212765957444,0.0,0.0,0.0
Exp3_JuSi_to_Ga,Ju_Si,Ga,temporal_masking,0,MC Dropout,10.510162844996483,0.6382978723404256,0.6015325670498084,0.7586206896551724,0.4444444444444444,0.7213114754098361,0.6024904214559387,3.646860095602262,0.3118502969973952,0.3325144606122835,0.5588235294117647,0.37933209985436905,0.04286222775638398,0.0008600602797711391,0.36170212765957444,0.0,0.0,0.0
Exp3_JuSi_to_Ga,Ju_Si,Ga,temporal_masking,1,Softmax,10.510162844996483,0.6808510638297872,0.6360153256704981,0.8275862068965517,0.4444444444444444,0.7619047619047619,0.6360153256704981,3.781234043611318,0.30658056252294136,0.3188272802139417,0.521875,0.38205785174466206,0.050162874140216245,8.071462309633404e-08,0.3191489361702128,-0.04255319148936165,-0.04059328649492577,0.001646140814352895
Exp3_JuSi_to_Ga,Ju_Si,Ga,temporal_masking,1,Temperature Scaling,10.510162844996483,0.6808510638297872,0.6360153256704981,0.8275862068965517,0.4444444444444444,0.7619047619047619,0.5977011494252873,1.2794846042617214,0.2873758274074879,0.23878273286263021,0.4791666666666667,0.36854291688626706,0.09463473995994831,0.02979801471034682,0.3191489361702128,-0.04255319148936165,-0.04059328649492577,0.005233199375698633
Exp3_JuSi_to_Ga,Ju_Si,Ga,temporal_masking,1,EDL,10.510162844996483,0.6808510638297872,0.6360153256704981,0.8275862068965517,0.4444444444444444,0.7619047619047619,0.5957854406130269,1.0338599562127364,0.286446635622457,0.2574060445355715,0.4708333333333334,0.368320083776789,0.08065230674858336,0.07035556047533949,0.3191489361702128,-0.04255319148936165,-0.04059328649492577,0.005243650720235193
Exp3_JuSi_to_Ga,Ju_Si,Ga,temporal_masking,1,MC Dropout,10.510162844996483,0.6808510638297872,0.6360153256704981,0.8275862068965517,0.4444444444444444,0.7619047619047619,0.6206896551724137,2.988724359558362,0.3043970931630105,0.3166294744703553,0.51875,0.3076208931031943,0.05033875010213486,0.004568386002599092,0.3191489361702128,-0.04255319148936165,-0.04059328649492577,0.007476522345750879
Exp3_JuSi_to_Ga,Ju_Si,Ga,temporal_masking,2,Softmax,10.510162844996483,0.6808510638297872,0.6254789272030651,0.8620689655172413,0.3888888888888889,0.7692307692307693,0.6455938697318008,3.723280795314257,0.29748523768058815,0.3031260584403379,0.5458333333333333,0.4211328555678337,0.04975198362100679,2.3593505149577254e-08,0.3191489361702128,-0.04255319148936165,-0.047919293820933184,0.0012352502951434377
Exp3_JuSi_to_Ga,Ju_Si,Ga,temporal_masking,2,Temperature Scaling,10.510162844996483,0.6808510638297872,0.6254789272030651,0.8620689655172413,0.3888888888888889,0.7692307692307693,0.6015325670498084,1.1863914163109377,0.2804513992099624,0.23939445828873446,0.4916666666666667,0.36397421141251274,0.10172545461293116,0.04517602672179544,0.3191489361702128,-0.04255319148936165,-0.047919293820933184,0.012323914028681479
Exp3_JuSi_to_Ga,Ju_Si,Ga,temporal_masking,2,EDL,10.510162844996483,0.6808510638297872,0.6254789272030651,0.8620689655172413,0.3888888888888889,0.7692307692307693,0.5919540229885057,0.9959655073481519,0.27963324279288077,0.2744452235639803,0.47291666666666665,0.37134360880674655,0.08676463562682482,0.07360974430210061,0.3191489361702128,-0.04255319148936165,-0.047919293820933184,0.01135597959847666
Exp3_JuSi_to_Ga,Ju_Si,Ga,temporal_masking,2,MC Dropout,10.510162844996483,0.6808510638297872,0.6254789272030651,0.8620689655172413,0.3888888888888889,0.7692307692307693,0.6417624521072797,3.0486515085383723,0.2963767263596929,0.29008910304379415,0.5166666666666666,0.3100741674723428,0.05428069455959236,0.0018968905575247673,0.3191489361702128,-0.04255319148936165,-0.047919293820933184,0.011418466803208384
Exp3_JuSi_to_Ga,Ju_Si,Ga,temporal_masking,3,Softmax,10.510162844996483,0.6808510638297872,0.6254789272030651,0.8620689655172413,0.3888888888888889,0.7692307692307693,0.6302681992337165,3.5439987624408698,0.29625985189901505,0.2829435854065423,0.5416666666666666,0.41991531214291833,0.05088257944246101,5.484869082694743e-06,0.3191489361702128,-0.04255319148936165,-0.047919293820933184,0.00236584611659766
Exp3_JuSi_to_Ga,Ju_Si,Ga,temporal_masking,3,Temperature Scaling,10.510162844996483,0.6808510638297872,0.6254789272030651,0.8620689655172413,0.3888888888888889,0.7692307692307693,0.6053639846743295,1.0973608708065166,0.2761845103805307,0.22905269235100728,0.4916666666666666,0.3636051640647784,0.11036908664888379,0.05674702798326803,0.3191489361702128,-0.04255319148936165,-0.047919293820933184,0.020967546064634107
Exp3_JuSi_to_Ga,Ju_Si,Ga,temporal_masking,3,EDL,10.510162844996483,0.6808510638297872,0.6254789272030651,0.8620689655172413,0.3888888888888889,0.7692307692307693,0.5938697318007663,0.9678799316045152,0.27790364585487976,0.2823596797560841,0.4770833333333333,0.37095839830023414,0.09177609849188716,0.08454374914678435,0.3191489361702128,-0.04255319148936165,-0.047919293820933184,0.016367442463538995
Exp3_JuSi_to_Ga,Ju_Si,Ga,temporal_masking,3,MC Dropout,10.510162844996483,0.6808510638297872,0.6254789272030651,0.8620689655172413,0.3888888888888889,0.7692307692307693,0.6111111111111112,3.0687415085256773,0.2946799962254613,0.28053398223993137,0.5,0.32180863351904027,0.05418969963571393,0.00494254641438793,0.3191489361702128,-0.04255319148936165,-0.047919293820933184,0.011327471879329948
Exp3_JuSi_to_Ga,Ju_Si,Ga,temporal_masking,4,Softmax,10.510162844996483,0.6808510638297872,0.6254789272030651,0.8620689655172413,0.3888888888888889,0.7692307692307693,0.6455938697318008,3.303360570853744,0.3031569215443428,0.3035387471424087,0.5479166666666667,0.4172738325313651,0.060543327829999334,1.0946144660350932e-05,0.3191489361702128,-0.04255319148936165,-0.047919293820933184,0.012026594504135985
Exp3_JuSi_to_Ga,Ju_Si,Ga,temporal_masking,4,Temperature Scaling,10.510162844996483,0.6808510638297872,0.6254789272030651,0.8620689655172413,0.3888888888888889,0.7692307692307693,0.611111111111111,1.0234262166259898,0.27236553149447496,0.24767162706054402,0.5083333333333333,0.35512363981006384,0.12449615250376247,0.05938916653394699,0.3191489361702128,-0.04255319148936165,-0.047919293820933184,0.0350946119195128
Exp3_JuSi_to_Ga,Ju_Si,Ga,temporal_masking,4,EDL,10.510162844996483,0.6808510638297872,0.6254789272030651,0.8620689655172413,0.3888888888888889,0.7692307692307693,0.6053639846743295,0.94635180981448,0.27963992921555614,0.2631732872406442,0.4833333333333333,0.36662998025244564,0.09670694571516877,0.08865466337495795,0.3191489361702128,-0.04255319148936165,-0.047919293820933184,0.021298289686820612
Exp3_JuSi_to_Ga,Ju_Si,Ga,temporal_masking,4,MC Dropout,10.510162844996483,0.6808510638297872,0.6254789272030651,0.8620689655172413,0.3888888888888889,0.7692307692307693,0.6312260536398467,2.9448853633014833,0.2981356620436949,0.29308576638733475,0.5270833333333333,0.3234645715927382,0.062142271153618776,0.0043886207163304075,0.3191489361702128,-0.04255319148936165,-0.047919293820933184,0.019280043397234797
Exp3_JuSi_to_Ga,Ju_Si,Ga,smoothing,0,Softmax,10.510162844996483,0.6382978723404256,0.6015325670498084,0.7586206896551724,0.4444444444444444,0.7213114754098361,0.6264367816091954,4.369971048064874,0.3134857293019405,0.3201785565435421,0.5774509803921569,0.4131176644281107,0.04851673332586335,1.2744632033045988e-06,0.36170212765957444,0.0,0.0,0.0
Exp3_JuSi_to_Ga,Ju_Si,Ga,smoothing,0,Temperature Scaling,10.510162844996483,0.6382978723404256,0.6015325670498084,0.7586206896551724,0.4444444444444444,0.7213114754098361,0.5957854406130269,1.3994278704164602,0.2941148278131454,0.28178077719742406,0.5490196078431373,0.38038000576334874,0.08940154058424968,0.02159556622306502,0.36170212765957444,0.0,0.0,0.0
Exp3_JuSi_to_Ga,Ju_Si,Ga,smoothing,0,EDL,10.510162844996483,0.6382978723404256,0.6015325670498084,0.7586206896551724,0.4444444444444444,0.7213114754098361,0.5977011494252873,1.0749019536273172,0.2929927591183949,0.29263346174723526,0.5294117647058824,0.38332203604112364,0.07540865602834816,0.060888729006465935,0.36170212765957444,0.0,0.0,0.0
Exp3_JuSi_to_Ga,Ju_Si,Ga,smoothing,0,MC Dropout,10.510162844996483,0.6382978723404256,0.6015325670498084,0.7586206896551724,0.4444444444444444,0.7213114754098361,0.6024904214559387,3.581929331706588,0.311287454830563,0.3320600852336286,0.5490196078431373,0.3893384408687922,0.04421404267113607,0.0005359229004571604,0.36170212765957444,0.0,0.0,0.0
Exp3_JuSi_to_Ga,Ju_Si,Ga,smoothing,1,Softmax,10.510162844996483,0.6808510638297872,0.6360153256704981,0.8275862068965517,0.4444444444444444,0.7619047619047619,0.6360153256704981,4.333691641073711,0.3115845319369501,0.32934583243599425,0.5041666666666667,0.4092462534091313,0.04880856450709861,1.2417633588057697e-09,0.3191489361702128,-0.04255319148936165,-0.04059328649492577,0.00029183118123526225
Exp3_JuSi_to_Ga,Ju_Si,Ga,smoothing,1,Temperature Scaling,10.510162844996483,0.6595744680851063,0.6082375478927203,0.8275862068965517,0.3888888888888889,0.75,0.5919540229885057,1.418534617324016,0.29226942937289646,0.26575664008488176,0.5080645161290323,0.38140917412448216,0.08723777009972873,0.020676950613657596,0.34042553191489366,-0.02127659574468077,-0.02868852459016391,-0.0021637704845209466
Exp3_JuSi_to_Ga,Ju_Si,Ga,smoothing,1,EDL,10.510162844996483,0.6808510638297872,0.6360153256704981,0.8275862068965517,0.4444444444444444,0.7619047619047619,0.5862068965517242,1.0705143869427576,0.2908382077809497,0.2932696125874713,0.4416666666666667,0.38768844449622053,0.07481518620626934,0.06250094200691415,0.3191489361702128,-0.04255319148936165,-0.04059328649492577,-0.0005934698220788209
Exp3_JuSi_to_Ga,Ju_Si,Ga,smoothing,1,MC Dropout,10.510162844996483,0.6808510638297872,0.6360153256704981,0.8275862068965517,0.4444444444444444,0.7619047619047619,0.603448275862069,3.7990825201690974,0.3089577794512533,0.3243438377661386,0.4604166666666667,0.3988426175473738,0.042852914427657846,0.0017805940681137214,0.3191489361702128,-0.04255319148936165,-0.04059328649492577,-0.0013611282434782268
Exp3_JuSi_to_Ga,Ju_Si,Ga,smoothing,2,Softmax,10.510162844996483,0.6595744680851063,0.6082375478927203,0.8275862068965517,0.3888888888888889,0.75,0.6168582375478927,4.334694437067682,0.3175687358941734,0.3120480498848451,0.532258064516129,0.42985439044827634,0.04442943764875081,0.0,0.34042553191489366,-0.02127659574468077,-0.02868852459016391,-0.004087295677112537
Exp3_JuSi_to_Ga,Ju_Si,Ga,smoothing,2,Temperature Scaling,10.510162844996483,0.6595744680851063,0.6082375478927203,0.8275862068965517,0.3888888888888889,0.75,0.5823754789272031,1.4211017689844976,0.2963383295021304,0.29019428627618965,0.5020161290322581,0.3809395590186831,0.08710875109103773,0.02488207072019577,0.34042553191489366,-0.02127659574468077,-0.02868852459016391,-0.002292789493211947
Exp3_JuSi_to_Ga,Ju_Si,Ga,smoothing,2,EDL,10.510162844996483,0.6595744680851063,0.6082375478927203,0.8275862068965517,0.3888888888888889,0.75,0.5804597701149425,1.078665104255496,0.29645394867570124,0.279098577776511,0.47782258064516125,0.39231550662042186,0.07593812324800449,0.06365351262502372,0.34042553191489366,-0.02127659574468077,-0.02868852459016391,0.0005294672196563266
Exp3_JuSi_to_Ga,Ju_Si,Ga,smoothing,2,MC Dropout,10.510162844996483,0.6595744680851063,0.6082375478927203,0.8275862068965517,0.3888888888888889,0.75,0.5823754789272031,3.887808507421991,0.31507418718092656,0.3071295690226137,0.4798387096774194,0.4049554345778186,0.0475261041467388,0.00015200704612868866,0.34042553191489366,-0.02127659574468077,-0.02868852459016391,0.003312061475602729
Exp3_JuSi_to_Ga,Ju_Si,Ga,smoothing,3,Softmax,10.510162844996483,0.6382978723404256,0.5804597701149425,0.8275862068965517,0.3333333333333333,0.7384615384615385,0.5842911877394636,4.537815628670702,0.33505259037066015,0.35131695418113923,0.5294117647058824,0.5010906730147889,0.042850325942102065,3.725290298461914e-09,0.36170212765957444,0.0,-0.017150063051702413,-0.005666407383761285
Exp3_JuSi_to_Ga,Ju_Si,Ga,smoothing,3,Temperature Scaling,10.510162844996483,0.6382978723404256,0.5804597701149425,0.8275862068965517,0.3333333333333333,0.7384615384615385,0.5708812260536399,1.4060088156957988,0.3063205497439066,0.2857632710658178,0.5235294117647059,0.37681282859878557,0.09083297240146092,0.03102189426620794,0.36170212765957444,0.0,-0.017150063051702413,0.00143143181721124
Exp3_JuSi_to_Ga,Ju_Si,Ga,smoothing,3,EDL,10.510162844996483,0.6382978723404256,0.5804597701149425,0.8275862068965517,0.3333333333333333,0.7384615384615385,0.5747126436781609,1.0984388698061118,0.30987471599129773,0.30589948387537064,0.5117647058823529,0.37795534437735556,0.07782338475234384,0.07249390260161212,0.36170212765957444,0.0,-0.017150063051702413,0.002414728723995674
Exp3_JuSi_to_Ga,Ju_Si,Ga,smoothing,3,MC Dropout,10.510162844996483,0.6382978723404256,0.5804597701149425,0.8275862068965517,0.3333333333333333,0.7384615384615385,0.5718390804597702,4.0350533418982755,0.33091918058583375,0.31585790102251016,0.49411764705882355,0.4170659036042304,0.046091152630255,0.0001205302855972908,0.36170212765957444,0.0,-0.017150063051702413,0.001877109959118925
Exp3_JuSi_to_Ga,Ju_Si,Ga,smoothing,4,Softmax,10.510162844996483,0.5957446808510638,0.524904214559387,0.8275862068965517,0.2222222222222222,0.7164179104477612,0.5689655172413793,4.6563727099572025,0.3301505216023097,0.3396795405962494,0.5977443609022556,0.5073435060148468,0.06457577855268688,8.278422392038465e-10,0.4042553191489362,0.042553191489361764,0.004893564962074937,0.016059045226823533
Exp3_JuSi_to_Ga,Ju_Si,Ga,smoothing,4,Temperature Scaling,10.510162844996483,0.5957446808510638,0.524904214559387,0.8275862068965517,0.2222222222222222,0.7164179104477612,0.5689655172413792,1.3758508420263633,0.3085621491627698,0.31004879215571707,0.6071428571428571,0.36957415469258886,0.1115392207090588,0.031003578255573983,0.4042553191489362,0.042553191489361764,0.004893564962074937,0.022137680124809128
Exp3_JuSi_to_Ga,Ju_Si,Ga,smoothing,4,EDL,10.510162844996483,0.5957446808510638,0.524904214559387,0.8275862068965517,0.2222222222222222,0.7164179104477612,0.5727969348659003,1.0931401000648542,0.309164581472666,0.3146742456073831,0.5714285714285714,0.3829723455922139,0.08315959637506957,0.07233939118062456,0.4042553191489362,0.042553191489361764,0.004893564962074937,0.007750940346721413
Exp3_JuSi_to_Ga,Ju_Si,Ga,smoothing,4,MC Dropout,10.510162844996483,0.6170212765957447,0.5526819923371648,0.8275862068965517,0.2777777777777778,0.7272727272727273,0.5756704980842912,3.8393149826738564,0.32719526837416646,0.3165544453193764,0.5383141762452107,0.4087694578645325,0.053647340034392026,0.0013054144871458625,0.3829787234042553,0.021276595744680882,-0.005961251862891204,0.009433297363255953
